Equipment_ID,Equipment_Type,Date,Equipment_Type_enc,Shift_enc,Road_Condition_enc,Operator_Experience_Yr,Engine_Temp_C,Oil_Pressure_bar,Vibration_mms,Fuel_Consumption_Lhr,Tyre_Pressure_PSI,Coolant_Level,Battery_Voltage_V,Hydraulic_Pressure_bar,Exhaust_Temp_C,RPM,Operating_Hours,Load_Cycles_per_Day,Temp_Oil_Ratio,Vib_RPM_Ratio,Health_Score,High_Risk,Year,Month,Day_of_Week,Failure_Type,Failure_Component,Maintenance_Priority,Days_to_Next_Failure,Failure
HEMM-D004,Dumper,2021-02-21,2,2,1,9,89.0,4.44,2.26,45.6,81.1,0.76,24.4,182.8,340.2,1742.0,4212,33,20.05,1.2974,96.6,0,2021,2,6,None,None,Low,50,0
HEMM-SC01,Scraper,2021-06-28,5,2,1,14,80.8,5.08,2.62,25.8,84.4,0.76,24.6,172.3,322.8,1797.0,720,8,15.91,1.458,98.1,0,2021,6,0,None,None,Low,160,0
HEMM-L002,Wheel Loader,2021-02-24,6,2,2,7,88.3,4.83,1.88,37.9,82.4,0.85,24.8,187.8,298.0,1913.0,11931,88,18.28,0.9827,98.4,0,2021,2,2,None,None,Medium,64,0
HEMM-E003,Excavator,2023-07-09,3,2,1,9,88.0,4.41,2.16,31.7,86.4,0.88,23.8,182.0,334.8,1817.0,306,102,19.95,1.1888,97.6,0,2023,7,6,None,None,Low,69,0
HEMM-B003,Dozer,2022-07-24,0,1,1,7,88.8,4.76,2.94,43.4,82.4,0.82,24.7,171.6,309.7,1796.0,5714,18,18.66,1.637,95.3,0,2022,7,6,None,None,Low,158,0
HEMM-G001,Grader,2022-12-06,4,2,0,9,200.0,4.73,2.36,42.5,85.0,0.77,24.1,176.9,326.6,1898.0,911,98,42.28,1.2434,41.4,1,2022,12,1,None,None,Low,62,0
HEMM-G002,Grader,2021-06-11,4,2,0,10,83.6,4.34,2.47,33.5,85.3,0.87,24.6,183.6,307.1,1836.0,10499,84,19.26,1.3453,97.8,0,2021,6,4,None,None,Medium,171,0
HEMM-D003,Dumper,2021-04-04,2,2,1,8,97.3,5.85,1.63,36.0,81.8,0.78,24.5,177.0,321.8,1601.0,4941,15,16.63,1.0181,93.8,0,2021,4,6,None,None,Low,172,0
HEMM-G002,Grader,2022-07-24,4,0,0,12,78.7,4.8,1.92,35.9,84.0,0.97,25.1,174.7,330.3,1810.0,2864,52,16.4,1.0608,100.0,0,2022,7,6,None,None,Low,121,0
HEMM-B001,Dozer,2021-05-27,0,2,1,6,92.7,4.79,1.9,42.2,76.8,0.75,20.2,169.8,322.5,1675.0,8951,98,19.35,1.1343,94.1,0,2021,5,3,Electrical Fault,Electrical,Critical,6,1
HEMM-SC01,Scraper,2022-03-26,5,2,1,11,82.3,0.5,1.94,40.0,89.5,0.84,24.6,179.8,286.5,1693.0,1116,34,164.6,1.1459,80.0,1,2022,3,5,None,None,Low,110,0
HEMM-G002,Grader,2022-07-03,4,1,2,7,77.1,4.32,1.97,44.2,76.3,0.92,23.3,194.8,363.2,1923.0,9492,117,17.85,1.0244,96.8,0,2022,7,6,None,None,Medium,152,0
HEMM-L001,Wheel Loader,2023-03-22,6,2,1,15,90.8,4.25,2.14,37.9,86.9,0.95,24.3,180.3,296.1,1879.0,2540,38,21.36,1.1389,95.4,0,2023,3,2,None,None,Low,176,0
HEMM-SC01,Scraper,2022-06-23,5,2,2,19,88.5,4.86,2.24,34.4,80.9,0.99,24.7,155.3,329.6,1893.0,7219,119,18.21,1.1833,97.1,0,2022,6,3,None,None,Low,71,0
HEMM-E003,Excavator,2021-10-11,3,2,1,16,91.5,4.01,2.09,44.5,75.6,0.77,24.6,165.6,343.8,1930.0,1689,101,22.82,1.0829,91.5,0,2021,10,0,None,None,Low,160,0
HEMM-D005,Dumper,2021-11-24,2,2,0,14,78.1,4.39,2.43,42.3,150.0,0.84,24.0,169.1,262.4,1720.0,9971,13,17.79,1.4128,98.2,0,2021,11,2,None,None,Medium,97,0
HEMM-DR02,Drill Rig,2023-12-20,1,0,2,18,96.3,4.05,2.31,64.1,83.7,0.89,25.0,177.5,304.9,1711.0,388,92,23.78,1.3501,91.2,0,2023,12,2,Fuel System Failure,Fuel System,Critical,4,1
HEMM-D004,Dumper,2022-08-25,2,0,2,6,78.5,4.44,2.35,44.5,76.6,0.92,24.3,185.0,375.7,1797.0,7633,5,17.68,1.3077,96.5,0,2022,8,3,None,None,Low,78,0
HEMM-B001,Dozer,2023-10-23,0,1,2,17,70.7,4.4,2.13,40.5,81.5,0.89,24.7,183.4,321.0,1778.0,1943,116,16.07,1.198,98.9,0,2023,10,0,None,None,Low,96,0
HEMM-L002,Wheel Loader,2022-02-12,6,1,2,12,81.2,4.59,1.5,38.9,83.5,0.89,24.6,171.9,341.1,1805.0,2846,74,17.69,0.831,100.0,0,2022,2,5,None,None,Low,46,0
HEMM-B003,Dozer,2023-09-28,0,1,0,4,88.6,5.21,1.73,29.5,84.6,0.77,10.0,174.4,317.4,1644.0,6147,117,17.01,1.0523,98.2,0,2023,9,3,None,None,Low,115,0
HEMM-E003,Excavator,2021-06-11,3,1,2,16,101.0,4.13,1.82,35.9,84.4,0.76,24.7,161.2,339.3,1749.0,1333,102,24.46,1.0406,90.2,0,2021,6,4,None,None,High,89,0
HEMM-D005,Dumper,2023-09-01,2,2,2,6,89.4,3.99,2.96,47.2,87.5,0.99,24.9,159.7,323.7,1734.0,4542,72,22.41,1.707,92.4,0,2023,9,4,None,None,Low,121,0
HEMM-E002,Excavator,2022-02-16,3,2,2,10,91.8,4.16,2.34,46.9,79.3,0.76,24.4,188.3,313.6,1780.0,6737,90,22.07,1.3146,92.8,0,2022,2,2,None,None,Low,118,0
HEMM-L002,Wheel Loader,2023-07-14,6,1,0,8,74.9,4.87,5.54,43.2,75.9,0.84,24.3,177.6,357.4,1991.0,3881,13,15.38,2.7825,86.9,1,2023,7,4,Brake Failure,Brakes,Critical,3,1
HEMM-D001,Dumper,2021-05-26,2,2,1,2,77.5,4.33,20.0,38.0,85.0,0.88,25.0,195.4,326.9,1893.0,3950,13,17.9,10.5652,45.2,1,2021,5,2,None,None,Low,113,0
HEMM-D003,Dumper,2023-11-19,2,1,1,9,69.8,5.01,1.75,48.6,84.7,0.85,24.5,182.8,307.5,1779.0,11160,67,13.93,0.9837,100.0,0,2023,11,6,None,None,Medium,119,0
HEMM-L001,Wheel Loader,2022-05-13,6,0,1,14,81.1,4.46,1.67,47.8,81.8,0.84,24.7,179.2,275.7,1939.0,3319,17,18.18,0.8613,99.7,0,2022,5,4,None,None,Low,128,0
HEMM-G001,Grader,2023-05-18,4,0,2,15,70.7,4.01,1.73,43.8,88.2,0.94,24.3,193.1,320.4,1868.0,1087,91,17.63,0.9261,97.6,0,2023,5,3,None,None,Low,129,0
HEMM-D004,Dumper,2021-05-05,2,0,1,11,82.5,4.39,1.75,47.6,86.3,0.86,24.0,167.9,343.2,1879.0,1990,36,18.79,0.9313,99.4,0,2021,5,2,None,None,Low,173,0
HEMM-DR02,Drill Rig,2021-10-15,1,0,1,6,79.4,4.5,1.16,46.9,80.8,0.78,24.9,184.1,308.7,1718.0,4763,64,17.64,0.6752,99.5,0,2021,10,4,None,None,Low,36,0
HEMM-D003,Dumper,2023-06-27,2,2,2,4,86.9,3.92,1.85,42.4,81.1,0.79,23.7,180.8,341.2,1824.0,1028,88,22.17,1.0143,95.8,0,2023,6,1,None,None,Low,115,0
HEMM-D003,Dumper,2022-04-30,2,1,1,14,79.3,4.41,2.12,45.4,85.4,0.78,24.4,177.0,319.9,1732.0,8156,66,17.98,1.224,99.2,0,2022,4,5,None,None,Medium,90,0
HEMM-D002,Dumper,2021-12-04,2,0,0,1,84.6,4.72,2.29,32.5,85.0,0.85,24.1,179.5,268.7,1914.0,6596,38,17.92,1.1964,99.1,0,2021,12,5,None,None,Low,87,0
HEMM-SC01,Scraper,2023-09-24,5,1,1,7,86.8,4.51,2.04,34.1,82.1,0.91,24.7,175.7,357.2,1920.0,5061,32,19.25,1.0625,99.0,0,2023,9,6,None,None,Low,173,0
HEMM-SC01,Scraper,2021-05-05,5,2,2,11,99.5,4.46,2.08,33.6,81.1,0.83,24.7,169.6,293.0,1744.0,1136,11,22.31,1.1927,92.0,0,2021,5,2,None,None,Low,57,0
HEMM-L002,Wheel Loader,2021-11-19,6,1,1,17,85.35,4.64,5.89,42.9,85.0,0.85,25.2,191.8,310.6,1843.0,1512,113,18.39,3.1959,88.2,1,2021,11,4,Brake Failure,Brakes,Critical,1,1
HEMM-G002,Grader,2021-09-03,4,2,1,8,95.8,4.46,1.81,46.2,82.9,0.98,25.3,186.0,307.1,1936.0,9685,81,21.48,0.9349,94.4,0,2021,9,4,None,None,Medium,114,0
HEMM-DR01,Drill Rig,2023-12-07,1,0,2,9,76.5,4.44,2.05,40.6,84.8,0.9,23.9,171.7,313.9,1824.0,3546,90,17.23,1.1239,99.6,0,2023,12,3,None,None,Low,147,0
HEMM-B001,Dozer,2023-03-22,0,1,1,10,101.4,4.29,6.53,35.2,60.4,0.86,24.8,192.1,324.1,1805.0,7691,45,23.64,3.6177,68.5,1,2023,3,2,Tyre Burst,Tyres,Critical,1,1
HEMM-SC01,Scraper,2022-03-13,5,2,1,9,92.1,4.45,2.08,27.1,80.1,0.91,25.2,163.0,318.9,1838.0,2370,49,20.7,1.1317,95.2,0,2022,3,6,None,None,Low,82,0
HEMM-G001,Grader,2022-08-07,4,1,0,15,84.7,4.04,1.76,28.9,85.7,0.88,25.7,169.0,352.2,1719.0,9100,95,20.97,1.0239,97.7,0,2022,8,6,None,None,Medium,161,0
HEMM-L002,Wheel Loader,2021-01-17,6,2,1,18,80.9,4.08,1.97,42.8,78.1,0.8,24.8,171.8,308.8,1657.0,5105,89,19.83,1.1889,96.3,0,2021,1,6,None,None,Low,63,0
HEMM-D005,Dumper,2022-06-26,2,1,0,4,83.5,4.35,1.67,34.9,80.9,0.87,24.6,199.7,312.4,1694.0,9264,24,19.2,0.9858,98.8,0,2022,6,6,None,None,Medium,110,0
HEMM-E002,Excavator,2022-12-04,3,1,0,9,91.8,4.25,1.71,40.9,79.8,0.87,23.9,164.8,347.3,1964.0,8480,67,21.6,0.8707,94.5,0,2022,12,6,None,None,Medium,43,0
HEMM-D002,Dumper,2021-07-09,2,2,1,14,83.0,4.85,2.19,36.2,85.6,0.85,24.6,175.1,325.2,1671.0,4733,10,17.11,1.3106,99.4,0,2021,7,4,None,None,Low,46,0
HEMM-D005,Dumper,2022-06-21,2,1,0,15,79.8,4.07,2.67,42.4,82.0,0.77,25.2,203.7,340.3,1756.0,9238,95,19.61,1.5205,95.8,0,2022,6,1,None,None,Medium,112,0
HEMM-D004,Dumper,2021-06-04,2,2,0,5,97.7,3.89,1.55,39.1,85.4,0.81,23.5,179.8,307.7,1674.0,9138,9,25.12,0.9259,90.6,0,2021,6,4,None,None,Medium,141,0
HEMM-D005,Dumper,2023-05-31,2,1,1,2,81.9,4.33,1.67,35.3,72.0,1.0,24.8,177.6,301.8,1742.0,5250,51,18.91,0.9587,95.2,0,2023,5,2,None,None,Low,91,0
HEMM-E002,Excavator,2022-05-27,3,2,2,4,91.0,4.54,2.3,29.7,84.2,0.94,24.2,170.0,325.6,1526.0,5994,104,20.04,1.5072,96.1,0,2022,5,4,None,None,Low,142,0
HEMM-DR01,Drill Rig,2021-11-13,1,1,0,6,99.8,3.58,6.89,38.7,85.1,0.83,24.5,162.7,344.8,1564.0,3100,117,27.88,4.4054,73.3,1,2021,11,5,Transmission Failure,Transmission,Critical,5,1
HEMM-E003,Excavator,2022-07-01,3,1,1,4,69.4,4.83,1.55,40.6,87.8,0.87,23.6,169.7,323.4,1809.0,6467,116,14.37,0.8568,100.0,0,2022,7,4,None,None,Low,105,0
HEMM-E003,Excavator,2022-02-13,3,0,1,12,90.3,4.42,2.23,40.5,85.1,0.96,24.8,174.3,306.4,1874.0,5200,110,20.43,1.19,96.3,0,2022,2,6,None,None,Low,118,0
HEMM-E002,Excavator,2023-03-28,3,0,0,9,86.9,4.39,2.38,36.7,87.2,0.84,23.6,176.5,320.4,1968.0,1337,103,19.79,1.2093,97.4,0,2023,3,1,None,None,Low,174,0
HEMM-L002,Wheel Loader,2023-03-30,6,2,1,18,83.1,4.83,2.36,38.5,78.5,0.98,24.6,165.2,342.9,1834.0,5625,8,17.2,1.2868,97.5,0,2023,3,3,None,None,Low,62,0
HEMM-B001,Dozer,2022-01-01,0,2,2,9,81.7,4.89,2.03,35.6,83.6,0.83,24.9,171.4,321.4,1752.0,826,18,16.71,1.1587,99.9,0,2022,1,5,None,None,Low,39,0
HEMM-B003,Dozer,2023-06-13,0,2,2,17,98.1,4.48,2.03,33.3,78.9,0.9,23.4,211.7,323.6,1543.0,2094,54,21.9,1.3156,92.0,0,2023,6,1,None,None,Low,159,0
HEMM-D002,Dumper,2023-06-13,2,1,2,17,81.9,4.51,1.95,46.5,84.1,0.9,23.9,173.2,286.4,1739.0,9021,92,18.16,1.1213,100.0,0,2023,6,1,None,None,Medium,136,0
HEMM-E002,Excavator,2023-01-16,3,0,2,3,87.2,4.05,2.98,38.6,82.4,0.92,24.9,182.2,328.8,1825.0,11082,47,21.53,1.6329,93.7,0,2023,1,0,None,None,Medium,151,0
HEMM-D004,Dumper,2022-09-08,2,2,0,10,75.9,4.25,1.8,40.1,80.4,0.83,24.0,172.7,288.3,1942.0,11126,57,17.86,0.9269,98.1,0,2022,9,3,None,None,Medium,82,0
HEMM-B002,Dozer,2021-09-18,0,1,2,14,93.6,4.27,2.34,26.4,81.1,0.84,24.8,176.6,353.4,1774.0,11094,53,21.92,1.3191,93.2,0,2021,9,5,None,None,Medium,54,0
HEMM-E001,Excavator,2022-09-09,3,0,0,18,73.0,3.42,1.98,36.8,84.8,0.9,24.0,185.2,304.0,1784.0,206,43,21.35,1.1099,94.6,0,2022,9,4,None,None,High,133,0
HEMM-B003,Dozer,2023-08-11,0,0,2,15,105.6,4.52,2.01,37.9,82.8,0.8,24.4,205.7,297.9,1939.0,11269,32,23.36,1.0366,89.7,0,2023,8,4,None,None,High,142,0
HEMM-E001,Excavator,2021-06-23,3,0,2,17,63.7,5.0,1.17,36.3,80.5,0.97,24.4,185.3,336.7,1667.0,11076,86,12.74,0.7019,99.4,0,2021,6,2,None,None,Medium,153,0
HEMM-E003,Excavator,2022-09-28,3,1,1,7,94.8,3.63,1.69,34.9,92.3,0.83,24.6,189.6,323.5,1972.0,2614,8,26.12,0.857,90.8,0,2022,9,2,None,None,Low,64,0
HEMM-L001,Wheel Loader,2021-05-30,6,0,1,14,88.5,4.83,1.62,39.2,83.0,0.85,24.0,186.2,331.9,1769.0,10518,78,18.32,0.9158,98.2,0,2021,5,6,None,None,Medium,36,0
HEMM-G002,Grader,2023-10-10,4,0,2,8,95.9,3.72,6.38,42.4,84.1,0.91,24.6,190.1,309.9,1401.0,2617,88,25.78,4.5539,77.5,1,2023,10,1,Transmission Failure,Transmission,Critical,1,1
HEMM-E003,Excavator,2021-12-27,3,2,2,17,84.2,3.8,1.78,42.9,81.9,0.95,24.3,179.4,326.2,1629.0,7811,11,22.16,1.0927,96.5,0,2021,12,0,None,None,Low,54,0
HEMM-D004,Dumper,2023-07-24,2,1,2,15,80.0,4.33,1.48,38.5,75.5,0.89,24.8,190.3,329.5,1826.0,11137,72,18.48,0.8105,96.6,0,2023,7,0,None,None,Medium,41,0
HEMM-DR02,Drill Rig,2023-10-31,1,0,1,18,85.35,4.46,2.92,43.9,83.0,0.85,24.3,194.5,327.4,1788.0,7505,119,19.14,1.6331,96.9,0,2023,10,1,None,None,Low,80,0
HEMM-L001,Wheel Loader,2023-07-11,6,0,2,8,86.2,4.41,2.33,37.4,85.0,0.99,25.3,185.2,317.6,1795.0,10647,40,19.55,1.2981,98.0,0,2023,7,1,None,None,Medium,65,0
HEMM-E003,Excavator,2022-07-17,3,0,1,3,76.0,4.01,2.06,39.2,82.9,0.99,24.7,169.5,277.6,1765.0,11890,41,18.95,1.1671,97.4,0,2022,7,6,None,None,Medium,69,0
HEMM-B003,Dozer,2021-06-15,0,1,2,5,84.7,5.21,7.64,47.1,48.7,0.95,24.2,169.1,338.6,1624.0,3988,54,16.26,4.7044,69.8,1,2021,6,1,Tyre Burst,Tyres,Critical,3,1
HEMM-DR01,Drill Rig,2023-04-15,1,0,1,18,94.2,4.77,2.4,33.7,82.2,0.99,24.8,192.9,336.1,1893.0,7833,58,19.75,1.2678,94.2,0,2023,4,5,None,None,Low,54,0
HEMM-DR01,Drill Rig,2023-03-09,1,2,0,1,87.1,4.79,1.89,38.6,80.8,0.9,18.8,160.5,314.4,1836.0,9632,53,18.18,1.0294,98.5,0,2023,3,3,Electrical Fault,Electrical,Critical,5,1
HEMM-G002,Grader,2023-05-09,4,2,1,18,80.3,4.95,1.97,35.7,85.5,0.96,24.5,175.4,311.3,1769.0,10083,119,16.22,1.1136,100.0,0,2023,5,1,None,None,Medium,127,0
HEMM-B001,Dozer,2023-06-12,0,0,2,1,85.6,4.91,1.17,31.6,87.3,0.88,24.7,192.3,336.7,1535.0,6571,48,17.43,0.7622,99.7,0,2023,6,0,None,None,Low,137,0
HEMM-G002,Grader,2021-12-05,4,0,1,5,90.8,4.53,2.43,35.4,87.6,0.87,25.0,183.1,286.4,1624.0,10395,73,20.04,1.4963,95.8,0,2021,12,6,None,None,Medium,162,0
HEMM-D001,Dumper,2021-06-21,2,2,0,14,70.1,4.38,2.18,41.7,75.6,0.98,24.8,170.5,314.5,1856.0,2423,115,16.0,1.1746,96.3,0,2021,6,0,None,None,Low,68,0
HEMM-B001,Dozer,2023-02-16,0,0,0,7,72.7,5.42,1.73,43.8,88.5,0.88,24.2,174.7,307.5,1744.0,7649,46,13.41,0.992,100.0,0,2023,2,3,None,None,Low,32,0
HEMM-G002,Grader,2022-07-24,4,0,1,9,88.7,4.7,1.5,40.9,92.0,0.88,24.7,181.1,285.8,1817.0,1541,65,18.87,0.8255,98.2,0,2022,7,6,None,None,Low,32,0
HEMM-D002,Dumper,2022-12-18,2,1,1,3,85.0,4.28,2.25,39.0,75.9,0.9,24.1,181.6,312.7,1858.0,10878,10,19.86,1.211,95.7,0,2022,12,6,None,None,Medium,58,0
HEMM-E002,Excavator,2021-02-11,3,2,0,5,87.3,4.63,2.26,48.1,81.3,0.84,24.1,188.8,301.0,1716.0,4108,21,18.86,1.317,97.8,0,2021,2,3,None,None,Low,89,0
HEMM-E002,Excavator,2023-08-11,3,2,2,9,84.9,4.52,2.41,38.8,85.5,0.92,25.1,181.3,323.1,1973.0,6243,26,18.78,1.2215,98.8,0,2023,8,4,None,None,Low,109,0
HEMM-D004,Dumper,2021-12-02,2,0,0,4,92.5,4.67,2.16,41.6,84.0,0.92,24.9,193.8,333.0,1783.0,9681,8,19.81,1.2114,95.8,0,2021,12,3,None,None,Medium,136,0
HEMM-G002,Grader,2023-03-24,4,2,2,7,86.2,4.59,1.94,33.9,85.4,0.8,24.4,174.1,300.2,1815.0,1445,80,18.78,1.0689,99.4,0,2023,3,4,None,None,Low,127,0
HEMM-E003,Excavator,2021-07-28,3,2,1,10,90.2,5.37,1.88,39.1,83.0,0.99,25.3,192.1,291.2,1818.0,11410,81,16.8,1.0341,97.4,0,2021,7,2,None,None,Medium,97,0
HEMM-D002,Dumper,2022-12-13,2,2,1,14,88.3,4.93,1.59,38.7,79.2,0.84,24.3,181.3,327.3,1747.0,11038,52,17.91,0.9101,97.2,0,2022,12,1,None,None,Medium,36,0
HEMM-B003,Dozer,2021-01-26,0,0,0,16,94.1,4.32,1.95,31.9,82.4,0.96,25.1,188.3,310.1,1728.0,1929,60,21.78,1.1285,94.6,0,2021,1,1,None,None,Low,56,0
HEMM-DR02,Drill Rig,2021-11-10,1,0,0,6,90.8,3.76,1.77,43.8,78.3,0.94,24.7,177.1,330.0,1972.0,8748,88,24.15,0.8976,91.9,0,2021,11,2,None,None,Medium,56,0
HEMM-SC01,Scraper,2023-09-18,5,0,0,14,87.7,4.68,2.23,40.2,84.6,0.78,25.2,192.5,329.8,1697.0,9907,39,18.74,1.3141,98.0,0,2023,9,0,None,None,Medium,46,0
HEMM-D003,Dumper,2022-07-26,2,0,2,8,84.6,3.93,2.24,30.6,83.3,0.79,23.8,191.5,290.9,1997.0,7813,77,21.53,1.1217,96.4,0,2022,7,1,None,None,Low,93,0
HEMM-B003,Dozer,2021-02-28,0,0,1,11,82.8,4.49,1.93,34.6,91.9,0.82,24.3,187.9,328.5,1703.0,3179,67,18.44,1.1333,100.0,0,2021,2,6,None,None,Low,174,0
HEMM-B001,Dozer,2022-11-29,0,0,0,20,84.6,4.57,1.64,37.9,80.5,0.8,25.1,173.4,340.5,1809.0,11688,117,18.51,0.9066,99.4,0,2022,11,1,None,None,Medium,106,0
HEMM-L002,Wheel Loader,2022-01-27,6,1,0,8,83.6,4.46,2.08,32.7,86.0,0.8,24.8,194.0,338.5,1806.0,11997,57,18.74,1.1517,99.6,0,2022,1,3,None,None,Medium,143,0
HEMM-E003,Excavator,2023-09-03,3,2,1,16,79.8,3.69,6.28,36.3,91.7,0.92,25.6,191.7,318.0,1725.0,7542,106,21.63,3.6406,83.1,1,2023,9,6,Transmission Failure,Transmission,Critical,3,1
HEMM-E003,Excavator,2022-09-20,3,2,2,19,76.7,4.29,2.25,43.6,93.9,0.93,24.5,180.4,322.4,1861.0,6246,65,17.88,1.209,98.2,0,2022,9,1,None,None,Low,122,0
HEMM-DR01,Drill Rig,2022-11-09,1,0,0,15,76.8,3.96,1.85,36.3,83.4,0.99,25.1,177.3,347.7,1876.0,4638,44,19.39,0.9861,97.3,0,2022,11,2,None,None,Low,155,0
HEMM-E002,Excavator,2022-10-09,3,1,1,18,86.8,4.92,2.67,35.7,86.3,0.98,24.5,163.7,308.5,1880.0,11507,28,17.64,1.4202,97.1,0,2022,10,6,None,None,Medium,41,0
HEMM-L001,Wheel Loader,2022-07-21,6,2,0,19,86.4,4.23,1.09,35.6,84.5,0.94,25.3,164.6,292.3,1944.0,8795,81,20.43,0.5607,98.0,0,2022,7,3,None,None,Medium,31,0
HEMM-E002,Excavator,2022-08-30,3,1,1,12,87.6,4.38,1.34,37.7,81.4,0.88,25.0,191.5,285.2,1764.0,3139,43,20.0,0.7596,97.9,0,2022,8,1,None,None,Low,57,0
HEMM-D005,Dumper,2022-07-16,2,1,2,2,76.0,4.82,1.5,43.5,79.2,0.78,24.5,184.8,321.5,1672.0,9266,42,15.77,0.8971,98.9,0,2022,7,5,None,None,Medium,39,0
HEMM-L001,Wheel Loader,2021-07-30,6,1,0,19,77.9,4.67,2.88,31.7,76.8,0.9,23.7,185.0,276.9,1871.0,4858,65,16.68,1.5393,95.3,0,2021,7,4,None,None,Low,85,0
HEMM-E001,Excavator,2021-04-16,3,0,1,16,92.8,4.91,2.1,36.7,81.2,0.82,24.5,173.1,317.4,1697.0,2069,110,18.9,1.2375,95.5,0,2021,4,4,None,None,Low,88,0
HEMM-D003,Dumper,2021-04-20,2,1,1,5,85.6,3.7,2.37,39.7,86.0,0.87,23.1,171.3,328.1,1706.0,9421,43,23.14,1.3892,94.6,0,2021,4,1,None,None,Medium,148,0
HEMM-D004,Dumper,2023-05-03,2,2,2,20,90.2,4.34,1.83,34.4,83.9,0.81,24.4,179.7,333.4,1748.0,10332,33,20.78,1.0469,96.6,0,2023,5,2,None,None,Medium,76,0
HEMM-DR02,Drill Rig,2022-09-01,1,2,2,14,81.4,4.53,6.03,40.2,77.7,0.91,24.8,196.3,297.1,2012.0,5203,77,17.97,2.997,86.2,1,2022,9,3,Brake Failure,Brakes,Critical,1,1
HEMM-E002,Excavator,2022-06-26,3,2,1,3,79.0,4.63,2.17,46.1,83.8,0.97,23.7,170.7,340.9,1857.0,2773,35,17.06,1.1686,99.5,0,2022,6,6,None,None,Low,111,0
HEMM-E001,Excavator,2021-01-06,3,0,0,15,82.1,4.8,1.87,42.7,85.9,0.83,23.8,193.4,351.7,1598.0,11494,81,17.1,1.1702,100.0,0,2021,1,2,None,None,Medium,122,0
HEMM-E003,Excavator,2022-08-14,3,2,0,10,93.6,3.88,1.88,31.5,79.6,0.77,20.7,190.1,306.2,2025.0,11717,115,24.12,0.9284,91.6,0,2022,8,6,Electrical Fault,Electrical,Critical,3,1
HEMM-E002,Excavator,2023-05-21,3,1,1,18,72.0,4.57,1.03,35.3,88.5,0.93,24.7,193.2,321.7,1892.0,3883,87,15.75,0.5444,100.0,0,2023,5,6,None,None,Low,146,0
HEMM-D005,Dumper,2021-05-27,2,1,2,6,83.7,4.4,2.16,37.1,84.2,0.78,23.7,179.0,300.2,1690.0,5239,81,19.02,1.2781,99.0,0,2021,5,3,None,None,Low,64,0
HEMM-B002,Dozer,2023-06-19,0,1,2,15,78.4,4.57,1.71,45.8,77.8,0.96,24.5,174.6,330.3,1895.0,11483,43,17.16,0.9024,98.3,0,2023,6,0,None,None,Medium,71,0
HEMM-B001,Dozer,2023-10-22,0,2,2,16,103.3,4.44,2.32,54.0,72.9,0.78,25.8,184.1,331.6,1916.0,7372,15,23.27,1.2109,86.0,0,2023,10,6,Fuel System Failure,Fuel System,Critical,6,1
HEMM-B001,Dozer,2021-02-22,0,1,2,8,87.5,5.1,1.66,32.7,84.8,0.92,24.7,185.9,333.6,1776.0,11247,112,17.16,0.9347,98.8,0,2021,2,0,None,None,Medium,98,0
HEMM-D001,Dumper,2022-07-06,2,2,2,2,85.35,4.71,1.71,36.2,83.8,0.77,24.5,178.5,339.3,2021.0,3070,65,18.12,0.8461,99.8,0,2022,7,2,None,None,Low,167,0
HEMM-B001,Dozer,2022-01-07,0,2,0,14,90.9,3.96,2.27,30.3,79.5,0.86,25.4,190.4,309.6,1635.0,10600,109,22.95,1.3884,92.5,0,2022,1,4,None,None,Medium,61,0
HEMM-L001,Wheel Loader,2022-12-14,6,0,1,11,93.4,4.35,1.92,35.1,77.9,0.81,24.2,178.0,304.8,1803.0,5460,90,21.47,1.0649,93.4,0,2022,12,2,None,None,Low,34,0
HEMM-B003,Dozer,2023-04-24,0,2,0,16,86.6,4.26,2.25,30.2,77.6,0.86,24.9,165.0,293.4,1799.0,4922,89,20.33,1.2507,95.5,0,2023,4,0,None,None,Low,145,0
HEMM-SC01,Scraper,2021-03-17,5,0,0,3,135.4,4.54,1.73,38.9,84.5,0.59,24.4,171.0,374.4,1924.0,5353,37,29.82,0.8992,74.8,1,2021,3,2,Engine Overheat,Engine,Critical,6,1
HEMM-SC01,Scraper,2023-08-05,5,0,0,2,91.9,4.81,2.31,32.2,81.1,0.95,24.3,183.0,340.0,1676.0,3273,71,19.11,1.3783,95.3,0,2023,8,5,None,None,Low,171,0
HEMM-L001,Wheel Loader,2023-06-25,6,1,1,7,85.2,4.38,1.84,32.2,75.8,0.84,24.5,163.9,309.0,1881.0,4575,75,19.45,0.9782,96.8,0,2023,6,6,None,None,Low,84,0
HEMM-DR02,Drill Rig,2023-09-20,1,1,1,1,88.6,4.29,2.68,47.5,82.1,0.85,23.3,201.9,333.6,1837.0,10522,82,20.65,1.4589,95.1,0,2023,9,2,None,None,Medium,163,0
HEMM-B002,Dozer,2021-01-29,0,2,1,14,101.0,4.36,1.82,35.3,85.9,0.76,24.3,174.6,321.7,1855.0,1727,33,23.17,0.9811,91.3,0,2021,1,4,None,None,High,39,0
HEMM-D004,Dumper,2021-11-12,2,0,0,10,83.2,4.58,2.99,36.5,79.4,0.88,24.8,169.3,313.9,1739.0,8537,95,18.17,1.7194,96.0,0,2021,11,4,None,None,Medium,54,0
HEMM-L001,Wheel Loader,2023-08-26,6,1,0,15,83.5,4.46,1.97,35.9,83.2,0.9,24.9,175.4,286.9,1926.0,9231,23,18.72,1.0228,99.8,0,2023,8,5,None,None,Medium,60,0
HEMM-L002,Wheel Loader,2021-10-07,6,1,2,9,79.5,4.47,1.77,35.9,80.5,0.78,24.1,176.1,323.4,1816.0,6998,48,17.79,0.9747,99.2,0,2021,10,3,None,None,Low,46,0
HEMM-D001,Dumper,2022-08-03,2,2,2,10,85.0,4.21,1.72,40.5,77.9,0.96,24.9,186.7,354.3,1694.0,9816,79,20.19,1.0153,96.9,0,2022,8,2,None,None,Medium,36,0
HEMM-D005,Dumper,2023-07-04,2,2,2,16,69.4,5.58,1.84,32.2,81.1,0.95,24.0,197.5,335.9,1846.0,5854,47,12.44,0.9967,99.6,0,2023,7,1,None,None,Low,42,0
HEMM-G002,Grader,2023-07-22,4,0,2,7,75.5,4.49,2.23,38.6,78.1,0.86,23.9,179.6,343.4,1714.0,11627,35,16.82,1.3011,97.7,0,2023,7,5,None,None,Medium,71,0
HEMM-DR01,Drill Rig,2021-03-31,1,0,0,16,87.3,4.58,2.46,32.4,75.6,0.96,24.3,201.6,307.9,1874.0,11754,108,19.06,1.3127,94.9,0,2021,3,2,None,None,Medium,108,0
HEMM-D005,Dumper,2023-10-12,2,1,0,5,87.4,4.45,2.39,37.8,83.0,0.76,25.0,185.8,271.3,1819.0,8429,80,19.64,1.3139,97.4,0,2023,10,3,None,None,Medium,139,0
HEMM-DR02,Drill Rig,2021-07-24,1,2,1,15,76.4,3.79,2.5,38.9,81.5,0.77,24.1,189.5,320.7,1732.0,451,97,20.16,1.4434,94.8,0,2021,7,5,None,None,Low,102,0
HEMM-D005,Dumper,2021-06-03,2,0,2,9,90.7,4.0,1.8,39.4,78.3,0.94,24.7,201.7,307.1,1893.0,5746,84,22.68,0.9509,93.2,0,2021,6,3,None,None,Low,31,0
HEMM-D003,Dumper,2022-11-04,2,2,2,18,96.6,5.22,2.3,41.0,78.6,0.83,24.7,169.6,280.7,2006.0,6426,45,18.51,1.1466,91.9,0,2022,11,4,None,None,Low,51,0
HEMM-L001,Wheel Loader,2021-03-15,6,2,2,3,76.2,4.63,1.93,37.8,90.2,0.75,24.9,176.4,326.0,1634.0,4046,85,16.46,1.1812,100.0,0,2021,3,0,None,None,Low,178,0
HEMM-E003,Excavator,2021-07-05,3,0,1,4,83.0,5.14,2.2,41.7,84.7,0.79,25.1,183.3,320.6,1791.0,10583,95,16.15,1.2284,99.4,0,2021,7,0,None,None,Medium,56,0
HEMM-B002,Dozer,2021-03-01,0,1,0,11,84.3,4.49,2.21,35.9,78.2,0.85,24.9,188.5,302.8,1824.0,1119,42,18.78,1.2116,97.8,0,2021,3,0,None,None,Low,52,0
HEMM-D005,Dumper,2022-05-16,2,2,1,14,91.0,3.28,7.0,41.4,81.4,0.75,23.9,188.3,301.5,1544.0,9472,92,27.74,4.5337,75.7,1,2022,5,0,Transmission Failure,Transmission,Critical,1,1
HEMM-E003,Excavator,2023-10-17,3,2,2,5,81.6,4.11,2.59,46.2,92.5,0.96,24.7,183.2,335.5,1912.0,4004,64,19.85,1.3546,96.3,0,2023,10,1,None,None,Low,173,0
HEMM-B001,Dozer,2021-01-20,0,0,1,10,81.4,4.17,1.67,27.5,84.4,0.9,20.5,165.8,284.8,1647.0,11301,74,19.52,1.014,98.4,0,2021,1,2,Electrical Fault,Electrical,Critical,5,1
HEMM-DR01,Drill Rig,2022-05-28,1,0,0,10,105.4,4.89,1.9,63.0,82.3,0.78,24.9,170.1,319.6,1733.0,3463,54,21.55,1.0964,89.8,0,2022,5,5,Fuel System Failure,Fuel System,Critical,6,1
HEMM-B002,Dozer,2022-08-28,0,1,2,13,93.7,3.93,2.18,33.9,84.2,0.88,24.3,171.0,313.9,1712.0,4697,6,23.84,1.2734,92.3,0,2022,8,6,None,None,Low,92,0
HEMM-D002,Dumper,2023-10-15,2,0,0,8,91.3,4.69,1.45,38.9,84.3,0.86,25.1,185.8,315.5,1704.0,10146,107,19.47,0.8509,96.8,0,2023,10,6,None,None,Medium,107,0
HEMM-E002,Excavator,2022-05-29,3,2,2,5,91.8,4.85,2.14,38.2,84.0,0.9,24.1,196.8,334.7,1742.0,10493,17,18.93,1.2285,96.2,0,2022,5,6,None,None,Medium,93,0
HEMM-B002,Dozer,2023-06-22,0,1,1,19,85.35,4.71,1.79,42.2,70.5,0.78,24.6,176.2,262.6,1784.0,6177,98,18.12,1.0034,95.2,0,2023,6,3,Fuel System Failure,Fuel System,Critical,4,1
HEMM-DR01,Drill Rig,2021-12-26,1,1,0,5,81.3,4.36,2.29,37.1,80.7,0.82,24.5,170.5,300.9,1693.0,9037,117,18.65,1.3526,97.9,0,2021,12,6,None,None,Medium,99,0
HEMM-B001,Dozer,2021-12-03,0,0,0,16,69.5,4.49,1.7,25.9,85.5,0.84,24.6,180.9,334.0,1810.0,5035,100,15.48,0.9392,100.0,0,2021,12,4,None,None,Low,149,0
HEMM-DR02,Drill Rig,2021-06-04,1,1,2,8,92.1,4.13,1.56,40.8,76.7,0.99,25.7,163.8,343.3,1727.0,11280,97,22.3,0.9033,92.5,0,2021,6,4,None,None,Medium,100,0
HEMM-SC01,Scraper,2023-01-20,5,1,2,13,78.5,4.69,2.77,43.1,72.9,0.95,22.1,189.4,331.0,1756.0,428,38,16.74,1.5774,94.0,0,2023,1,4,Electrical Fault,Electrical,Critical,5,1
HEMM-G002,Grader,2023-01-31,4,1,2,8,81.4,5.3,2.71,32.8,79.2,0.88,24.5,178.2,347.5,1735.0,7924,8,15.36,1.562,96.8,0,2023,1,1,None,None,Low,49,0
HEMM-SC01,Scraper,2022-11-03,5,2,2,8,78.6,5.13,2.11,39.8,78.7,0.79,25.3,183.8,356.6,2002.0,10811,13,15.32,1.0539,98.4,0,2022,11,3,None,None,Medium,160,0
HEMM-B002,Dozer,2023-04-17,0,1,0,5,85.7,4.85,1.61,38.0,86.2,0.85,24.8,181.1,291.2,1892.0,942,9,17.67,0.851,99.6,0,2023,4,0,None,None,Low,114,0
HEMM-D004,Dumper,2021-07-19,2,1,0,18,79.7,4.92,1.45,24.2,86.3,0.89,24.7,168.8,335.8,1773.0,2422,54,16.2,0.8178,100.0,0,2021,7,0,None,None,Low,136,0
HEMM-SC01,Scraper,2023-05-09,5,2,1,5,80.6,4.29,2.12,41.8,81.2,0.9,23.9,180.2,348.2,1792.0,6997,88,18.79,1.183,98.3,0,2023,5,1,None,None,Low,148,0
HEMM-DR01,Drill Rig,2022-07-27,1,1,0,12,88.6,4.65,1.75,39.9,78.9,0.77,24.2,167.4,329.7,1776.0,3759,61,19.05,0.9854,97.0,0,2022,7,2,None,None,Low,163,0
HEMM-G001,Grader,2021-07-23,4,2,2,12,76.9,4.96,2.53,37.4,73.5,0.87,24.2,175.0,339.9,1855.0,9120,120,15.5,1.3639,95.0,0,2021,7,4,None,None,Medium,63,0
HEMM-G002,Grader,2022-07-20,4,1,2,4,78.3,4.23,1.19,41.8,87.0,0.91,25.0,175.7,328.1,1798.0,7650,16,18.51,0.6618,98.6,0,2022,7,2,None,None,Low,62,0
HEMM-D001,Dumper,2021-04-14,2,0,2,8,88.0,4.18,2.48,32.4,80.4,0.96,24.8,188.7,293.1,1813.0,2263,105,21.05,1.3679,94.8,0,2021,4,2,None,None,Low,67,0
HEMM-SC01,Scraper,2022-03-01,5,2,1,7,100.5,4.26,1.92,35.5,87.8,0.94,24.4,183.0,325.6,1875.0,4017,47,23.59,1.024,91.0,0,2022,3,1,None,None,High,163,0
HEMM-D001,Dumper,2022-07-22,2,1,1,5,90.4,4.23,1.95,33.1,86.4,0.89,24.4,125.7,318.7,1781.0,9050,37,21.37,1.0949,96.0,0,2022,7,4,Hydraulic Failure,Hydraulics,Critical,0,1
HEMM-D001,Dumper,2023-01-04,2,1,1,19,77.5,4.72,2.35,43.0,90.2,0.91,25.6,185.3,290.6,1774.0,5504,7,16.42,1.3247,99.0,0,2023,1,2,None,None,Low,90,0
HEMM-D005,Dumper,2023-05-13,2,2,0,4,84.0,4.41,2.03,35.1,85.3,0.77,24.2,187.5,302.3,1734.0,1241,65,19.05,1.1707,99.5,0,2023,5,5,None,None,Low,37,0
HEMM-L002,Wheel Loader,2021-08-12,6,0,1,17,86.2,4.36,2.04,40.8,91.0,0.96,24.2,163.1,337.0,1732.0,3829,83,19.77,1.1778,98.6,0,2021,8,3,None,None,Low,178,0
HEMM-L002,Wheel Loader,2022-09-10,6,0,0,1,77.6,4.6,2.39,40.5,82.8,0.88,25.0,161.9,306.2,1947.0,1196,66,16.87,1.2275,98.8,0,2022,9,5,None,None,Low,134,0
HEMM-D004,Dumper,2023-10-02,2,2,1,15,82.2,4.11,1.81,45.2,80.9,0.91,24.1,183.9,334.5,1733.0,1404,120,20.0,1.0444,97.6,0,2023,10,0,None,None,Low,96,0
HEMM-D005,Dumper,2021-05-15,2,1,2,9,88.4,4.56,2.59,41.1,91.2,0.77,24.6,172.6,293.6,1739.0,10428,86,19.39,1.4894,96.5,0,2021,5,5,None,None,Medium,165,0
HEMM-B003,Dozer,2023-02-20,0,2,2,17,84.7,4.43,1.36,30.9,71.6,0.91,23.2,165.5,369.7,1730.0,5031,63,19.12,0.7861,95.5,0,2023,2,0,None,None,Low,78,0
HEMM-D004,Dumper,2021-08-23,2,2,0,18,93.7,4.27,2.19,51.7,83.5,0.85,24.4,182.1,305.0,1768.0,3722,60,21.94,1.2387,93.9,0,2021,8,0,None,None,Low,70,0
HEMM-DR01,Drill Rig,2022-11-26,1,0,1,13,78.6,4.47,1.76,45.4,79.2,0.97,23.9,188.4,296.0,1903.0,7015,98,17.58,0.9249,98.7,0,2022,11,5,None,None,Low,119,0
HEMM-B003,Dozer,2022-06-07,0,0,1,5,86.2,4.25,6.97,39.7,52.2,0.84,23.4,177.9,300.3,1787.0,11452,65,20.28,3.9004,71.3,1,2022,6,1,Tyre Burst,Tyres,Critical,1,1
HEMM-DR01,Drill Rig,2021-07-17,1,2,1,12,85.6,5.21,1.57,42.0,83.2,0.9,23.9,180.1,329.0,1693.0,2331,76,16.43,0.9273,99.7,0,2021,7,5,None,None,Low,146,0
HEMM-SC01,Scraper,2022-11-07,5,2,2,4,75.9,4.54,1.99,37.0,81.5,0.89,23.6,160.4,334.7,1886.0,6930,50,16.72,1.0551,99.8,0,2022,11,0,None,None,Low,57,0
HEMM-DR01,Drill Rig,2021-04-16,1,0,1,20,95.3,4.92,1.87,34.3,81.3,0.89,24.6,190.5,308.8,1667.0,5319,50,19.37,1.1218,94.6,0,2021,4,4,None,None,Low,108,0
HEMM-E002,Excavator,2021-11-13,3,2,1,16,82.1,4.59,1.89,37.6,84.3,0.88,23.3,184.5,299.4,1785.0,3874,113,17.89,1.0588,100.0,0,2021,11,5,None,None,Low,175,0
HEMM-SC01,Scraper,2023-01-23,5,1,0,9,88.4,3.93,2.49,37.2,79.1,0.83,25.0,196.2,295.3,1741.0,9606,33,22.49,1.4302,92.8,0,2023,1,0,None,None,Medium,94,0
HEMM-SC01,Scraper,2021-02-23,5,2,0,9,85.2,4.46,1.29,30.7,78.6,0.87,24.3,180.5,319.0,1660.0,674,28,19.1,0.7771,98.3,0,2021,2,1,None,None,Low,64,0
HEMM-B002,Dozer,2022-11-27,0,0,1,1,73.4,4.6,2.36,30.3,76.1,0.84,23.9,181.4,354.7,2023.0,3172,116,15.96,1.1666,96.6,0,2022,11,6,None,None,Low,115,0
HEMM-G002,Grader,2021-05-23,4,1,2,1,90.3,4.3,2.42,35.7,78.6,0.88,24.8,168.9,334.9,1817.0,1703,100,21.0,1.3319,93.7,0,2021,5,6,None,None,Low,158,0
HEMM-DR01,Drill Rig,2023-07-19,1,0,2,6,95.1,4.07,2.1,48.4,78.3,0.87,24.6,189.0,359.2,1913.0,6262,44,23.37,1.0978,91.0,0,2023,7,2,None,None,Low,114,0
HEMM-D003,Dumper,2021-04-18,2,1,2,6,85.7,3.64,6.14,39.4,83.0,0.9,24.0,174.1,278.0,1241.0,10322,11,23.54,4.9476,82.9,1,2021,4,6,Transmission Failure,Transmission,Critical,7,1
HEMM-L001,Wheel Loader,2023-06-25,6,0,2,9,85.6,4.51,8.02,39.1,48.5,0.87,24.5,160.8,373.5,1896.0,3731,101,18.98,4.23,68.2,1,2023,6,6,Tyre Burst,Tyres,Critical,6,1
HEMM-B002,Dozer,2023-09-24,0,2,0,10,95.9,4.17,1.96,42.8,90.4,0.9,23.9,178.9,347.8,1698.0,944,33,23.0,1.1543,92.9,0,2023,9,6,None,None,Low,92,0
HEMM-D002,Dumper,2021-01-16,2,1,1,10,78.6,4.45,2.4,49.7,82.8,0.98,24.5,176.1,342.5,1895.0,3660,103,17.66,1.2665,98.6,0,2021,1,5,None,None,Low,83,0
HEMM-B002,Dozer,2022-11-03,0,1,0,1,102.9,4.68,5.94,40.4,86.9,0.88,24.1,178.8,312.9,1992.0,8349,100,21.99,2.9819,79.2,1,2022,11,3,Brake Failure,Brakes,Critical,6,1
HEMM-L002,Wheel Loader,2022-12-27,6,1,1,13,86.5,4.98,2.28,39.8,86.3,0.77,24.1,179.8,287.2,1637.0,893,60,17.37,1.3928,98.4,0,2022,12,1,None,None,Low,131,0
HEMM-D003,Dumper,2022-10-04,2,2,2,14,88.8,3.76,2.44,47.4,79.1,0.96,24.7,178.6,287.6,1845.0,9594,56,23.62,1.3225,91.9,0,2022,10,1,None,None,Medium,140,0
HEMM-B002,Dozer,2021-08-24,0,0,2,1,79.0,4.67,1.86,30.0,79.0,0.79,25.1,182.8,290.5,1826.0,5521,26,16.92,1.0186,98.8,0,2021,8,1,None,None,Low,42,0
HEMM-G001,Grader,2021-06-30,4,0,2,4,71.8,4.98,1.66,39.7,82.0,0.86,25.0,198.0,344.8,1821.0,4186,60,14.42,0.9116,100.0,0,2021,6,2,None,None,Low,43,0
HEMM-D003,Dumper,2023-03-22,2,0,1,11,81.1,3.87,5.41,32.6,77.9,0.89,24.2,195.6,331.1,2045.0,3830,47,20.96,2.6455,85.0,1,2023,3,2,Brake Failure,Brakes,Critical,1,1
HEMM-G001,Grader,2022-12-21,4,2,1,5,85.0,4.5,1.87,38.8,85.3,0.83,24.1,177.3,304.4,1873.0,4071,18,18.89,0.9984,100.0,0,2022,12,2,None,None,Low,129,0
HEMM-E001,Excavator,2021-11-10,3,2,2,3,81.1,3.75,1.52,38.9,83.8,0.78,24.5,174.5,303.2,1841.0,3102,103,21.63,0.8256,96.2,0,2021,11,2,None,None,Low,178,0
HEMM-DR02,Drill Rig,2022-10-24,1,2,1,11,83.7,4.58,1.74,36.0,83.6,0.82,24.6,202.4,311.8,1557.0,2673,61,18.28,1.1175,100.0,0,2022,10,0,None,None,Low,70,0
HEMM-B002,Dozer,2022-07-17,0,2,1,2,84.8,4.1,1.98,44.4,84.5,0.75,24.4,183.3,276.7,1934.0,5966,69,20.68,1.0238,98.0,0,2022,7,6,None,None,Low,159,0
HEMM-DR02,Drill Rig,2021-03-19,1,1,2,12,90.0,4.04,2.42,37.6,84.7,0.9,24.0,172.6,311.6,1927.0,4903,14,22.28,1.2558,93.9,0,2021,3,4,None,None,Low,57,0
HEMM-D003,Dumper,2023-11-05,2,0,2,15,91.5,4.36,2.04,34.0,82.6,0.76,25.0,185.2,324.6,1948.0,9708,75,20.99,1.0472,95.9,0,2023,11,6,None,None,Medium,76,0
HEMM-DR02,Drill Rig,2022-01-21,1,0,1,20,72.8,4.05,1.91,24.8,85.1,0.9,23.3,179.8,314.7,1802.0,7992,69,17.98,1.0599,97.8,0,2022,1,4,None,None,Low,94,0
HEMM-DR02,Drill Rig,2021-07-31,1,0,1,3,124.2,4.92,1.71,38.6,88.2,0.65,24.8,185.9,312.9,1743.0,8466,87,25.24,0.9811,80.4,1,2021,7,5,Cooling System Failure,Cooling System,Critical,7,1
HEMM-L002,Wheel Loader,2023-12-07,6,2,0,6,92.6,5.27,2.75,41.9,86.1,0.92,24.6,192.6,323.6,1645.0,6162,52,17.57,1.6717,94.0,0,2023,12,3,None,None,Low,74,0
HEMM-B003,Dozer,2021-04-18,0,2,1,11,91.3,3.86,1.67,37.5,75.4,0.94,24.2,179.6,330.7,1805.0,1279,47,23.65,0.9252,91.0,0,2021,4,6,None,None,Low,57,0
HEMM-G002,Grader,2022-08-05,4,0,1,20,79.6,4.75,2.31,45.2,77.5,1.0,24.0,189.0,321.2,1844.0,2663,47,16.76,1.2527,97.3,0,2022,8,4,None,None,Low,94,0
HEMM-D005,Dumper,2022-12-18,2,0,2,13,76.7,4.76,1.91,36.7,74.7,0.97,24.3,181.5,303.3,2009.0,2312,81,16.11,0.9507,97.1,0,2022,12,6,None,None,Low,83,0
HEMM-B002,Dozer,2023-02-11,0,2,2,11,71.5,4.21,1.72,44.3,84.6,0.94,24.6,166.9,323.8,2029.0,2293,90,16.98,0.8477,98.6,0,2023,2,5,None,None,Low,35,0
HEMM-L002,Wheel Loader,2021-07-11,6,2,1,14,72.5,3.93,1.89,35.9,84.4,0.99,24.5,183.3,311.5,1638.0,8531,51,18.45,1.1538,97.2,0,2021,7,6,None,None,Medium,48,0
HEMM-E001,Excavator,2022-03-15,3,0,1,16,81.0,4.27,7.21,41.8,54.6,0.85,24.0,190.5,313.6,1727.0,3345,33,18.97,4.1749,72.3,1,2022,3,1,Tyre Burst,Tyres,Critical,4,1
HEMM-L002,Wheel Loader,2023-12-15,6,1,2,11,93.4,4.59,1.52,38.0,88.2,0.75,23.9,186.0,337.6,1755.0,10325,21,20.35,0.8661,95.8,0,2023,12,4,None,None,Medium,120,0
HEMM-E001,Excavator,2022-01-06,3,2,0,20,78.2,4.17,5.07,36.9,82.0,0.88,24.8,202.6,313.9,2049.0,2912,97,18.75,2.4744,89.1,1,2022,1,3,Brake Failure,Brakes,Critical,5,1
HEMM-DR02,Drill Rig,2022-08-07,1,2,1,15,79.6,4.66,1.37,44.9,77.0,0.81,24.5,170.5,311.9,1869.0,4033,73,17.08,0.733,98.0,0,2022,8,6,None,None,Low,97,0
HEMM-L001,Wheel Loader,2022-02-02,6,0,0,19,72.7,5.29,2.22,51.2,78.8,0.84,25.0,178.1,338.4,1787.0,7418,64,13.74,1.2423,98.1,0,2022,2,2,None,None,Low,172,0
HEMM-L002,Wheel Loader,2023-12-17,6,0,2,6,132.3,3.93,2.09,41.0,77.9,0.54,24.5,176.8,383.7,1707.0,3471,107,33.66,1.2244,71.6,1,2023,12,6,Engine Overheat,Engine,Critical,4,1
HEMM-L001,Wheel Loader,2023-01-31,6,2,2,4,93.3,4.8,1.62,40.1,82.4,0.82,25.0,175.0,318.4,1835.0,11855,113,19.44,0.8828,95.8,0,2023,1,1,None,None,Medium,86,0
HEMM-B002,Dozer,2021-06-21,0,1,2,9,81.1,4.24,5.96,44.8,50.2,0.8,25.0,178.4,342.1,1709.0,7561,120,19.13,3.4874,74.1,1,2021,6,0,Tyre Burst,Tyres,Critical,6,1
HEMM-E003,Excavator,2023-07-13,3,0,0,1,94.6,4.11,1.81,40.3,85.1,0.95,24.4,194.6,285.6,1740.0,6997,11,23.02,1.0402,93.2,0,2023,7,3,None,None,Low,60,0
HEMM-E003,Excavator,2023-03-02,3,1,0,12,86.8,4.55,1.3,41.9,76.4,0.87,24.7,178.5,301.5,1833.0,3878,8,19.08,0.7092,96.9,0,2023,3,3,None,None,Low,130,0
HEMM-B003,Dozer,2021-10-27,0,1,0,2,85.3,4.12,1.08,38.8,86.3,0.87,25.0,182.3,330.0,1867.0,4900,111,20.7,0.5785,97.9,0,2021,10,2,None,None,Low,110,0
HEMM-D005,Dumper,2023-08-19,2,0,1,20,88.4,3.19,1.82,33.3,83.8,0.78,24.9,136.2,352.7,1586.0,286,120,27.71,1.1475,91.8,0,2023,8,5,Hydraulic Failure,Hydraulics,Critical,3,1
HEMM-SC01,Scraper,2023-12-17,5,0,0,4,90.6,3.37,5.12,37.6,75.9,0.93,24.3,181.9,346.4,1568.0,4920,35,26.88,3.2653,79.8,1,2023,12,6,Transmission Failure,Transmission,Critical,3,1
HEMM-DR02,Drill Rig,2021-05-09,1,1,1,16,85.3,4.57,2.09,43.3,88.0,0.83,24.5,193.5,315.9,1753.0,9976,73,18.67,1.1922,99.6,0,2021,5,6,None,None,Medium,148,0
HEMM-E003,Excavator,2021-10-22,3,0,0,14,94.7,4.6,1.85,38.7,74.9,0.83,24.7,192.5,289.7,1922.0,225,83,20.59,0.9625,92.3,0,2021,10,4,None,None,Low,107,0
HEMM-DR01,Drill Rig,2022-01-19,1,2,1,3,78.1,3.93,2.24,34.6,81.1,0.83,24.2,182.1,309.9,1675.0,8776,51,19.87,1.3373,96.1,0,2022,1,2,None,None,Medium,62,0
HEMM-SC01,Scraper,2023-11-06,5,2,0,18,108.8,4.96,1.53,55.8,88.1,0.78,24.3,170.4,300.9,1834.0,533,54,21.94,0.8342,88.1,0,2023,11,0,Fuel System Failure,Fuel System,Critical,6,1
HEMM-B001,Dozer,2021-02-03,0,0,2,3,84.6,5.11,1.75,34.8,88.8,0.84,23.8,173.5,318.3,1655.0,5849,35,16.56,1.0574,100.0,0,2021,2,2,None,None,Low,31,0
HEMM-D004,Dumper,2022-11-12,2,1,0,2,92.6,3.99,2.04,40.0,81.7,0.77,24.6,196.7,346.8,1670.0,5972,74,23.21,1.2216,93.4,0,2022,11,5,None,None,Low,63,0
HEMM-E001,Excavator,2023-08-10,3,2,1,16,135.1,4.14,2.58,38.8,90.5,0.54,24.9,205.2,423.2,1702.0,10550,28,32.63,1.5159,71.4,1,2023,8,3,Engine Overheat,Engine,Critical,7,1
HEMM-B002,Dozer,2022-02-17,0,1,0,7,93.4,4.97,1.91,37.8,75.9,0.86,24.8,178.9,329.9,1761.0,886,45,18.79,1.0846,93.4,0,2022,2,3,None,None,Low,61,0
HEMM-SC01,Scraper,2023-08-28,5,0,0,2,88.4,4.76,1.55,46.5,81.9,0.83,24.7,183.0,321.1,1935.0,10798,29,18.57,0.801,98.3,0,2023,8,0,None,None,Medium,176,0
HEMM-D002,Dumper,2022-11-11,2,0,0,4,99.0,5.05,1.48,41.4,80.0,0.8,24.6,183.6,331.4,1730.0,6229,60,19.6,0.8555,92.2,0,2022,11,4,None,None,Low,63,0
HEMM-G002,Grader,2022-11-26,4,1,0,16,78.0,4.47,1.71,41.4,87.9,0.92,24.7,184.5,292.0,1821.0,11538,68,17.45,0.939,99.8,0,2022,11,5,None,None,Medium,131,0
HEMM-L002,Wheel Loader,2022-07-01,6,1,2,14,92.0,4.85,1.69,38.2,84.7,0.9,24.4,162.8,325.7,1881.0,1493,60,18.97,0.8985,96.5,0,2022,7,4,None,None,Low,166,0
HEMM-E001,Excavator,2022-08-25,3,0,2,4,82.8,4.9,1.91,43.3,83.7,0.87,23.9,181.1,312.1,1940.0,1511,46,16.9,0.9845,100.0,0,2022,8,3,None,None,Low,92,0
HEMM-DR02,Drill Rig,2023-05-23,1,1,1,15,81.2,3.79,1.72,38.0,85.2,0.78,24.5,175.1,348.9,1674.0,5959,62,21.42,1.0275,96.4,0,2023,5,1,None,None,Low,67,0
HEMM-G001,Grader,2023-06-10,4,0,2,2,91.5,4.52,1.6,42.3,85.8,0.96,25.2,177.6,357.4,1601.0,1429,90,20.24,0.9994,96.8,0,2023,6,5,None,None,Low,50,0
HEMM-L002,Wheel Loader,2021-11-24,6,1,0,5,82.8,4.56,4.25,38.6,84.5,0.95,24.2,166.1,349.0,1888.0,10154,91,18.16,2.2511,93.2,0,2021,11,2,Brake Failure,Brakes,Critical,1,1
HEMM-G001,Grader,2023-01-12,4,0,1,19,78.9,4.57,3.19,39.8,80.7,0.92,24.6,181.6,312.2,1959.0,730,82,17.26,1.6284,95.9,0,2023,1,3,None,None,Low,58,0
HEMM-G001,Grader,2023-02-01,4,0,2,3,66.4,4.07,1.69,45.4,71.0,0.94,24.3,181.0,342.4,1732.0,9603,22,16.31,0.9758,93.4,0,2023,2,2,None,None,Medium,62,0
HEMM-B003,Dozer,2022-07-25,0,1,1,4,92.7,4.1,1.29,40.9,83.4,0.78,25.1,198.3,314.9,1766.0,624,99,22.61,0.7305,94.2,0,2022,7,0,None,None,Low,40,0
HEMM-G002,Grader,2021-08-30,4,0,1,9,74.0,4.27,2.41,48.4,75.7,0.89,23.6,190.9,341.1,1800.0,11734,62,17.33,1.3389,95.1,0,2021,8,0,None,None,Medium,170,0
HEMM-B002,Dozer,2023-10-03,0,1,1,4,74.6,4.63,2.37,32.9,82.3,0.9,24.3,172.1,328.7,1719.0,2423,114,16.11,1.3787,98.9,0,2023,10,1,None,None,Low,100,0
HEMM-DR02,Drill Rig,2021-06-29,1,2,2,11,87.3,4.33,2.44,41.6,86.1,0.92,21.6,189.4,315.5,1873.0,11141,49,20.16,1.3027,96.7,0,2021,6,1,Electrical Fault,Electrical,Critical,4,1
HEMM-E001,Excavator,2021-12-23,3,0,1,17,77.5,4.61,2.7,39.9,83.6,0.96,23.5,178.1,315.2,1943.0,3873,20,16.81,1.3896,97.9,0,2021,12,3,None,None,Low,112,0
HEMM-E003,Excavator,2023-10-09,3,1,0,12,82.1,4.99,1.87,37.9,89.0,0.75,24.0,171.0,306.5,1797.0,9277,78,16.45,1.0406,100.0,0,2023,10,0,None,None,Medium,133,0
HEMM-SC01,Scraper,2021-09-23,5,2,0,3,80.3,4.26,2.08,44.0,80.0,0.86,24.0,173.1,294.9,1653.0,1277,44,18.85,1.2583,97.8,0,2021,9,3,None,None,Low,88,0
HEMM-L001,Wheel Loader,2023-12-13,6,0,1,14,77.9,5.08,1.82,37.4,84.3,0.84,24.4,183.2,326.1,1945.0,9619,14,15.33,0.9357,100.0,0,2023,12,2,None,None,Medium,90,0
HEMM-D003,Dumper,2023-07-11,2,0,2,17,73.9,3.84,2.73,44.0,93.0,0.84,25.1,187.7,304.0,1951.0,5844,21,19.24,1.3993,94.5,0,2023,7,1,None,None,Low,121,0
HEMM-E001,Excavator,2021-09-22,3,0,1,17,86.2,4.45,2.14,39.1,84.2,0.91,25.2,181.9,338.8,1697.0,1107,111,19.37,1.261,98.7,0,2021,9,2,None,None,Low,42,0
HEMM-B002,Dozer,2021-12-04,0,1,0,11,88.2,4.18,2.6,31.7,83.4,0.9,25.0,188.6,361.5,1942.0,11821,33,21.1,1.3388,95.0,0,2021,12,5,None,None,Medium,169,0
HEMM-L002,Wheel Loader,2022-08-05,6,1,2,9,70.5,3.67,1.97,40.7,88.5,0.91,25.7,171.9,334.7,1930.0,3416,86,19.21,1.0207,95.8,0,2022,8,4,None,None,Low,178,0
HEMM-B002,Dozer,2023-12-29,0,1,2,17,85.9,4.09,2.28,30.4,84.5,0.92,24.8,186.3,306.1,1858.0,10701,26,21.0,1.2271,96.7,0,2023,12,4,None,None,Medium,113,0
HEMM-D005,Dumper,2021-12-17,2,2,2,20,90.9,4.83,5.81,35.5,37.4,0.85,24.4,189.8,327.1,1764.0,10114,48,18.82,3.2937,67.8,1,2021,12,4,Tyre Burst,Tyres,Critical,0,1
HEMM-D002,Dumper,2022-06-27,2,2,2,7,96.4,4.63,2.13,40.3,75.9,0.77,25.1,171.9,327.4,1832.0,9573,58,20.82,1.1627,91.5,0,2022,6,0,None,None,Medium,138,0
HEMM-L001,Wheel Loader,2022-08-17,6,2,2,10,104.6,4.03,1.57,32.2,80.8,0.75,25.0,177.6,309.4,1824.0,8112,36,25.96,0.8607,87.4,0,2022,8,2,None,None,High,129,0
HEMM-DR02,Drill Rig,2021-05-30,1,2,0,2,88.9,4.93,2.81,42.8,83.3,0.9,24.6,180.2,313.0,1956.0,2789,61,18.03,1.4366,95.6,0,2021,5,6,None,None,Low,103,0
HEMM-E002,Excavator,2022-11-28,3,2,2,5,86.9,4.07,2.42,39.0,76.1,0.9,23.8,174.9,364.4,1770.0,5321,115,21.35,1.3672,93.3,0,2022,11,0,None,None,Low,142,0
HEMM-G001,Grader,2023-03-28,4,1,1,12,61.6,4.78,1.98,41.3,82.0,0.96,25.0,176.5,309.6,1815.0,8637,76,12.89,1.0909,100.0,0,2023,3,1,None,None,Medium,88,0
HEMM-DR02,Drill Rig,2021-09-08,1,0,1,15,93.1,3.76,4.82,35.6,86.9,0.79,25.3,176.0,356.4,1688.0,4261,23,24.76,2.8555,83.8,0,2021,9,2,Transmission Failure,Transmission,Critical,6,1
HEMM-E003,Excavator,2021-11-24,3,0,1,19,88.8,4.43,1.49,47.5,80.1,0.98,24.7,181.3,324.3,1897.0,5323,29,20.05,0.7855,97.0,0,2021,11,2,None,None,Low,95,0
HEMM-L002,Wheel Loader,2023-08-15,6,0,1,10,86.2,4.81,1.3,43.6,78.8,0.9,24.4,168.7,332.5,1863.0,8348,7,17.92,0.6978,98.1,0,2023,8,1,None,None,Medium,117,0
HEMM-L002,Wheel Loader,2023-07-26,6,1,1,7,115.6,4.26,1.75,42.3,88.4,0.42,24.3,171.4,279.7,1675.0,9757,50,27.14,1.0448,83.5,1,2023,7,2,Cooling System Failure,Cooling System,Critical,7,1
HEMM-B002,Dozer,2021-01-17,0,1,0,14,83.4,4.2,1.93,30.3,80.0,0.79,24.4,163.0,310.7,1739.0,2394,117,19.86,1.1098,97.7,0,2021,1,6,None,None,Low,165,0
HEMM-G002,Grader,2023-01-20,4,1,2,13,93.4,4.32,2.44,31.2,78.0,0.99,24.9,195.0,318.5,1678.0,1038,77,21.62,1.4541,92.0,0,2023,1,4,None,None,Low,39,0
HEMM-SC01,Scraper,2022-08-15,5,1,2,13,75.7,4.51,1.43,41.9,78.6,0.86,24.5,189.2,309.0,1788.0,8461,62,16.78,0.7998,98.6,0,2022,8,0,None,None,Medium,38,0
HEMM-D004,Dumper,2021-09-21,2,1,0,13,79.9,4.28,1.56,39.1,82.1,0.92,24.6,169.6,320.3,1765.0,6314,106,18.67,0.8839,98.9,0,2021,9,1,None,None,Low,106,0
HEMM-G001,Grader,2021-10-23,4,1,2,20,84.6,3.36,2.5,37.7,85.8,0.85,24.3,99.1,280.7,1751.0,8541,56,25.18,1.4278,92.8,0,2021,10,5,Hydraulic Failure,Hydraulics,Critical,0,1
HEMM-B003,Dozer,2023-08-29,0,2,2,15,87.8,3.37,2.03,43.5,82.2,0.85,24.1,142.3,324.7,1778.0,2640,82,26.05,1.1417,92.9,0,2023,8,1,Hydraulic Failure,Hydraulics,Critical,5,1
HEMM-G002,Grader,2022-09-05,4,2,2,11,88.0,4.42,2.03,40.2,80.6,0.95,24.0,172.8,315.4,1918.0,8511,111,19.91,1.0584,97.4,0,2022,9,0,None,None,Medium,98,0
HEMM-B002,Dozer,2023-08-31,0,1,1,12,86.6,4.71,1.61,34.6,79.3,0.97,24.1,171.1,330.7,1923.0,5627,91,18.39,0.8372,98.1,0,2023,8,3,None,None,Low,110,0
HEMM-B002,Dozer,2021-02-24,0,2,2,16,83.9,4.03,1.71,36.7,85.3,0.76,24.5,170.6,306.6,1829.0,4550,88,20.82,0.9349,97.6,0,2021,2,2,None,None,Low,45,0
HEMM-D002,Dumper,2023-09-11,2,1,2,17,83.5,5.05,2.24,47.4,82.5,0.98,25.2,171.3,360.5,1772.0,10505,97,16.53,1.2641,99.3,0,2023,9,0,None,None,Medium,123,0
HEMM-G002,Grader,2021-10-30,4,2,2,8,109.2,4.06,2.96,39.1,82.1,0.53,24.9,159.2,354.5,1771.0,717,78,26.9,1.6714,82.8,0,2021,10,5,Cooling System Failure,Cooling System,Critical,0,1
HEMM-B003,Dozer,2023-05-08,0,1,0,14,87.3,4.6,1.64,33.9,79.8,0.84,24.3,192.6,309.3,1836.0,11513,31,18.98,0.8932,98.0,0,2023,5,0,None,None,Medium,46,0
HEMM-L001,Wheel Loader,2021-05-08,6,2,2,5,87.2,3.93,2.08,39.1,81.2,0.83,24.8,175.7,351.3,1775.0,8698,31,22.19,1.1718,95.5,0,2021,5,5,None,None,Medium,144,0
HEMM-L001,Wheel Loader,2023-12-13,6,0,2,11,81.3,4.42,1.97,38.5,83.0,0.98,24.8,165.4,296.6,1915.0,3037,63,18.39,1.0287,99.6,0,2023,12,2,None,None,Low,67,0
HEMM-G001,Grader,2022-06-26,4,2,0,16,77.9,4.88,2.35,45.4,79.6,0.86,24.4,171.8,295.0,1753.0,3350,36,15.96,1.3406,98.0,0,2022,6,6,None,None,Low,161,0
HEMM-E003,Excavator,2022-09-02,3,0,0,7,75.8,4.31,1.83,42.0,78.1,0.82,24.2,160.1,325.3,1873.0,11508,95,17.59,0.977,97.5,0,2022,9,4,None,None,Medium,133,0
HEMM-G001,Grader,2022-07-15,4,0,2,4,91.9,4.57,2.23,41.5,84.5,0.85,23.9,189.3,315.3,1914.0,9595,91,20.11,1.1651,95.9,0,2022,7,4,None,None,Medium,158,0
HEMM-G002,Grader,2022-12-08,4,1,2,10,76.1,5.17,1.83,38.7,84.5,0.97,18.4,184.1,299.4,1796.0,889,41,14.72,1.0189,100.0,0,2022,12,3,Electrical Fault,Electrical,Critical,7,1
HEMM-L001,Wheel Loader,2022-03-15,6,1,2,18,88.3,4.24,2.46,47.1,75.6,0.76,23.9,170.9,323.8,1807.0,4642,76,20.83,1.3614,93.1,0,2022,3,1,None,None,Low,69,0
HEMM-D004,Dumper,2022-05-06,2,1,2,2,93.6,3.84,1.62,37.4,82.4,0.89,24.0,179.0,323.0,1732.0,11174,120,24.38,0.9353,92.4,0,2022,5,4,None,None,Medium,133,0
HEMM-E003,Excavator,2021-04-18,3,1,0,14,111.3,4.42,1.62,50.3,83.0,0.52,23.9,179.3,389.9,1757.0,5611,96,25.18,0.922,86.4,1,2021,4,6,Engine Overheat,Engine,Critical,2,1
HEMM-SC01,Scraper,2021-11-20,5,0,1,16,83.8,4.07,2.09,41.2,83.2,0.94,24.3,184.2,321.6,1737.0,8022,88,20.59,1.2032,97.6,0,2021,11,5,None,None,Medium,170,0
HEMM-B002,Dozer,2022-10-20,0,0,2,2,84.5,4.16,2.49,37.7,79.8,0.95,23.8,175.9,343.1,1613.0,1665,88,20.31,1.5437,96.0,0,2022,10,3,None,None,Low,89,0
HEMM-D002,Dumper,2021-12-25,2,0,0,6,81.9,4.63,2.78,37.9,79.9,0.85,24.7,170.2,321.2,1845.0,795,112,17.69,1.5068,96.8,0,2021,12,5,None,None,Low,43,0
HEMM-E001,Excavator,2022-08-16,3,1,2,1,81.5,4.72,2.03,29.9,86.1,0.81,21.1,184.1,323.4,1788.0,5088,77,17.27,1.1353,99.9,0,2022,8,1,Electrical Fault,Electrical,Critical,5,1
HEMM-DR02,Drill Rig,2023-12-10,1,0,0,5,82.7,4.31,1.88,32.7,74.9,0.92,24.2,182.0,296.0,1760.0,8461,64,19.19,1.0682,96.2,0,2023,12,6,None,None,Medium,173,0
HEMM-D004,Dumper,2022-11-09,2,1,2,15,84.3,4.29,1.39,39.6,89.0,0.99,24.5,183.5,314.9,1937.0,10821,37,19.65,0.7176,99.0,0,2022,11,2,None,None,Medium,59,0
HEMM-B003,Dozer,2022-08-28,0,2,2,7,96.4,4.58,2.65,34.3,89.3,0.93,24.4,182.7,323.0,1925.0,3075,83,21.05,1.3766,92.4,0,2022,8,6,None,None,Low,151,0
HEMM-DR01,Drill Rig,2023-11-22,1,0,1,3,81.8,4.39,2.0,45.9,75.7,0.89,24.3,185.0,314.4,1834.0,6767,90,18.63,1.0905,96.9,0,2023,11,2,None,None,Low,96,0
HEMM-D005,Dumper,2023-09-05,2,0,0,8,83.0,4.72,2.33,32.7,86.8,0.81,24.7,176.3,315.2,1929.0,311,38,17.58,1.2079,99.0,0,2023,9,1,None,None,Low,179,0
HEMM-B001,Dozer,2022-11-07,0,0,0,19,79.3,4.84,2.66,43.4,79.1,0.98,24.7,184.4,297.0,1728.0,9586,6,16.38,1.5394,96.9,0,2022,11,0,None,None,Medium,59,0
HEMM-E003,Excavator,2021-05-08,3,2,1,4,76.8,4.32,2.14,29.3,89.9,0.95,25.0,191.1,341.7,1743.0,7825,44,17.78,1.2278,98.7,0,2021,5,5,None,None,Low,54,0
HEMM-L002,Wheel Loader,2022-09-29,6,2,0,4,93.4,5.16,1.81,34.9,84.0,0.98,24.3,174.1,317.9,1808.0,10664,42,18.1,1.0011,95.8,0,2022,9,3,None,None,Medium,47,0
HEMM-E003,Excavator,2021-10-01,3,0,2,5,80.8,4.67,2.27,32.5,78.8,0.92,25.0,160.3,368.6,1930.0,7654,100,17.3,1.1762,97.9,0,2021,10,4,None,None,Low,101,0
HEMM-SC01,Scraper,2023-08-23,5,2,2,7,83.1,4.81,1.75,38.3,86.8,0.95,24.4,172.9,305.8,1789.0,4254,92,17.28,0.9782,100.0,0,2023,8,2,None,None,Low,122,0
HEMM-D003,Dumper,2023-12-13,2,0,1,17,77.8,3.92,2.34,33.3,77.1,0.92,24.7,185.2,317.6,1977.0,11730,51,19.85,1.1836,94.1,0,2023,12,2,None,None,Medium,48,0
HEMM-D004,Dumper,2021-05-07,2,2,2,17,107.6,4.25,2.21,36.7,88.7,0.4,24.7,170.1,315.1,1839.0,3512,78,25.32,1.2017,86.8,0,2021,5,4,Cooling System Failure,Cooling System,Critical,5,1
HEMM-D004,Dumper,2022-02-25,2,2,2,19,81.9,4.71,1.54,40.6,80.7,0.97,24.0,172.5,290.7,1750.0,8208,16,17.39,0.88,99.5,0,2022,2,4,None,None,Medium,108,0
HEMM-D002,Dumper,2023-07-18,2,1,2,17,89.1,4.89,1.85,43.9,83.9,0.84,18.2,168.0,337.9,1889.0,7006,63,18.22,0.9794,98.0,0,2023,7,1,Electrical Fault,Electrical,Critical,7,1
HEMM-D001,Dumper,2023-03-22,2,0,1,1,99.6,4.35,7.27,48.6,41.7,0.92,25.6,180.1,318.9,1762.0,3770,79,22.9,4.126,60.0,1,2023,3,2,Tyre Burst,Tyres,Critical,5,1
HEMM-SC01,Scraper,2021-05-04,5,1,0,16,77.4,3.16,4.69,42.2,85.6,0.83,24.7,189.0,353.8,1719.0,719,41,24.49,2.7283,85.2,0,2021,5,1,Transmission Failure,Transmission,Critical,2,1
HEMM-G001,Grader,2023-02-23,4,0,2,13,92.3,4.49,1.85,37.2,83.6,0.92,23.9,187.7,296.7,1861.0,6354,15,20.56,0.9941,96.3,0,2023,2,3,None,None,Low,136,0
HEMM-SC01,Scraper,2021-09-30,5,2,2,12,87.9,4.01,1.6,36.8,82.3,0.95,24.3,179.4,344.6,1869.0,2143,27,21.92,0.8561,96.1,0,2021,9,3,None,None,Low,159,0
HEMM-D005,Dumper,2022-04-02,2,1,2,1,93.9,4.59,2.03,46.1,89.8,0.88,23.7,190.6,316.5,1877.0,5088,64,20.46,1.0815,95.5,0,2022,4,5,None,None,Low,65,0
HEMM-DR01,Drill Rig,2023-12-26,1,0,0,8,72.3,4.85,7.14,43.5,49.4,0.94,24.8,172.0,312.5,1744.0,4255,63,14.91,4.094,71.5,1,2023,12,1,Tyre Burst,Tyres,Critical,3,1
HEMM-D002,Dumper,2023-05-09,2,2,1,1,107.4,3.71,2.28,34.2,83.1,0.53,24.9,187.2,301.7,1936.0,4143,31,28.95,1.1777,84.0,0,2023,5,1,Cooling System Failure,Cooling System,Critical,0,1
HEMM-D002,Dumper,2022-05-17,2,2,1,2,95.7,4.59,2.62,32.6,80.3,0.78,23.3,179.3,326.6,1791.0,6790,61,20.85,1.4629,92.1,0,2022,5,1,None,None,Low,156,0
HEMM-D002,Dumper,2021-10-14,2,2,2,10,92.8,4.02,1.57,46.4,78.2,0.92,24.1,176.0,301.7,1833.0,4036,109,23.08,0.8565,92.2,0,2021,10,3,None,None,Low,137,0
HEMM-B003,Dozer,2022-05-01,0,0,1,5,93.8,4.92,2.21,39.8,89.0,0.9,24.5,175.4,285.2,1905.0,11016,71,19.07,1.1601,95.0,0,2022,5,6,None,None,Medium,71,0
HEMM-B001,Dozer,2021-05-05,0,2,2,19,87.8,3.78,2.04,32.7,78.2,0.94,25.0,184.7,319.5,1844.0,3069,85,23.23,1.1063,93.4,0,2021,5,2,None,None,Low,40,0
HEMM-L001,Wheel Loader,2021-04-07,6,0,2,13,93.8,4.69,2.0,35.1,77.6,0.83,24.9,188.4,324.8,1835.0,8792,45,20.0,1.0899,93.8,0,2021,4,2,None,None,Medium,147,0
HEMM-D005,Dumper,2022-09-07,2,0,1,6,95.3,4.9,2.3,40.3,81.3,0.88,24.7,181.8,332.5,1819.0,9013,65,19.45,1.2644,93.7,0,2022,9,2,None,None,Medium,36,0
HEMM-B002,Dozer,2021-10-23,0,0,0,2,67.0,4.03,2.09,33.1,81.6,0.77,24.7,180.8,277.4,1846.0,9414,57,16.63,1.1322,97.2,0,2021,10,5,None,None,Medium,46,0
HEMM-D005,Dumper,2023-03-07,2,1,2,9,96.2,4.62,1.99,48.7,90.9,0.85,23.4,168.1,307.0,1841.0,3531,47,20.82,1.0809,94.4,0,2023,3,1,Fuel System Failure,Fuel System,Critical,7,1
HEMM-D003,Dumper,2022-01-26,2,1,2,9,70.6,5.1,1.67,36.2,77.5,0.93,24.3,201.7,343.8,1821.0,6379,91,13.84,0.9171,98.2,0,2022,1,2,None,None,Low,65,0
HEMM-D003,Dumper,2022-01-21,2,2,1,18,93.2,4.17,2.03,42.3,82.6,0.85,24.1,175.6,315.6,1685.0,3755,66,22.35,1.2047,94.2,0,2022,1,4,None,None,Low,33,0
HEMM-B003,Dozer,2022-09-13,0,1,1,7,88.9,5.44,1.87,28.1,76.3,0.83,24.5,166.1,299.8,1860.0,3313,99,16.34,1.0054,95.8,0,2022,9,1,None,None,Low,156,0
HEMM-L001,Wheel Loader,2022-05-12,6,2,0,20,76.9,4.72,1.67,37.5,80.0,0.88,24.8,181.3,315.6,2005.0,11730,31,16.29,0.8329,99.2,0,2022,5,3,None,None,Medium,41,0
HEMM-SC01,Scraper,2022-10-21,5,0,2,13,80.3,4.84,1.93,32.7,76.9,0.76,25.3,188.4,324.2,1671.0,7839,73,16.59,1.155,98.0,0,2022,10,4,None,None,Low,137,0
HEMM-B001,Dozer,2023-01-07,0,2,2,16,80.7,4.63,2.48,43.7,79.8,0.89,24.7,191.0,329.3,1935.0,7835,17,17.43,1.2817,97.7,0,2023,1,5,None,None,Low,84,0
HEMM-B003,Dozer,2022-02-21,0,0,2,11,89.5,4.34,1.88,32.1,81.9,0.76,24.3,184.3,328.5,1731.0,6981,10,20.62,1.0861,96.9,0,2022,2,0,None,None,Low,103,0
HEMM-D005,Dumper,2021-02-03,2,0,2,18,92.3,3.63,2.3,40.2,79.5,0.81,23.7,194.2,313.1,1858.0,9768,79,25.43,1.2379,90.1,0,2021,2,2,None,None,Medium,151,0
HEMM-D005,Dumper,2022-02-06,2,0,1,8,85.2,4.03,2.68,47.5,82.6,0.99,25.0,201.0,331.9,1751.0,6423,77,21.14,1.5306,95.5,0,2022,2,6,None,None,Low,79,0
HEMM-B003,Dozer,2022-06-12,0,0,2,16,91.6,4.46,1.97,38.3,77.8,0.81,24.7,181.3,313.3,1699.0,7750,26,20.54,1.1595,94.8,0,2022,6,6,None,None,Low,107,0
HEMM-E001,Excavator,2021-10-14,3,2,2,18,92.8,4.02,2.46,34.4,89.1,0.89,24.0,185.3,321.1,1797.0,8200,28,23.08,1.3689,92.3,0,2021,10,3,None,None,Medium,54,0
HEMM-D002,Dumper,2023-12-10,2,1,1,3,76.8,4.56,1.79,40.0,76.6,0.78,25.1,173.3,360.2,1701.0,11148,11,16.84,1.0523,97.8,0,2023,12,6,None,None,Medium,176,0
HEMM-E003,Excavator,2021-05-20,3,2,2,5,85.4,4.52,1.8,31.1,83.3,0.8,24.5,174.0,341.6,1745.0,349,32,18.89,1.0315,99.8,0,2021,5,3,None,None,Low,62,0
HEMM-D002,Dumper,2023-09-17,2,2,2,16,97.8,4.67,2.19,34.0,83.7,0.85,23.4,191.0,323.1,1801.0,457,5,20.94,1.216,93.0,0,2023,9,6,None,None,Low,45,0
HEMM-D001,Dumper,2021-02-04,2,2,1,9,95.3,4.75,2.2,46.2,77.8,0.85,24.4,166.4,299.9,1892.0,8977,41,20.06,1.1628,92.6,0,2021,2,3,None,None,Medium,125,0
HEMM-DR01,Drill Rig,2022-01-03,1,1,1,4,93.5,4.96,1.31,32.1,83.1,0.87,25.5,195.9,333.6,1719.0,8791,24,18.85,0.7621,95.8,0,2022,1,0,None,None,Medium,164,0
HEMM-L002,Wheel Loader,2022-06-01,6,0,0,9,87.6,5.08,2.35,32.6,87.5,0.93,24.7,177.4,368.8,1760.0,6702,15,17.24,1.3352,97.6,0,2022,6,2,None,None,Low,146,0
HEMM-DR02,Drill Rig,2022-05-14,1,2,1,8,80.1,4.57,1.85,35.2,78.1,0.85,24.4,183.2,314.6,1739.0,5114,92,17.53,1.0638,98.4,0,2022,5,5,None,None,Low,95,0
HEMM-D002,Dumper,2021-07-11,2,0,0,13,77.9,2.86,2.34,48.6,84.3,0.97,23.2,110.0,341.5,1822.0,6379,75,27.24,1.2843,90.8,1,2021,7,6,Hydraulic Failure,Hydraulics,Critical,0,1
HEMM-D003,Dumper,2023-10-21,2,0,1,11,92.2,4.09,1.66,33.3,80.1,0.8,24.2,192.7,360.2,1663.0,9470,114,22.54,0.9982,93.6,0,2023,10,5,None,None,Medium,50,0
HEMM-D002,Dumper,2022-04-16,2,1,1,19,85.35,4.01,2.03,31.5,79.2,0.85,24.0,193.4,343.7,1789.0,7990,39,21.28,1.1347,96.2,0,2022,4,5,None,None,High,49,0
HEMM-B001,Dozer,2021-03-09,0,1,2,11,93.0,4.57,5.99,33.8,49.5,0.78,23.8,190.8,283.7,1694.0,456,31,20.35,3.536,71.0,1,2021,3,1,Tyre Burst,Tyres,Critical,6,1
HEMM-B002,Dozer,2021-11-29,0,2,0,8,74.2,4.33,2.01,38.6,81.3,0.95,24.7,187.6,341.1,1790.0,9484,111,17.14,1.1229,98.8,0,2021,11,0,None,None,Medium,159,0
HEMM-SC01,Scraper,2022-11-11,5,0,1,5,88.3,4.47,2.19,44.9,85.2,0.84,24.3,175.5,340.7,1658.0,11493,97,19.75,1.3209,97.6,0,2022,11,4,None,None,Medium,88,0
HEMM-G001,Grader,2021-04-20,4,1,1,14,85.1,4.41,2.19,40.7,86.5,0.79,24.1,192.4,347.6,1773.0,4003,112,19.3,1.2352,98.9,0,2021,4,1,None,None,Low,101,0
HEMM-G002,Grader,2022-10-31,4,1,1,9,88.7,4.57,1.7,52.6,78.3,0.98,24.7,184.1,328.7,1776.0,7581,67,19.41,0.9572,96.7,0,2022,10,0,None,None,Low,175,0
HEMM-G002,Grader,2023-06-04,4,1,1,19,86.2,4.65,2.0,27.6,82.6,0.78,25.6,189.9,307.7,1787.0,11024,53,18.54,1.1192,99.4,0,2023,6,6,None,None,Medium,132,0
HEMM-B002,Dozer,2022-05-20,0,2,1,3,87.7,4.79,2.24,37.3,83.4,0.96,24.7,172.8,336.9,1915.0,1544,39,18.31,1.1697,97.9,0,2022,5,4,None,None,Low,64,0
HEMM-D005,Dumper,2023-03-09,2,0,1,12,84.5,4.53,2.03,37.2,86.8,0.85,24.5,183.4,313.3,1666.0,1945,16,18.65,1.2185,99.9,0,2023,3,3,None,None,Low,156,0
HEMM-DR02,Drill Rig,2023-01-08,1,0,1,4,86.7,5.08,1.95,37.2,84.7,0.87,24.7,182.2,311.3,1721.0,2370,16,17.07,1.1331,99.2,0,2023,1,6,None,None,Low,145,0
HEMM-SC01,Scraper,2023-11-16,5,0,0,4,83.2,4.13,2.04,38.9,76.5,0.81,24.9,178.6,326.2,1748.0,630,16,20.15,1.167,95.8,0,2023,11,3,None,None,Low,145,0
HEMM-B003,Dozer,2023-02-28,0,1,1,10,95.8,4.67,2.02,30.8,76.7,0.84,23.1,189.4,320.3,1905.0,6979,54,20.51,1.0604,92.4,0,2023,2,1,None,None,Low,67,0
HEMM-SC01,Scraper,2022-05-13,5,2,0,17,83.8,4.24,0.95,31.0,82.4,0.87,21.3,192.4,313.0,1716.0,2978,92,19.76,0.5536,98.7,0,2022,5,4,Electrical Fault,Electrical,Critical,4,1
HEMM-B001,Dozer,2023-10-07,0,1,0,3,88.2,4.53,2.66,42.5,75.3,1.0,24.9,178.8,310.8,1784.0,2939,60,19.47,1.491,93.7,0,2023,10,5,None,None,Low,95,0
HEMM-L001,Wheel Loader,2021-06-07,6,0,2,9,88.8,4.77,2.06,36.6,81.5,0.78,24.9,158.2,323.6,1943.0,4240,97,18.62,1.0602,97.7,0,2021,6,0,None,None,Low,57,0
HEMM-E002,Excavator,2023-07-27,3,1,0,5,73.2,4.81,1.67,41.8,78.7,0.82,24.1,182.1,353.2,1767.0,5191,5,15.22,0.9451,98.7,0,2023,7,3,None,None,Low,68,0
HEMM-G002,Grader,2022-11-06,4,0,2,11,86.6,4.57,2.28,43.6,82.1,0.76,24.3,174.1,340.1,1630.0,7255,109,18.95,1.3988,98.4,0,2022,11,6,None,None,Low,97,0
HEMM-D005,Dumper,2022-09-08,2,0,0,20,88.8,4.62,1.77,30.9,79.9,0.95,25.0,175.0,304.4,1724.0,11591,30,19.22,1.0267,97.3,0,2022,9,3,None,None,Medium,112,0
HEMM-G002,Grader,2022-10-16,4,0,1,16,79.6,4.46,1.75,31.8,83.5,0.95,24.5,182.6,353.8,1754.0,9635,105,17.85,0.9977,99.8,0,2022,10,6,None,None,Medium,175,0
HEMM-B001,Dozer,2023-03-16,0,0,2,4,92.7,4.08,1.58,33.4,80.0,0.95,24.7,171.1,323.6,1930.0,9438,30,22.72,0.8187,93.3,0,2023,3,3,None,None,Medium,94,0
HEMM-E001,Excavator,2021-02-25,3,2,0,15,83.4,4.59,2.63,38.3,79.4,0.82,24.1,166.1,288.0,1678.0,11805,31,18.17,1.5673,97.1,0,2021,2,3,None,None,Medium,176,0
HEMM-D003,Dumper,2023-04-18,2,2,0,16,86.3,4.13,2.25,44.3,81.2,0.91,25.4,170.5,315.1,1706.0,2480,86,20.9,1.3189,96.4,0,2023,4,1,None,None,Low,175,0
HEMM-D005,Dumper,2023-05-17,2,0,0,3,80.0,4.28,2.36,43.3,82.1,0.96,25.4,203.8,323.2,1567.0,7557,81,18.69,1.5061,97.8,0,2023,5,2,None,None,Low,64,0
HEMM-SC01,Scraper,2023-11-04,5,2,0,14,66.0,4.03,2.2,43.9,83.9,0.77,23.9,168.9,292.0,1932.0,9107,9,16.38,1.1387,97.1,0,2023,11,5,None,None,Medium,100,0
HEMM-SC01,Scraper,2021-06-24,5,1,0,8,89.3,3.93,6.02,39.6,83.8,0.91,24.5,187.2,322.1,1535.0,10974,90,22.72,3.9218,82.9,1,2021,6,3,Transmission Failure,Transmission,Critical,0,1
HEMM-B003,Dozer,2023-06-01,0,1,1,1,105.0,4.29,2.2,44.5,77.6,0.76,23.9,191.5,322.9,1742.0,1815,38,24.48,1.2629,86.6,0,2023,6,3,None,None,High,146,0
HEMM-L002,Wheel Loader,2022-03-29,6,0,2,12,79.2,4.42,1.82,34.1,82.0,0.78,24.4,184.7,315.7,1866.0,6608,64,17.92,0.9753,99.6,0,2022,3,1,None,None,Low,178,0
HEMM-L002,Wheel Loader,2021-11-05,6,0,0,1,78.5,3.81,1.82,33.4,86.3,0.9,24.6,178.4,373.6,1806.0,8109,18,20.6,1.0078,96.6,0,2021,11,4,None,None,Medium,76,0
HEMM-D003,Dumper,2021-08-26,2,2,0,5,83.1,3.83,2.3,33.8,81.4,0.84,24.9,179.4,330.7,1580.0,5907,44,21.7,1.4557,95.5,0,2021,8,3,None,None,Low,71,0
HEMM-E002,Excavator,2023-12-04,3,0,0,12,83.7,3.78,2.19,29.0,79.4,0.93,24.8,184.5,286.7,1905.0,8001,17,22.14,1.1496,94.8,0,2023,12,0,None,None,Medium,129,0
HEMM-DR02,Drill Rig,2022-10-16,1,1,2,10,88.4,4.65,5.39,37.3,57.8,0.86,24.0,172.6,345.8,1686.0,932,108,19.01,3.1969,78.4,1,2022,10,6,Tyre Burst,Tyres,Critical,5,1
HEMM-E001,Excavator,2022-05-15,3,2,0,6,88.9,4.9,1.66,30.5,81.6,0.99,24.1,154.1,321.2,1895.0,9242,25,18.14,0.876,97.9,0,2022,5,6,None,None,Medium,42,0
HEMM-DR02,Drill Rig,2022-04-20,1,0,2,6,97.3,4.9,2.05,48.4,79.5,0.76,24.4,166.2,296.4,1699.0,3253,86,19.86,1.2066,92.7,0,2022,4,2,None,None,Low,159,0
HEMM-D001,Dumper,2022-02-09,2,0,1,19,82.5,4.69,1.71,45.6,84.6,0.94,24.5,183.9,345.0,1667.0,7237,54,17.59,1.0258,100.0,0,2022,2,2,None,None,Low,163,0
HEMM-E002,Excavator,2022-07-25,3,2,2,3,74.4,4.5,1.37,43.1,83.0,0.9,23.8,184.6,312.4,1777.0,9659,18,16.53,0.771,100.0,0,2022,7,0,None,None,Medium,98,0
HEMM-B003,Dozer,2022-02-08,0,0,0,4,79.6,4.39,1.49,40.6,78.7,0.88,23.9,185.2,332.6,1612.0,4498,90,18.13,0.9243,98.1,0,2022,2,1,None,None,Low,101,0
HEMM-B003,Dozer,2023-03-07,0,2,0,13,86.1,4.6,1.57,33.5,78.2,0.77,24.8,193.1,322.6,1813.0,9817,19,18.72,0.866,97.9,0,2023,3,1,None,None,Medium,144,0
HEMM-DR02,Drill Rig,2021-12-20,1,2,1,10,83.6,4.22,1.99,40.7,78.6,0.93,24.6,188.9,303.3,1858.0,10267,80,19.81,1.071,97.2,0,2021,12,0,None,None,Medium,154,0
HEMM-B003,Dozer,2021-08-30,0,1,0,10,93.9,4.46,1.9,50.5,73.8,0.88,24.7,185.5,309.0,1992.0,2116,28,21.05,0.9538,92.1,0,2021,8,0,None,None,Low,115,0
HEMM-L002,Wheel Loader,2023-03-07,6,0,0,20,78.8,3.71,2.3,27.7,82.1,0.93,24.5,174.5,331.9,1777.0,2458,78,21.24,1.2943,95.1,0,2023,3,1,None,None,Low,151,0
HEMM-L001,Wheel Loader,2021-12-21,6,2,1,6,86.1,4.3,1.93,35.7,77.3,0.79,25.1,176.6,284.7,1950.0,8222,41,20.02,0.9897,96.6,0,2021,12,1,None,None,Medium,86,0
HEMM-DR02,Drill Rig,2021-04-20,1,0,1,1,84.0,4.98,1.94,36.4,80.0,0.96,24.6,179.6,349.0,1783.0,8139,22,16.87,1.0881,99.2,0,2021,4,1,None,None,Medium,86,0
HEMM-SC01,Scraper,2023-11-02,5,2,0,16,94.4,4.41,1.79,30.1,81.8,0.89,24.2,161.5,335.7,1732.0,6903,92,21.41,1.0335,94.8,0,2023,11,3,None,None,Low,82,0
HEMM-DR02,Drill Rig,2023-09-28,1,1,1,3,82.5,4.59,1.87,39.4,86.1,0.93,24.9,165.8,297.0,1516.0,9463,8,17.97,1.2335,100.0,0,2023,9,3,None,None,Medium,52,0
HEMM-B001,Dozer,2022-04-06,0,2,0,10,79.0,4.29,1.93,33.7,77.1,0.77,24.6,169.4,306.1,1705.0,2955,104,18.41,1.132,97.0,0,2022,4,2,None,None,Low,105,0
HEMM-L001,Wheel Loader,2023-11-13,6,1,2,19,85.3,4.6,2.16,43.7,82.4,0.92,24.3,189.4,310.8,1841.0,2071,39,18.54,1.1733,99.4,0,2023,11,0,None,None,Low,170,0
HEMM-G001,Grader,2021-03-27,4,2,0,15,91.0,4.61,1.62,39.6,78.0,0.98,20.1,187.6,342.5,1709.0,9151,32,19.74,0.9479,95.4,0,2021,3,5,Electrical Fault,Electrical,Critical,3,1
HEMM-D002,Dumper,2023-07-11,2,0,1,12,80.4,4.77,1.6,29.9,80.7,0.86,24.3,184.7,317.3,1839.0,1625,61,16.86,0.87,99.5,0,2023,7,1,None,None,Low,97,0
HEMM-E003,Excavator,2022-03-06,3,2,2,19,88.2,4.67,1.4,33.5,82.0,0.85,24.2,193.5,350.0,1777.0,11490,49,18.89,0.7878,98.4,0,2022,3,6,None,None,Medium,138,0
HEMM-DR01,Drill Rig,2021-12-06,1,2,1,5,74.4,4.06,2.57,37.4,82.9,0.83,25.0,187.7,333.0,1881.0,3585,109,18.33,1.3663,96.1,0,2021,12,0,None,None,Low,34,0
HEMM-G001,Grader,2023-12-27,4,0,0,20,73.5,4.28,1.6,29.5,84.6,0.91,23.8,184.6,333.3,2006.0,9027,26,17.17,0.7976,98.9,0,2023,12,2,None,None,Medium,134,0
HEMM-B002,Dozer,2022-08-16,0,2,2,9,89.6,4.38,3.03,36.1,79.8,0.82,24.1,165.8,304.2,1834.0,8628,120,20.46,1.6521,93.1,0,2022,8,1,None,None,Medium,120,0
HEMM-D005,Dumper,2023-04-23,2,1,2,9,86.8,4.92,2.44,35.0,81.2,0.9,24.3,181.2,318.7,1829.0,10946,21,17.64,1.3341,97.5,0,2023,4,6,None,None,Medium,140,0
HEMM-E003,Excavator,2021-10-27,3,2,2,11,82.1,4.48,2.14,42.5,82.0,0.93,25.2,183.7,317.4,1910.0,4255,102,18.33,1.1204,99.5,0,2021,10,2,None,None,Low,142,0
HEMM-D005,Dumper,2022-07-05,2,2,1,14,78.9,4.49,1.12,44.6,81.0,0.96,24.7,173.5,321.7,1801.0,6346,62,17.57,0.6219,99.6,0,2022,7,1,None,None,Low,174,0
HEMM-D003,Dumper,2023-04-06,2,2,0,9,88.8,4.96,1.96,33.2,79.6,0.78,25.0,172.9,289.1,1784.0,11582,117,17.9,1.0987,97.1,0,2023,4,3,None,None,Medium,146,0
HEMM-L001,Wheel Loader,2022-11-02,6,2,0,1,88.7,4.43,1.47,37.7,81.6,0.93,25.0,182.8,309.8,1715.0,1726,98,20.02,0.8571,97.6,0,2022,11,2,None,None,Low,78,0
HEMM-G001,Grader,2021-05-10,4,2,1,13,80.3,4.46,1.56,31.5,89.7,0.76,24.7,182.6,345.7,1557.0,3768,59,18.0,1.0019,99.8,0,2021,5,0,None,None,Low,151,0
HEMM-B003,Dozer,2022-08-04,0,0,2,18,85.5,3.83,2.03,38.4,84.7,0.76,24.5,189.7,322.4,1780.0,9668,21,22.32,1.1404,96.3,0,2022,8,3,None,None,Medium,86,0
HEMM-B003,Dozer,2021-04-10,0,1,0,4,108.7,4.23,1.37,34.0,82.6,0.39,24.7,151.5,302.9,1687.0,10459,105,25.7,0.8121,86.8,0,2021,4,5,Cooling System Failure,Cooling System,Critical,2,1
HEMM-DR02,Drill Rig,2021-01-02,1,0,2,7,78.8,5.12,1.68,31.7,84.1,0.98,25.1,187.1,356.4,1859.0,11481,21,15.39,0.9037,100.0,0,2021,1,5,None,None,Medium,102,0
HEMM-B001,Dozer,2021-07-11,0,2,0,12,86.2,5.24,1.81,39.6,74.8,0.88,23.9,176.6,370.2,1796.0,4302,15,16.45,1.0078,96.5,0,2021,7,6,None,None,Low,80,0
HEMM-E001,Excavator,2021-04-17,3,0,1,10,82.5,4.26,2.11,34.8,82.7,0.95,23.5,192.6,300.1,1859.0,11659,101,19.37,1.135,98.5,0,2021,4,5,None,None,Medium,39,0
HEMM-D003,Dumper,2021-07-14,2,1,1,7,79.1,4.57,2.88,40.5,81.8,0.89,25.0,182.0,352.6,1862.0,8012,14,17.31,1.5467,97.3,0,2021,7,2,None,None,Medium,100,0
HEMM-L002,Wheel Loader,2023-07-01,6,1,1,1,77.2,4.38,2.21,30.1,79.4,0.9,24.7,188.0,377.9,1888.0,11596,48,17.63,1.1706,97.7,0,2023,7,5,None,None,Medium,179,0
HEMM-DR01,Drill Rig,2021-09-28,1,0,1,3,89.0,4.27,1.86,36.2,81.0,0.96,24.7,174.0,321.7,1959.0,3951,54,20.84,0.9495,96.4,0,2021,9,1,None,None,Low,103,0
HEMM-D004,Dumper,2021-07-31,2,0,0,12,102.7,4.64,1.82,44.7,81.7,0.75,23.3,183.3,319.9,1728.0,5102,22,22.13,1.0532,91.0,0,2021,7,5,None,None,High,44,0
HEMM-D005,Dumper,2021-10-20,2,1,2,17,72.8,3.91,1.92,44.0,75.9,0.89,24.3,173.2,305.1,1732.0,9428,6,18.62,1.1085,94.6,0,2021,10,2,None,None,Medium,98,0
HEMM-DR02,Drill Rig,2022-12-21,1,2,1,7,75.9,4.51,1.43,27.5,86.3,0.84,24.0,175.2,287.3,1822.0,10490,100,16.83,0.7849,100.0,0,2022,12,2,None,None,Medium,170,0
HEMM-DR02,Drill Rig,2022-03-21,1,1,1,4,82.0,5.06,1.58,36.0,81.3,0.93,24.5,178.9,344.4,1692.0,2493,101,16.21,0.9338,99.7,0,2022,3,0,None,None,Low,51,0
HEMM-G002,Grader,2022-12-21,4,0,0,11,92.5,4.26,1.81,29.1,85.7,1.0,25.0,186.8,296.9,1875.0,2490,36,21.71,0.9653,95.0,0,2022,12,2,None,None,Low,126,0
HEMM-E003,Excavator,2022-08-07,3,2,0,1,86.6,3.98,1.21,38.7,75.2,0.93,24.6,167.2,311.0,1975.0,10987,117,21.76,0.6127,93.9,0,2022,8,6,None,None,Medium,60,0
HEMM-L002,Wheel Loader,2022-01-22,6,2,1,13,84.6,3.87,1.62,35.2,73.9,0.81,24.5,169.0,317.8,1740.0,5042,87,21.86,0.931,93.6,0,2022,1,5,None,None,Low,99,0
HEMM-E003,Excavator,2023-10-11,3,0,2,4,87.5,4.74,1.88,33.2,90.1,0.76,25.3,180.0,336.2,1738.0,4149,68,18.46,1.0817,98.8,0,2023,10,2,None,None,Low,162,0
HEMM-L002,Wheel Loader,2021-01-25,6,0,2,11,85.8,4.37,1.95,34.0,83.6,0.78,23.6,189.9,332.9,1563.0,2362,54,19.63,1.2476,98.9,0,2021,1,0,None,None,Low,88,0
HEMM-SC01,Scraper,2021-12-20,5,0,1,3,132.8,4.45,2.34,49.2,79.7,0.63,25.0,164.9,411.4,1653.0,473,80,29.84,1.4156,73.9,1,2021,12,0,Engine Overheat,Engine,Critical,3,1
HEMM-D002,Dumper,2023-03-27,2,2,2,10,89.1,4.83,2.13,35.3,85.4,0.84,23.8,183.2,316.7,1876.0,10498,96,18.45,1.1354,97.6,0,2023,3,0,None,None,Medium,131,0
HEMM-DR01,Drill Rig,2023-04-04,1,1,1,18,89.1,4.69,2.43,33.6,83.4,0.91,24.2,179.3,341.6,1754.0,9008,83,19.0,1.3854,96.7,0,2023,4,1,None,None,Medium,98,0
HEMM-B002,Dozer,2021-06-11,0,2,0,7,84.1,4.96,1.72,30.4,81.2,0.98,24.8,185.7,334.6,1693.0,2745,73,16.96,1.0159,99.7,0,2021,6,4,None,None,Low,55,0
HEMM-D003,Dumper,2022-09-28,2,2,1,14,93.8,4.2,6.11,36.4,57.5,0.9,23.6,157.7,324.5,1744.0,4109,12,22.33,3.5034,72.0,1,2022,9,2,Tyre Burst,Tyres,Critical,6,1
HEMM-DR02,Drill Rig,2021-04-23,1,0,2,6,87.5,1.92,1.91,43.9,84.4,0.77,23.5,128.8,349.9,1751.0,2156,6,45.57,1.0908,85.8,1,2021,4,4,Hydraulic Failure,Hydraulics,Critical,0,1
HEMM-L001,Wheel Loader,2022-12-12,6,2,0,17,81.0,4.11,6.92,33.1,47.4,0.8,24.5,184.9,334.1,1750.0,4447,26,19.71,3.9543,69.4,1,2022,12,0,Tyre Burst,Tyres,Critical,4,1
HEMM-D001,Dumper,2022-11-18,2,0,0,9,85.35,4.04,2.34,40.1,82.4,0.8,24.7,198.7,344.9,1871.0,8782,13,21.13,1.2507,96.5,0,2022,11,4,None,None,Medium,116,0
HEMM-D003,Dumper,2023-10-14,2,0,0,17,92.8,4.73,2.41,41.2,82.0,0.82,24.5,176.6,332.6,1737.0,6100,12,19.62,1.3874,94.9,0,2023,10,5,None,None,Low,84,0
HEMM-E001,Excavator,2023-01-24,3,1,2,9,80.7,4.24,2.35,37.9,80.2,0.94,24.3,188.8,320.0,1840.0,1885,119,19.03,1.2772,96.9,0,2023,1,1,None,None,Low,173,0
HEMM-D004,Dumper,2022-04-13,2,2,1,17,77.3,3.75,2.37,37.9,87.1,0.98,24.4,192.5,331.1,1765.0,242,10,20.61,1.3428,95.1,0,2022,4,2,None,None,Low,130,0
HEMM-L001,Wheel Loader,2023-01-16,6,0,1,5,74.4,4.46,2.76,40.4,82.4,0.87,23.8,188.3,283.2,2040.0,3132,114,16.68,1.3529,97.5,0,2023,1,0,None,None,Low,98,0
HEMM-DR01,Drill Rig,2022-04-05,1,0,0,8,106.4,4.04,2.22,44.7,77.0,0.88,25.1,191.4,292.2,1876.0,7019,97,26.34,1.1834,84.3,0,2022,4,1,None,None,High,83,0
HEMM-D003,Dumper,2023-02-03,2,1,1,17,82.9,2.66,4.75,38.2,74.6,0.8,24.1,179.9,315.7,1221.0,11231,120,31.17,3.8903,79.6,1,2023,2,4,Transmission Failure,Transmission,Critical,0,1
HEMM-D003,Dumper,2023-08-11,2,0,2,10,90.8,5.11,1.45,29.4,74.3,0.83,24.7,185.8,318.0,1794.0,5562,16,17.77,0.8082,94.0,0,2023,8,4,None,None,Low,38,0
HEMM-G001,Grader,2022-02-15,4,0,2,19,81.4,4.1,2.41,34.7,77.3,0.86,25.0,178.3,323.8,1810.0,5179,99,19.85,1.3315,94.9,0,2022,2,1,None,None,Low,49,0
HEMM-G001,Grader,2023-10-08,4,1,1,18,80.5,4.23,1.66,39.1,82.3,0.98,25.2,180.1,308.1,1770.0,4216,24,19.03,0.9379,98.6,0,2023,10,6,None,None,Low,58,0
HEMM-D001,Dumper,2022-04-23,2,2,2,12,81.4,4.97,1.9,34.7,82.1,0.85,24.6,174.3,336.6,1821.0,10619,112,16.38,1.0434,100.0,0,2022,4,5,None,None,Medium,159,0
HEMM-B003,Dozer,2021-01-03,0,2,1,13,77.1,4.18,1.58,34.3,81.9,0.9,24.5,196.5,324.5,1698.0,5238,18,18.44,0.9305,98.4,0,2021,1,6,None,None,Low,96,0
HEMM-E003,Excavator,2023-05-10,3,0,0,2,84.9,3.74,6.14,44.5,83.7,0.97,25.2,197.3,290.5,1290.0,2532,96,22.7,4.7597,83.8,1,2023,5,2,Transmission Failure,Transmission,Critical,3,1
HEMM-G001,Grader,2023-07-28,4,2,2,3,99.7,4.34,4.34,32.9,57.2,0.91,24.8,171.3,295.5,1929.0,9715,17,22.97,2.2499,74.9,0,2023,7,4,Tyre Burst,Tyres,Critical,6,1
HEMM-D002,Dumper,2023-06-10,2,2,0,5,85.4,4.38,2.46,23.8,81.9,0.93,24.4,196.7,311.8,1867.0,4079,42,19.5,1.3176,97.8,0,2023,6,5,None,None,Low,55,0
HEMM-G002,Grader,2022-10-31,4,0,1,15,80.4,4.3,1.57,34.3,81.6,0.89,25.3,186.2,320.8,1753.0,4655,34,18.7,0.8956,98.8,0,2022,10,0,None,None,Low,126,0
HEMM-D005,Dumper,2021-08-12,2,1,0,4,73.4,4.48,1.41,44.6,82.0,0.87,24.6,188.1,322.6,1777.0,2893,62,16.38,0.7935,99.9,0,2021,8,3,None,None,Low,175,0
HEMM-D004,Dumper,2023-01-04,2,1,0,15,96.1,4.41,3.06,37.2,76.5,0.81,24.4,186.3,320.9,1862.0,5251,64,21.79,1.6434,88.6,0,2023,1,2,None,None,Low,128,0
HEMM-D003,Dumper,2021-11-19,2,2,2,10,91.2,3.48,1.53,37.3,81.7,0.8,24.9,100.2,317.8,1917.0,11745,94,26.21,0.7981,91.7,0,2021,11,4,Hydraulic Failure,Hydraulics,Critical,5,1
HEMM-D003,Dumper,2022-05-24,2,0,2,13,84.2,4.37,1.97,36.1,85.9,0.91,24.2,196.9,329.4,1798.0,8612,11,19.27,1.0957,99.4,0,2022,5,1,None,None,Medium,121,0
HEMM-E001,Excavator,2021-03-05,3,0,2,15,91.9,4.6,1.91,35.1,87.9,0.92,24.2,173.3,305.1,1735.0,9308,100,19.98,1.1009,96.6,0,2021,3,4,None,None,Medium,71,0
HEMM-DR02,Drill Rig,2021-07-28,1,1,1,4,85.35,4.42,2.26,53.2,79.6,0.82,24.4,190.6,326.2,1711.0,395,12,19.31,1.3209,97.7,0,2021,7,2,Fuel System Failure,Fuel System,Critical,6,1
HEMM-D003,Dumper,2022-06-15,2,1,2,1,81.8,5.0,1.95,40.9,81.6,0.97,25.3,173.9,331.9,1841.0,1256,30,16.36,1.0592,99.8,0,2022,6,2,None,None,Low,166,0
HEMM-D005,Dumper,2021-07-08,2,0,1,4,87.9,2.53,5.46,39.1,81.8,0.88,23.6,180.2,322.4,1407.0,899,64,34.74,3.8806,78.2,1,2021,7,3,Transmission Failure,Transmission,Critical,6,1
HEMM-L001,Wheel Loader,2021-03-02,6,0,1,14,78.7,4.5,2.01,48.0,81.6,0.79,25.3,169.5,329.5,1829.0,3031,50,17.49,1.099,99.8,0,2021,3,1,None,None,Low,86,0
HEMM-B001,Dozer,2022-07-28,0,0,2,5,92.7,4.51,2.22,39.0,79.4,0.81,24.8,185.0,320.0,1841.0,767,83,20.55,1.2059,94.5,0,2022,7,3,None,None,Low,133,0
HEMM-B002,Dozer,2023-10-19,0,0,1,18,80.6,4.65,2.8,48.1,81.3,0.96,24.1,177.6,311.9,1747.0,8048,12,17.33,1.6027,97.3,0,2023,10,3,None,None,Medium,106,0
HEMM-D005,Dumper,2023-05-09,2,1,2,17,87.4,4.26,2.12,33.4,77.4,0.94,24.3,192.3,309.1,1790.0,4282,85,20.52,1.1844,95.4,0,2023,5,1,None,None,Low,84,0
HEMM-G002,Grader,2023-01-06,4,0,2,18,75.5,4.4,2.41,42.0,82.1,0.95,24.0,180.2,334.8,1805.0,8140,49,17.16,1.3352,98.3,0,2023,1,4,None,None,Medium,49,0
HEMM-G002,Grader,2022-07-08,4,1,1,1,138.0,5.03,2.15,52.1,79.7,0.45,24.5,173.4,413.8,1814.0,5424,81,27.44,1.1852,72.1,1,2022,7,4,Engine Overheat,Engine,Critical,4,1
HEMM-L001,Wheel Loader,2023-12-21,6,0,1,19,88.1,4.52,1.86,39.2,79.7,0.86,24.7,186.6,299.7,1763.0,4013,25,19.49,1.055,97.5,0,2023,12,3,None,None,Low,41,0
HEMM-E003,Excavator,2022-06-30,3,2,0,2,90.4,4.91,1.52,32.0,78.3,0.8,23.6,179.8,313.3,1818.0,3794,78,18.41,0.8361,95.8,0,2022,6,3,None,None,Low,90,0
HEMM-E001,Excavator,2021-12-27,3,1,2,19,84.5,3.86,2.4,33.2,77.7,0.95,25.7,170.3,331.2,1772.0,5410,108,21.89,1.3544,93.9,0,2021,12,0,None,None,Low,88,0
HEMM-D001,Dumper,2022-12-22,2,2,1,19,95.1,4.49,1.47,41.4,81.2,0.89,25.0,169.5,337.4,1681.0,2528,77,21.18,0.8745,94.6,0,2022,12,3,None,None,Low,82,0
HEMM-L001,Wheel Loader,2022-09-25,6,1,1,16,82.9,4.15,2.04,38.5,88.1,0.78,24.8,197.5,338.4,1828.0,821,16,19.98,1.116,98.1,0,2022,9,6,None,None,Low,136,0
HEMM-E003,Excavator,2021-02-10,3,2,2,16,83.2,4.42,1.65,38.9,84.4,0.95,23.4,174.7,308.8,1848.0,211,47,18.82,0.8929,99.6,0,2021,2,2,None,None,Low,79,0
HEMM-D005,Dumper,2022-11-29,2,2,1,6,84.4,4.35,7.28,40.6,47.6,0.92,25.4,186.5,304.3,1882.0,5501,12,19.4,3.8682,69.6,1,2022,11,1,Tyre Burst,Tyres,Critical,2,1
HEMM-L002,Wheel Loader,2023-01-18,6,1,0,12,84.9,4.47,1.72,39.6,76.5,0.91,24.3,161.3,303.4,1659.0,11743,89,18.99,1.0368,97.6,0,2023,1,2,None,None,Medium,124,0
HEMM-B003,Dozer,2022-09-11,0,0,0,5,85.35,5.04,1.5,39.2,79.6,0.9,24.0,176.8,315.2,1858.0,2780,98,16.93,0.8073,98.9,0,2022,9,6,None,None,High,144,0
HEMM-L001,Wheel Loader,2022-10-12,6,1,2,18,89.9,4.41,1.85,38.3,85.9,0.82,23.5,178.2,333.2,1905.0,11563,118,20.39,0.9711,97.1,0,2022,10,2,None,None,Medium,147,0
HEMM-E003,Excavator,2021-12-26,3,0,1,10,83.0,3.05,2.04,34.7,80.3,0.84,24.7,169.7,312.5,1650.0,11480,42,27.21,1.2364,91.9,0,2021,12,6,Transmission Failure,Transmission,Critical,0,1
HEMM-D002,Dumper,2022-01-08,2,2,2,11,92.4,4.42,1.76,19.5,89.0,0.75,23.3,180.2,299.7,1616.0,10216,33,20.9,1.0891,95.9,0,2022,1,5,None,None,Medium,36,0
HEMM-L001,Wheel Loader,2021-10-16,6,0,0,3,92.1,4.76,2.29,43.8,71.3,0.79,24.5,181.2,302.6,1768.0,4099,49,19.35,1.2952,91.3,0,2021,10,5,Fuel System Failure,Fuel System,Critical,1,1
HEMM-DR02,Drill Rig,2021-01-24,1,0,1,7,89.8,5.36,2.36,42.8,83.9,0.8,24.5,192.3,339.7,1660.0,4288,93,16.75,1.4217,96.5,0,2021,1,6,None,None,Low,31,0
HEMM-D004,Dumper,2021-01-03,2,1,0,13,102.6,4.98,1.5,41.9,86.1,0.8,24.3,182.4,345.1,1879.0,7379,98,20.6,0.7983,91.2,0,2021,1,6,None,None,High,62,0
HEMM-DR01,Drill Rig,2023-10-07,1,0,1,12,92.8,4.05,1.93,38.4,78.2,0.77,25.0,171.4,340.2,1679.0,9146,53,22.91,1.1495,92.3,0,2023,10,5,None,None,Medium,75,0
HEMM-E003,Excavator,2021-11-30,3,0,1,3,85.4,4.43,2.09,32.0,80.7,0.84,24.5,190.9,326.3,1796.0,747,42,19.28,1.1637,98.7,0,2021,11,1,None,None,Low,147,0
HEMM-D004,Dumper,2021-06-01,2,0,2,6,109.4,4.13,1.62,49.5,83.1,0.89,24.4,180.7,323.9,2039.0,6351,25,26.49,0.7945,86.0,0,2021,6,1,Fuel System Failure,Fuel System,Critical,1,1
HEMM-L001,Wheel Loader,2021-03-05,6,0,0,6,113.2,4.24,2.46,43.9,80.6,0.99,24.8,165.4,305.8,1714.0,10150,118,26.7,1.4352,82.7,1,2021,3,4,Fuel System Failure,Fuel System,Critical,1,1
HEMM-E002,Excavator,2022-01-25,3,0,2,18,83.7,3.78,1.87,41.7,76.9,0.91,24.3,192.3,316.5,1767.0,9049,38,22.14,1.0583,94.4,0,2022,1,1,None,None,Medium,104,0
HEMM-E003,Excavator,2021-07-16,3,1,0,13,116.0,4.87,1.88,54.0,84.4,0.71,24.5,169.9,365.0,2017.0,9567,75,23.82,0.9321,84.5,1,2021,7,4,Engine Overheat,Engine,Critical,5,1
HEMM-DR01,Drill Rig,2021-06-29,1,0,1,20,90.6,4.7,2.4,40.5,81.2,0.98,19.9,185.4,334.3,2039.0,8069,30,19.28,1.177,95.7,0,2021,6,1,Electrical Fault,Electrical,Critical,2,1
HEMM-D003,Dumper,2023-08-28,2,1,0,10,87.5,4.71,2.1,38.0,85.0,0.86,24.2,193.1,337.1,1703.0,6712,65,18.58,1.2331,98.4,0,2023,8,0,None,None,Low,141,0
HEMM-B001,Dozer,2021-07-06,0,2,0,18,87.9,4.96,2.08,42.1,81.6,0.86,25.2,182.3,330.2,1809.0,6549,28,17.72,1.1498,98.2,0,2021,7,1,None,None,Low,48,0
HEMM-G001,Grader,2022-01-18,4,0,0,2,81.5,4.51,1.33,34.4,78.9,0.8,24.8,177.4,315.8,1870.0,4513,61,18.07,0.7112,98.8,0,2022,1,1,None,None,Low,125,0
HEMM-B001,Dozer,2021-05-07,0,1,0,4,82.3,4.56,2.09,39.5,82.0,0.87,23.9,177.8,332.2,1644.0,1604,90,18.05,1.2713,99.7,0,2021,5,4,None,None,Low,115,0
HEMM-DR01,Drill Rig,2022-04-11,1,2,2,2,77.8,4.84,1.68,37.9,88.2,0.84,25.0,190.3,340.1,1878.0,6542,109,16.07,0.8946,100.0,0,2022,4,0,None,None,Low,107,0
HEMM-SC01,Scraper,2023-08-31,5,2,1,8,75.1,4.88,2.93,37.9,84.0,0.77,25.1,181.8,332.5,1772.0,8003,43,15.39,1.6535,97.2,0,2023,8,3,None,None,Medium,164,0
HEMM-D002,Dumper,2023-10-26,2,2,2,17,86.0,2.69,2.3,32.6,89.6,0.96,24.4,88.1,304.2,1773.0,9563,91,31.97,1.2972,89.6,1,2023,10,3,Hydraulic Failure,Hydraulics,Critical,7,1
HEMM-E001,Excavator,2022-03-10,3,1,1,5,73.2,4.51,2.32,38.4,77.9,0.78,24.3,205.4,319.2,1660.0,899,59,16.23,1.3976,97.4,0,2022,3,3,None,None,Low,175,0
HEMM-DR01,Drill Rig,2022-02-18,1,2,0,5,95.1,4.49,1.8,34.1,82.7,0.81,24.3,169.4,277.9,1779.0,9949,38,21.18,1.0118,94.9,0,2022,2,4,None,None,Medium,164,0
HEMM-D003,Dumper,2021-06-28,2,0,0,18,92.3,4.78,1.73,36.6,81.9,0.77,24.8,186.7,313.3,1814.0,6710,75,19.31,0.9537,96.3,0,2021,6,0,None,None,Low,109,0
HEMM-L002,Wheel Loader,2023-07-28,6,1,0,20,95.8,3.42,2.07,30.7,85.0,0.87,25.2,107.5,324.6,1825.0,9826,71,28.01,1.1342,89.0,0,2023,7,4,Hydraulic Failure,Hydraulics,Critical,2,1
HEMM-D004,Dumper,2021-08-05,2,2,2,4,88.6,4.58,2.48,42.0,77.3,0.97,25.6,171.5,330.4,1747.0,4887,116,19.34,1.4196,94.9,0,2021,8,3,None,None,Low,90,0
HEMM-DR01,Drill Rig,2022-06-25,1,0,0,16,84.7,2.96,5.78,33.8,77.3,0.86,24.5,182.7,278.5,1364.0,9572,82,28.61,4.2375,79.1,1,2022,6,5,Transmission Failure,Transmission,Critical,4,1
HEMM-D005,Dumper,2023-04-03,2,1,1,13,85.1,4.1,1.78,32.3,83.0,0.84,21.3,198.0,294.0,1615.0,5631,93,20.76,1.1022,98.0,0,2023,4,0,Electrical Fault,Electrical,Critical,7,1
HEMM-G001,Grader,2021-02-11,4,0,0,10,86.7,4.52,2.27,37.0,90.5,0.98,24.5,180.1,341.6,1607.0,5294,40,19.18,1.4126,98.3,0,2021,2,3,None,None,Low,170,0
HEMM-D004,Dumper,2022-04-12,2,1,0,10,79.0,4.41,2.58,33.5,75.9,0.96,24.1,189.3,313.4,1749.0,7459,104,17.91,1.4751,95.4,0,2022,4,1,None,None,Low,174,0
HEMM-DR01,Drill Rig,2021-07-02,1,1,0,15,100.2,3.7,0.96,48.3,85.0,0.97,24.2,173.7,331.7,1820.0,3663,110,27.08,0.5275,88.4,0,2021,7,4,None,None,High,66,0
HEMM-L002,Wheel Loader,2023-02-05,6,1,0,17,78.8,4.16,2.26,38.2,72.7,0.93,24.4,170.7,378.7,1693.0,2804,13,18.94,1.3349,93.8,0,2023,2,6,None,None,Low,89,0
HEMM-G002,Grader,2021-10-05,4,2,1,19,83.4,4.27,1.84,46.0,82.8,0.98,25.2,202.3,302.3,1743.0,674,27,19.53,1.0557,98.8,0,2021,10,1,None,None,Low,159,0
HEMM-E002,Excavator,2021-04-29,3,1,0,2,73.0,4.8,2.26,42.9,81.9,0.82,24.9,178.0,326.2,1866.0,7678,11,15.21,1.2111,99.2,0,2021,4,3,None,None,Low,79,0
HEMM-B001,Dozer,2023-01-25,0,0,1,17,74.2,4.38,1.19,31.1,89.5,0.88,23.7,184.4,353.4,1913.0,6703,86,16.94,0.6221,99.4,0,2023,1,2,None,None,Low,177,0
HEMM-E003,Excavator,2023-02-02,3,0,0,20,80.9,4.24,2.39,44.5,80.1,0.82,24.9,183.4,358.8,1929.0,7508,27,19.08,1.239,96.8,0,2023,2,3,None,None,Low,55,0
HEMM-G001,Grader,2022-12-07,4,1,0,9,87.8,3.15,2.01,36.1,72.4,0.82,24.9,97.5,332.9,1857.0,11486,16,27.87,1.0824,88.0,0,2022,12,2,Hydraulic Failure,Hydraulics,Critical,0,1
HEMM-E002,Excavator,2022-03-30,3,2,0,8,89.5,4.83,2.49,43.6,79.9,0.82,25.3,184.6,290.1,1708.0,11303,31,18.53,1.4578,95.4,0,2022,3,2,None,None,Medium,63,0
HEMM-L002,Wheel Loader,2021-02-11,6,2,2,1,88.0,4.67,4.58,33.9,79.3,0.87,23.9,165.5,313.7,2066.0,7967,21,18.84,2.2168,89.7,0,2021,2,3,Brake Failure,Brakes,Critical,0,1
HEMM-B001,Dozer,2022-09-18,0,2,0,9,78.6,5.06,2.15,38.2,80.6,0.96,24.4,179.9,319.4,1782.0,7143,119,15.53,1.2065,99.0,0,2022,9,6,None,None,Low,161,0
HEMM-DR02,Drill Rig,2022-06-01,1,1,2,15,95.0,4.89,1.55,37.1,84.9,0.91,24.8,184.5,333.3,1783.0,5150,91,19.43,0.8693,95.0,0,2022,6,2,None,None,Low,140,0
HEMM-G002,Grader,2021-07-29,4,1,0,17,92.9,4.69,1.3,35.3,81.0,0.75,25.1,178.2,299.9,1702.0,11052,112,19.81,0.7638,95.6,0,2021,7,3,None,None,Medium,80,0
HEMM-B002,Dozer,2022-09-04,0,2,0,4,79.8,4.56,2.02,40.3,85.7,0.9,25.9,171.0,300.0,1940.0,8092,13,17.5,1.0412,99.9,0,2022,9,6,None,None,Medium,80,0
HEMM-B003,Dozer,2022-07-22,0,0,2,10,85.4,4.9,1.64,39.3,81.9,0.76,24.4,158.0,280.0,1803.0,3286,24,17.43,0.9096,99.8,0,2022,7,4,None,None,Low,90,0
HEMM-D002,Dumper,2023-04-08,2,2,2,11,95.9,4.3,1.2,45.2,78.8,0.78,21.1,168.9,337.3,1763.0,11353,22,22.3,0.6807,92.3,0,2023,4,5,Electrical Fault,Electrical,Critical,7,1
HEMM-B001,Dozer,2023-05-08,0,0,2,13,82.4,4.41,1.87,25.9,76.8,0.95,24.3,195.9,295.2,1687.0,778,79,18.68,1.1085,97.5,0,2023,5,0,None,None,Low,59,0
HEMM-E002,Excavator,2022-12-04,3,2,2,8,86.3,4.33,2.02,45.0,82.2,0.98,24.2,192.5,327.9,1875.0,11444,73,19.93,1.0773,98.4,0,2022,12,6,None,None,Medium,159,0
HEMM-G001,Grader,2023-11-05,4,0,2,6,91.6,4.51,1.72,41.8,80.2,0.85,24.7,178.1,294.4,1640.0,10974,117,20.31,1.0488,96.0,0,2023,11,6,None,None,Medium,152,0
HEMM-D004,Dumper,2023-08-23,2,1,1,9,75.3,4.89,2.69,46.0,85.9,0.88,24.9,189.5,310.5,1808.0,9359,102,15.4,1.4878,97.9,0,2023,8,2,None,None,Medium,99,0
HEMM-B003,Dozer,2021-07-02,0,1,0,12,69.3,4.94,1.41,40.3,81.0,0.91,23.6,183.1,296.2,1760.0,3859,100,14.03,0.8011,99.6,0,2021,7,4,None,None,Low,173,0
HEMM-B003,Dozer,2023-02-01,0,0,1,19,81.3,4.22,2.65,35.5,77.0,0.82,23.9,166.7,318.2,1989.0,5017,64,19.27,1.3323,94.6,0,2023,2,2,None,None,Low,134,0
HEMM-D003,Dumper,2023-08-26,2,1,2,17,83.9,4.96,2.05,48.6,81.1,0.88,25.1,179.1,317.9,1963.0,2163,116,16.92,1.0443,99.5,0,2023,8,5,None,None,Low,60,0
HEMM-B002,Dozer,2023-04-27,0,1,0,5,78.8,3.79,1.73,34.9,82.4,0.82,24.3,184.2,327.2,1540.0,2450,30,20.79,1.1234,96.4,0,2023,4,3,None,None,Low,168,0
HEMM-DR02,Drill Rig,2021-10-21,1,0,0,6,80.8,4.58,2.24,44.8,79.4,0.92,24.0,180.7,326.0,1825.0,1524,67,17.64,1.2274,98.2,0,2021,10,3,None,None,Low,120,0
HEMM-E001,Excavator,2022-10-04,3,2,0,2,87.6,3.94,1.82,38.6,88.8,0.92,23.9,165.9,341.7,1785.0,277,62,22.23,1.0196,95.9,0,2022,10,1,None,None,Low,48,0
HEMM-E001,Excavator,2021-11-21,3,0,0,3,78.1,4.47,1.74,38.5,79.6,0.85,24.1,190.6,339.0,2035.0,2320,83,17.47,0.855,98.9,0,2021,11,6,None,None,Low,141,0
HEMM-G002,Grader,2023-05-29,4,0,2,13,85.7,4.27,1.79,39.9,83.7,0.76,24.4,178.3,352.7,1782.0,276,9,20.07,1.0045,98.5,0,2023,5,0,None,None,Low,41,0
HEMM-G001,Grader,2021-01-29,4,0,2,17,84.8,4.62,6.01,29.7,79.2,0.84,23.5,181.0,315.7,2076.0,3322,7,18.35,2.895,86.8,1,2021,1,4,Brake Failure,Brakes,Critical,3,1
HEMM-G001,Grader,2022-10-02,4,1,2,4,82.0,5.33,2.17,31.6,81.5,0.89,24.2,195.8,311.9,1851.0,6484,69,15.38,1.1723,99.3,0,2022,10,6,None,None,Low,86,0
HEMM-D003,Dumper,2021-04-04,2,0,2,10,89.9,4.54,2.82,33.6,87.3,0.83,25.0,179.2,339.8,1763.0,7669,98,19.8,1.5995,95.1,0,2021,4,6,None,None,Low,90,0
HEMM-B003,Dozer,2023-06-08,0,2,0,5,78.7,4.19,2.72,42.3,81.0,0.91,24.8,185.0,332.5,1676.0,5815,120,18.78,1.6229,95.9,0,2023,6,3,None,None,Low,140,0
HEMM-E002,Excavator,2021-12-04,3,0,2,1,73.0,4.23,1.69,34.9,85.4,0.8,25.1,180.1,316.4,1789.0,3942,33,17.26,0.9447,98.6,0,2021,12,5,None,None,Low,80,0
HEMM-E002,Excavator,2021-02-14,3,2,0,17,83.1,4.64,1.65,43.5,83.7,0.85,24.9,181.8,313.6,1876.0,2968,20,17.91,0.8795,100.0,0,2021,2,6,None,None,Low,138,0
HEMM-D002,Dumper,2023-02-08,2,2,1,9,74.3,4.99,1.92,36.2,75.3,0.88,25.1,186.5,352.8,1682.0,8961,84,14.89,1.1415,97.3,0,2023,2,2,None,None,Medium,155,0
HEMM-D002,Dumper,2021-08-10,2,2,1,1,93.2,4.77,1.84,39.6,87.0,0.83,24.4,162.5,315.0,1899.0,990,93,19.54,0.9689,95.9,0,2021,8,1,None,None,Low,159,0
HEMM-G002,Grader,2021-09-11,4,2,1,9,84.3,4.66,1.9,48.1,82.9,0.94,24.6,170.0,319.9,1747.0,7972,94,18.09,1.0876,100.0,0,2021,9,5,None,None,Low,56,0
HEMM-D001,Dumper,2022-09-09,2,0,0,4,85.3,4.82,1.93,38.1,79.7,0.87,23.7,186.7,370.1,1799.0,11054,71,17.7,1.0728,98.9,0,2022,9,4,None,None,Medium,157,0
HEMM-D005,Dumper,2023-05-08,2,1,1,17,86.6,4.2,2.15,43.6,75.0,0.96,23.8,186.9,329.7,1767.0,11976,84,20.62,1.2168,94.4,0,2023,5,0,None,None,Medium,68,0
HEMM-D004,Dumper,2023-10-17,2,1,0,20,77.9,4.78,2.13,34.7,83.7,0.83,24.2,173.4,326.8,1795.0,3472,104,16.3,1.1866,99.6,0,2023,10,1,None,None,Low,45,0
HEMM-E002,Excavator,2023-01-04,3,2,1,14,97.4,4.48,1.69,40.7,79.2,0.98,25.2,206.0,333.4,1918.0,5039,25,21.74,0.8811,92.6,0,2023,1,2,None,None,Low,50,0
HEMM-E002,Excavator,2023-09-12,3,0,2,8,109.2,4.85,2.06,39.5,78.9,0.5,24.9,193.3,331.6,1768.0,244,6,22.52,1.1652,86.5,0,2023,9,1,Cooling System Failure,Cooling System,Critical,1,1
HEMM-D005,Dumper,2021-07-04,2,2,0,3,89.3,4.13,2.4,36.8,82.5,0.97,23.1,179.8,351.3,1940.0,1859,120,21.62,1.2371,94.8,0,2021,7,6,None,None,Low,107,0
HEMM-DR02,Drill Rig,2022-08-30,1,0,1,15,78.0,4.18,2.4,37.8,87.5,0.77,24.2,182.5,319.8,1729.0,1020,17,18.66,1.3881,97.2,0,2022,8,1,None,None,Low,46,0
HEMM-B002,Dozer,2023-01-08,0,2,1,11,137.4,4.44,1.21,33.4,74.1,0.54,24.3,173.7,397.2,1880.0,7179,99,30.95,0.6436,70.3,1,2023,1,6,Engine Overheat,Engine,Critical,0,1
HEMM-D005,Dumper,2021-12-16,2,0,0,12,92.2,4.14,2.36,39.6,81.7,0.86,23.6,175.4,349.8,1839.0,7371,84,22.27,1.2833,93.4,0,2021,12,3,None,None,Low,56,0
HEMM-D003,Dumper,2023-02-03,2,0,0,6,89.0,5.18,2.21,36.0,79.0,0.97,24.4,179.7,308.2,1793.0,2065,56,17.18,1.2326,96.2,0,2023,2,4,None,None,Low,102,0
HEMM-B001,Dozer,2023-03-01,0,2,1,16,82.7,2.98,2.17,34.0,84.0,0.99,24.2,123.7,336.5,2076.0,7109,88,27.75,1.0453,91.9,1,2023,3,2,Hydraulic Failure,Hydraulics,Critical,0,1
HEMM-D004,Dumper,2023-05-03,2,2,0,16,72.6,4.41,2.15,36.6,84.6,0.89,24.3,197.2,304.7,1740.0,9521,91,16.46,1.2356,99.1,0,2023,5,2,None,None,Medium,147,0
HEMM-G002,Grader,2023-01-05,4,2,2,1,71.3,4.14,1.89,38.8,81.7,0.86,24.2,171.9,357.8,1759.0,11414,117,17.22,1.0745,98.1,0,2023,1,3,None,None,Medium,88,0
HEMM-D005,Dumper,2023-09-17,2,0,1,4,113.8,4.53,2.41,51.2,83.0,0.68,24.5,186.2,383.8,1790.0,6938,61,25.12,1.3464,84.4,1,2023,9,6,Engine Overheat,Engine,Critical,5,1
HEMM-L002,Wheel Loader,2022-04-04,6,2,2,11,84.6,4.01,2.56,31.2,81.2,0.82,24.0,189.7,306.5,1610.0,8704,71,21.1,1.5901,95.6,0,2022,4,0,None,None,Medium,177,0
HEMM-D004,Dumper,2023-06-06,2,2,2,8,87.1,4.54,1.87,41.1,81.7,0.81,23.7,208.3,312.2,1818.0,8095,49,19.19,1.0286,98.8,0,2023,6,1,None,None,Medium,56,0
HEMM-G002,Grader,2021-11-01,4,2,2,20,91.5,4.99,1.87,36.9,88.0,0.8,25.6,192.9,320.7,1707.0,1094,6,18.34,1.0955,96.8,0,2021,11,0,None,None,Low,104,0
HEMM-L002,Wheel Loader,2023-08-20,6,0,0,6,70.1,4.37,1.32,47.3,81.0,0.99,24.4,178.9,382.0,1774.0,1426,101,16.04,0.7441,98.9,0,2023,8,6,None,None,Low,150,0
HEMM-B003,Dozer,2022-07-24,0,1,2,17,88.0,4.78,2.77,27.1,81.7,0.84,25.1,207.0,315.4,1910.0,3848,75,18.41,1.4503,96.1,0,2022,7,6,None,None,Low,155,0
HEMM-E003,Excavator,2021-06-11,3,0,1,15,96.5,4.12,2.1,38.3,78.7,0.85,24.1,181.8,295.0,1773.0,9588,62,23.42,1.1844,90.7,0,2021,6,4,None,None,Medium,111,0
HEMM-DR02,Drill Rig,2022-10-10,1,1,1,16,87.2,4.96,1.41,42.0,87.2,0.77,24.1,183.5,295.1,1963.0,10904,7,17.58,0.7183,98.9,0,2022,10,0,None,None,Medium,48,0
HEMM-D002,Dumper,2021-01-01,2,1,0,20,88.3,4.05,2.43,32.9,83.5,0.87,25.8,181.4,296.4,2160.0,10342,86,21.8,1.125,94.8,0,2021,1,4,None,None,Medium,86,0
HEMM-SC01,Scraper,2022-02-28,5,2,1,15,73.3,5.25,1.35,36.2,81.8,0.89,25.2,170.8,308.7,1824.0,5784,51,13.96,0.7401,99.9,0,2022,2,0,None,None,Low,98,0
HEMM-DR02,Drill Rig,2022-11-11,1,2,2,20,81.2,4.71,1.57,38.9,77.4,0.88,24.7,186.5,308.0,1746.0,10029,65,17.24,0.8992,98.2,0,2022,11,4,None,None,Medium,88,0
HEMM-DR02,Drill Rig,2021-08-22,1,1,0,8,79.7,4.22,1.74,36.1,79.5,0.78,24.6,166.4,344.6,1849.0,235,48,18.89,0.941,97.6,0,2021,8,6,None,None,Low,50,0
HEMM-B002,Dozer,2023-12-06,0,0,1,4,99.1,4.33,2.19,37.5,85.9,0.92,24.0,179.9,318.5,1820.0,950,119,22.89,1.2033,91.5,0,2023,12,2,None,None,Low,51,0
HEMM-DR01,Drill Rig,2021-08-08,1,0,1,20,90.7,4.41,1.44,30.8,86.4,0.91,24.3,164.3,341.6,1804.0,3409,29,20.57,0.7982,96.7,0,2021,8,6,None,None,Low,75,0
HEMM-G002,Grader,2022-03-18,4,0,1,7,93.7,4.82,2.18,38.7,77.5,0.75,24.3,182.1,300.6,1884.0,11943,48,19.44,1.1571,93.3,0,2022,3,4,None,None,Medium,98,0
HEMM-D002,Dumper,2021-09-10,2,0,2,15,106.1,4.71,1.65,42.4,82.4,0.66,25.8,178.9,428.2,1848.0,10988,80,22.53,0.8929,89.4,0,2021,9,4,Engine Overheat,Engine,Critical,7,1
HEMM-L002,Wheel Loader,2021-04-10,6,2,2,14,85.1,4.9,1.35,39.3,78.4,0.96,24.0,172.0,322.1,1569.0,9786,66,17.37,0.8604,98.5,0,2021,4,5,None,None,Medium,45,0
HEMM-E001,Excavator,2021-12-22,3,2,2,5,78.3,5.03,2.54,47.0,90.4,0.81,24.9,180.0,289.1,1849.0,1896,54,15.57,1.3737,98.4,0,2021,12,2,None,None,Low,157,0
HEMM-B003,Dozer,2023-10-30,0,0,1,14,91.7,4.06,1.31,31.8,80.3,0.77,24.6,180.3,305.7,1881.0,10177,93,22.59,0.6964,93.8,0,2023,10,0,None,None,Medium,123,0
HEMM-B003,Dozer,2022-08-26,0,0,2,5,78.0,4.59,2.01,51.9,82.4,0.81,25.1,184.8,359.2,1841.0,2463,57,16.99,1.0918,100.0,0,2022,8,4,None,None,Low,139,0
HEMM-L002,Wheel Loader,2022-09-05,6,2,2,18,73.1,4.19,2.13,38.0,89.2,0.97,24.8,158.5,328.9,1736.0,5343,96,17.45,1.227,98.1,0,2022,9,0,None,None,Low,93,0
HEMM-E002,Excavator,2022-02-16,3,1,2,20,87.3,4.02,2.18,39.2,86.1,0.85,25.1,199.9,327.9,1959.0,11904,42,21.72,1.1128,95.9,0,2022,2,2,None,None,Medium,152,0
HEMM-D005,Dumper,2021-12-31,2,2,0,18,80.4,4.07,2.85,38.6,82.6,0.84,24.9,171.3,301.9,1745.0,11575,86,19.75,1.6332,95.3,0,2021,12,4,None,None,Medium,146,0
HEMM-G001,Grader,2023-09-11,4,2,0,19,89.5,4.4,2.09,39.1,83.7,0.95,24.6,164.2,335.9,1744.0,11130,95,20.34,1.1984,97.0,0,2023,9,0,None,None,Medium,58,0
HEMM-SC01,Scraper,2022-08-09,5,0,1,1,84.7,4.96,1.67,37.7,83.8,0.97,23.9,182.3,322.8,1996.0,8764,18,17.08,0.8367,100.0,0,2022,8,1,None,None,Medium,79,0
HEMM-D002,Dumper,2021-04-26,2,1,2,9,77.0,4.36,1.63,36.9,79.9,0.88,24.5,189.5,322.7,1681.0,2836,41,17.66,0.9697,98.5,0,2021,4,0,None,None,Low,115,0
HEMM-D002,Dumper,2022-08-28,2,1,0,18,80.2,3.17,6.1,34.9,77.9,0.9,24.9,188.2,339.1,1504.0,729,50,25.3,4.0559,79.4,1,2022,8,6,Transmission Failure,Transmission,Critical,3,1
HEMM-E003,Excavator,2023-11-13,3,2,1,10,81.1,4.83,2.45,31.9,80.8,0.94,25.1,174.8,300.8,1875.0,11553,90,16.79,1.3067,98.2,0,2023,11,0,None,None,Medium,126,0
HEMM-G002,Grader,2023-05-04,4,2,1,11,85.2,5.43,2.24,33.5,81.8,0.94,24.1,191.0,337.3,1750.0,9246,11,15.69,1.28,99.1,0,2023,5,3,None,None,Medium,103,0
HEMM-E002,Excavator,2023-06-27,3,1,2,12,79.8,4.67,2.08,42.8,81.6,0.96,24.0,177.1,329.7,1744.0,9840,74,17.09,1.1927,99.6,0,2023,6,1,None,None,Medium,107,0
HEMM-E002,Excavator,2022-08-26,3,0,1,6,87.4,3.97,2.53,45.7,83.3,0.88,23.9,173.4,304.7,1791.0,11384,14,22.02,1.4126,94.6,0,2022,8,4,None,None,Medium,52,0
HEMM-L002,Wheel Loader,2021-09-02,6,0,2,2,87.1,4.48,2.3,38.5,81.3,0.98,24.1,196.5,370.8,1871.0,7220,40,19.44,1.2293,97.7,0,2021,9,3,None,None,Low,88,0
HEMM-E001,Excavator,2022-06-07,3,1,1,11,118.0,4.73,2.65,51.6,78.3,0.43,24.0,159.1,409.4,1777.0,7840,95,24.95,1.4913,80.1,1,2022,6,1,Engine Overheat,Engine,Critical,5,1
HEMM-B002,Dozer,2023-10-02,0,2,2,18,84.1,4.56,1.7,39.1,88.1,0.91,24.1,165.6,336.5,1718.0,6066,14,18.44,0.9895,100.0,0,2023,10,0,None,None,Low,76,0
HEMM-E003,Excavator,2022-01-12,3,2,0,3,83.0,4.35,1.17,35.8,85.1,0.98,24.9,171.9,346.8,1870.0,8476,25,19.08,0.6257,99.2,0,2022,1,2,None,None,Medium,170,0
HEMM-G002,Grader,2021-07-08,4,0,0,8,86.5,4.74,2.36,31.1,78.0,0.85,24.0,180.0,343.7,1703.0,3695,89,18.25,1.3858,96.6,0,2021,7,3,None,None,Low,154,0
HEMM-B002,Dozer,2022-03-24,0,2,2,17,134.7,4.35,1.43,44.5,85.5,0.4,24.1,171.3,334.5,1845.0,7980,76,30.97,0.7751,74.4,1,2022,3,3,Cooling System Failure,Cooling System,Critical,5,1
HEMM-E003,Excavator,2022-05-15,3,1,1,11,99.4,3.97,0.87,31.5,86.5,0.91,23.6,174.3,324.1,1846.0,6448,106,25.04,0.4713,90.1,0,2022,5,6,None,None,Low,100,0
HEMM-SC01,Scraper,2022-08-03,5,1,2,17,86.1,4.35,2.68,41.6,74.3,0.77,24.3,166.8,326.7,1774.0,6343,70,19.79,1.5107,93.6,0,2022,8,2,None,None,Low,30,0
HEMM-D002,Dumper,2022-08-31,2,2,1,7,84.2,5.0,1.42,35.6,79.5,0.92,24.7,175.4,331.5,1672.0,5448,70,16.84,0.8493,99.0,0,2022,8,2,None,None,Low,89,0
HEMM-E001,Excavator,2023-12-29,3,1,2,3,91.0,4.48,1.24,29.0,75.7,0.81,24.4,176.4,309.0,1690.0,3653,90,20.31,0.7337,94.4,0,2023,12,4,None,None,Low,156,0
HEMM-DR01,Drill Rig,2021-08-01,1,1,2,18,91.3,3.86,2.29,42.0,86.1,0.97,23.7,179.6,314.0,1746.0,11713,117,23.65,1.3116,92.8,0,2021,8,6,None,None,Medium,163,0
HEMM-D003,Dumper,2021-11-11,2,1,1,15,74.3,2.65,1.74,42.9,82.5,0.78,24.2,122.8,287.9,1707.0,11945,47,28.04,1.0193,90.8,1,2021,11,3,Hydraulic Failure,Hydraulics,Critical,0,1
HEMM-B001,Dozer,2021-05-25,0,2,0,8,82.2,4.43,1.94,47.3,76.1,0.85,23.6,190.9,306.5,1787.0,4437,57,18.56,1.0856,97.3,0,2021,5,1,None,None,Low,122,0
HEMM-G002,Grader,2023-06-06,4,0,1,1,97.9,4.62,1.85,37.1,72.0,0.97,25.0,156.3,335.8,1688.0,6581,91,21.19,1.096,89.6,0,2023,6,1,None,None,Low,116,0
HEMM-D003,Dumper,2021-04-04,2,2,1,3,102.4,4.33,1.94,33.3,77.4,0.91,23.9,182.7,303.5,1709.0,6060,69,23.65,1.1352,88.6,0,2021,4,6,None,None,High,149,0
HEMM-B002,Dozer,2021-06-27,0,0,2,15,94.4,4.47,5.12,36.4,78.8,1.0,25.5,188.4,310.9,1932.0,6449,55,21.12,2.6501,84.5,1,2021,6,6,Brake Failure,Brakes,Critical,2,1
HEMM-D005,Dumper,2023-03-12,2,2,0,10,93.1,4.77,2.32,34.1,75.8,1.0,24.8,186.4,323.1,1781.0,10588,23,19.52,1.3026,92.5,0,2023,3,6,None,None,Medium,32,0
HEMM-G001,Grader,2021-01-23,4,2,1,18,85.35,4.51,7.72,42.1,50.0,0.93,24.2,173.8,299.2,1870.0,2516,20,18.92,4.1283,69.9,1,2021,1,5,Tyre Burst,Tyres,Critical,6,1
HEMM-B002,Dozer,2022-03-07,0,2,2,12,96.4,4.41,2.18,42.9,79.0,0.83,24.0,176.5,308.3,1778.0,3669,57,21.86,1.2261,92.1,0,2022,3,0,None,None,Low,135,0
HEMM-D005,Dumper,2021-11-26,2,1,0,8,73.5,4.42,1.65,39.4,79.4,0.76,25.0,184.6,330.7,1555.0,10307,111,16.63,1.0611,98.6,0,2021,11,4,None,None,Medium,157,0
HEMM-E001,Excavator,2021-04-22,3,2,1,15,83.8,5.12,1.67,49.0,82.0,0.96,25.0,176.1,346.1,1751.0,10762,75,16.37,0.9537,100.0,0,2021,4,3,None,None,Medium,130,0
HEMM-D003,Dumper,2022-05-29,2,1,0,7,73.7,3.88,2.57,39.7,83.1,0.96,24.1,188.8,322.9,1936.0,9712,67,18.99,1.3275,95.2,0,2022,5,6,None,None,Medium,36,0
HEMM-E003,Excavator,2021-07-24,3,0,1,20,77.6,4.45,1.94,37.2,82.1,0.95,24.5,163.5,299.3,1788.0,1343,120,17.44,1.085,99.8,0,2021,7,5,None,None,Low,68,0
HEMM-DR02,Drill Rig,2022-11-04,1,2,1,10,72.3,3.96,2.29,27.6,81.1,0.86,23.6,199.0,351.5,1742.0,11561,79,18.26,1.3146,96.1,0,2022,11,4,None,None,Medium,154,0
HEMM-G001,Grader,2022-10-10,4,0,1,6,75.2,4.12,2.67,40.0,85.0,0.99,24.5,192.4,307.7,1849.0,279,45,18.25,1.444,96.1,0,2022,10,0,None,None,Low,65,0
HEMM-DR01,Drill Rig,2022-07-21,1,0,0,5,87.4,4.66,2.06,48.5,76.5,0.99,25.0,180.7,361.2,1656.0,11334,98,18.76,1.244,96.4,0,2022,7,3,None,None,Medium,105,0
HEMM-DR02,Drill Rig,2023-07-02,1,0,1,10,80.9,4.45,2.18,44.3,81.9,0.94,18.6,180.0,351.4,1703.0,8178,75,18.18,1.2801,99.2,0,2023,7,6,Electrical Fault,Electrical,Critical,1,1
HEMM-D005,Dumper,2022-02-07,2,0,1,3,98.8,4.87,1.79,44.6,83.7,1.0,24.5,178.9,313.9,1750.0,1435,119,20.29,1.0229,93.1,0,2022,2,0,None,None,Low,150,0
HEMM-D001,Dumper,2023-04-10,2,2,0,7,82.1,4.7,2.21,44.7,81.7,0.92,24.7,178.5,307.2,1804.0,800,75,17.47,1.2251,99.2,0,2023,4,0,None,None,Low,167,0
HEMM-SC01,Scraper,2023-08-25,5,2,1,5,89.3,4.41,2.4,35.7,81.6,0.89,24.2,183.5,340.3,1730.0,6193,55,20.25,1.3873,96.0,0,2023,8,4,None,None,Low,140,0
HEMM-B002,Dozer,2021-10-02,0,0,0,17,86.8,3.84,2.23,33.7,76.3,0.95,23.7,173.7,267.6,1652.0,8562,16,22.6,1.3499,92.8,0,2021,10,5,None,None,Medium,124,0
HEMM-D001,Dumper,2022-05-05,2,2,0,6,98.2,4.25,2.04,40.6,80.0,0.62,23.6,178.7,292.3,1890.0,8623,22,23.11,1.0794,91.2,0,2022,5,3,Cooling System Failure,Cooling System,Critical,2,1
HEMM-G001,Grader,2021-03-24,4,1,0,16,79.6,4.04,2.01,39.3,79.6,0.83,24.0,172.9,327.3,1732.0,3996,13,19.7,1.1605,96.7,0,2021,3,2,None,None,Low,109,0
HEMM-D002,Dumper,2022-02-28,2,2,0,12,75.3,4.76,1.94,45.6,77.5,0.81,24.1,175.2,330.6,1734.0,6558,65,15.82,1.1188,98.2,0,2022,2,0,None,None,Low,41,0
HEMM-D002,Dumper,2022-10-26,2,1,0,17,86.0,3.55,1.27,41.1,86.1,0.97,24.0,177.2,335.1,1594.0,10580,111,24.23,0.7967,94.8,0,2022,10,2,None,None,Medium,108,0
HEMM-B001,Dozer,2021-12-23,0,0,2,13,91.0,4.78,3.0,36.9,76.4,0.95,24.1,181.9,356.4,1843.0,6185,80,19.04,1.6278,91.8,0,2021,12,3,None,None,Low,98,0
HEMM-D003,Dumper,2023-11-25,2,0,0,13,95.0,4.85,2.04,35.6,87.6,0.76,23.9,192.9,310.3,1863.0,3851,71,19.59,1.095,94.9,0,2023,11,5,None,None,Low,151,0
HEMM-G001,Grader,2023-09-25,4,0,1,20,92.1,3.99,2.71,35.9,84.4,1.0,25.1,184.9,295.5,1942.0,308,69,23.08,1.3955,91.8,0,2023,9,0,None,None,Low,77,0
HEMM-E003,Excavator,2021-06-07,3,2,1,9,84.8,5.04,5.53,40.2,77.3,0.81,24.7,185.4,331.3,2108.0,3665,24,16.83,2.6233,87.5,1,2021,6,0,Brake Failure,Brakes,Critical,1,1
HEMM-DR01,Drill Rig,2022-11-08,1,2,0,4,87.4,4.73,2.18,45.7,87.0,0.76,24.7,185.5,337.6,1699.0,8089,91,18.48,1.2831,98.3,0,2022,11,1,None,None,Medium,76,0
HEMM-E001,Excavator,2023-04-22,3,1,2,8,86.8,4.1,2.3,41.3,82.2,0.91,24.5,178.2,333.0,1747.0,906,21,21.17,1.3165,96.2,0,2023,4,5,None,None,Low,38,0
HEMM-D005,Dumper,2023-11-16,2,1,1,19,76.6,4.21,1.96,37.3,82.5,0.98,24.4,191.1,333.7,1940.0,2606,12,18.19,1.0103,98.6,0,2023,11,3,None,None,Low,171,0
HEMM-E001,Excavator,2023-11-25,3,0,1,20,86.5,4.09,1.38,34.3,80.0,0.9,24.0,168.1,325.4,1852.0,9434,86,21.15,0.7451,96.4,0,2023,11,5,None,None,Medium,145,0
HEMM-B002,Dozer,2021-06-25,0,1,0,15,84.4,3.11,2.46,35.0,78.0,0.82,24.2,131.1,327.5,1759.0,10137,65,27.14,1.3985,90.1,0,2021,6,4,Hydraulic Failure,Hydraulics,Critical,6,1
HEMM-E001,Excavator,2023-11-13,3,0,0,6,97.8,4.54,2.57,36.7,78.5,0.79,24.6,159.7,295.2,1851.0,11432,48,21.54,1.3884,90.5,0,2023,11,0,None,None,Medium,127,0
HEMM-D003,Dumper,2022-04-16,2,0,1,13,97.4,4.3,1.76,29.2,89.0,0.88,24.7,170.0,311.0,1865.0,2366,18,22.65,0.9437,92.8,0,2022,4,5,None,None,Low,121,0
HEMM-L002,Wheel Loader,2023-05-10,6,1,0,20,94.7,4.46,1.9,28.8,74.5,0.82,25.0,175.0,343.2,1886.0,1777,27,21.23,1.0074,92.0,0,2023,5,2,None,None,Low,154,0
HEMM-D002,Dumper,2023-12-25,2,2,2,4,81.4,2.19,7.66,38.3,75.5,0.84,24.7,179.6,306.9,1300.0,1726,66,37.17,5.8923,68.9,1,2023,12,0,Transmission Failure,Transmission,Critical,0,1
HEMM-L002,Wheel Loader,2023-05-12,6,0,0,2,89.1,4.22,1.8,26.5,85.0,0.85,24.6,172.9,337.3,1798.0,11630,72,21.11,1.0011,96.6,0,2023,5,4,None,None,Medium,57,0
HEMM-L001,Wheel Loader,2023-02-20,6,0,1,19,71.1,4.37,1.36,38.2,81.5,0.85,24.1,173.3,300.4,1980.0,11614,78,16.27,0.6869,99.1,0,2023,2,0,None,None,Medium,73,0
HEMM-B001,Dozer,2023-09-05,0,1,2,3,90.0,5.22,2.26,43.4,83.4,0.86,24.2,167.3,350.7,1789.0,4841,81,17.24,1.2633,96.7,0,2023,9,1,None,None,Low,69,0
HEMM-E002,Excavator,2021-01-12,3,2,1,1,87.4,4.83,1.75,42.3,71.2,0.82,24.3,162.7,322.1,1791.0,9669,71,18.1,0.9771,94.5,0,2021,1,1,None,None,Medium,122,0
HEMM-G002,Grader,2022-02-25,4,2,1,11,87.1,5.31,1.79,40.2,81.1,0.78,19.7,162.5,304.6,1809.0,6898,51,16.4,0.9895,98.6,0,2022,2,4,Electrical Fault,Electrical,Critical,4,1
HEMM-SC01,Scraper,2023-05-18,5,2,2,12,85.5,4.0,2.08,34.4,74.9,0.83,24.7,173.0,315.2,1847.0,10225,40,21.38,1.1262,94.2,0,2023,5,3,None,None,Medium,114,0
HEMM-E002,Excavator,2023-04-27,3,2,0,18,84.0,4.9,1.89,32.5,75.1,0.84,24.4,179.6,294.9,1861.0,8104,27,17.14,1.0156,97.2,0,2023,4,3,None,None,Medium,55,0
HEMM-L001,Wheel Loader,2022-06-04,6,0,2,19,85.35,5.27,1.95,26.2,84.6,0.91,23.8,163.0,297.3,1825.0,5841,104,16.2,1.0685,99.8,0,2022,6,5,None,None,Low,121,0
HEMM-D005,Dumper,2021-09-01,2,2,2,8,93.4,4.47,2.7,42.3,84.3,0.85,25.0,194.1,321.3,1662.0,7517,105,20.89,1.6245,93.6,0,2021,9,2,None,None,Low,172,0
HEMM-D004,Dumper,2022-03-16,2,2,2,13,72.5,4.45,2.15,38.1,82.6,0.84,24.0,171.3,302.3,1980.0,5744,107,16.29,1.0859,99.3,0,2022,3,2,None,None,Low,86,0
HEMM-D002,Dumper,2021-11-26,2,0,1,1,84.7,4.91,2.33,38.4,81.5,0.82,25.0,164.3,290.2,1700.0,1692,110,17.25,1.3706,98.8,0,2021,11,4,None,None,Low,178,0
HEMM-DR01,Drill Rig,2021-06-30,1,1,1,9,77.6,4.15,1.52,31.6,86.0,0.8,24.3,171.2,312.8,1830.0,3833,52,18.7,0.8306,98.2,0,2021,6,2,None,None,Low,63,0
HEMM-G002,Grader,2023-04-01,4,2,2,17,113.7,5.14,2.36,40.2,82.0,0.68,24.5,183.0,353.3,1588.0,4893,96,22.12,1.4861,84.6,1,2023,4,5,Cooling System Failure,Cooling System,Critical,2,1
HEMM-DR02,Drill Rig,2021-01-22,1,1,1,17,88.3,5.16,1.99,38.4,82.3,0.87,24.2,182.1,295.7,1796.0,4885,29,17.11,1.108,98.4,0,2021,1,4,None,None,Low,134,0
HEMM-L002,Wheel Loader,2023-11-23,6,2,2,8,139.0,4.43,2.48,48.7,82.2,0.51,24.4,175.8,433.1,1912.0,10279,26,31.38,1.2971,71.2,1,2023,11,3,Engine Overheat,Engine,Critical,3,1
HEMM-E001,Excavator,2021-06-27,3,0,0,13,94.6,4.76,2.03,43.1,82.1,0.84,23.9,161.6,362.1,1984.0,5985,90,19.87,1.0232,95.1,0,2021,6,6,None,None,Low,127,0
HEMM-E002,Excavator,2023-11-27,3,1,0,3,88.7,4.42,1.33,46.1,86.9,0.99,24.8,169.9,320.0,1704.0,1677,75,20.07,0.7805,97.8,0,2023,11,0,None,None,Low,145,0
HEMM-SC01,Scraper,2022-12-14,5,0,1,9,63.3,4.31,1.84,37.1,86.0,0.85,24.5,174.6,359.8,1983.0,3907,82,14.69,0.9279,99.0,0,2022,12,2,None,None,Low,58,0
HEMM-G002,Grader,2021-01-10,4,0,1,6,80.6,4.21,2.0,32.4,78.5,0.93,24.3,168.5,322.2,1839.0,6870,69,19.14,1.0875,97.1,0,2021,1,6,None,None,Low,79,0
HEMM-L002,Wheel Loader,2022-08-26,6,0,2,4,75.6,3.81,2.32,37.6,81.5,0.8,25.4,171.5,368.8,1844.0,8609,37,19.84,1.2581,95.4,0,2022,8,4,None,None,Medium,96,0
HEMM-B001,Dozer,2023-06-26,0,0,1,19,76.0,3.57,2.5,30.6,84.5,0.94,25.1,169.2,333.2,1810.0,8123,103,21.29,1.3812,93.8,0,2023,6,0,None,None,Medium,77,0
HEMM-DR02,Drill Rig,2023-08-02,1,2,0,1,85.35,4.88,5.38,38.4,86.8,0.92,24.5,190.3,341.9,2008.0,8096,19,17.49,2.6793,89.7,1,2023,8,2,Brake Failure,Brakes,Critical,3,1
HEMM-B003,Dozer,2023-04-25,0,0,2,17,88.3,4.94,1.55,41.2,78.5,0.79,25.4,180.5,348.0,1522.0,8976,6,17.87,1.0184,96.9,0,2023,4,1,None,None,Medium,72,0
HEMM-E003,Excavator,2022-08-12,3,1,0,13,99.2,4.57,1.67,30.6,89.2,0.54,24.5,173.3,296.2,1802.0,11237,100,21.71,0.9267,92.9,0,2022,8,4,Cooling System Failure,Cooling System,Critical,2,1
HEMM-B003,Dozer,2022-12-26,0,1,2,19,75.0,4.68,1.72,35.3,79.1,0.8,23.9,176.0,319.9,1828.0,4608,28,16.03,0.9409,98.8,0,2022,12,0,None,None,Low,150,0
HEMM-E002,Excavator,2023-10-19,3,2,1,7,101.3,4.71,1.4,39.3,75.3,0.98,24.5,192.1,320.8,1746.0,4047,99,21.51,0.8018,89.2,0,2023,10,3,None,None,High,35,0
HEMM-E002,Excavator,2022-04-15,3,1,1,8,90.9,4.21,1.64,36.0,80.3,0.91,24.9,169.1,371.2,1975.0,10335,50,21.59,0.8304,94.9,0,2022,4,4,None,None,Medium,82,0
HEMM-D004,Dumper,2021-06-10,2,2,2,16,84.7,4.37,1.69,38.1,84.2,0.91,23.8,168.8,320.0,1756.0,10256,5,19.38,0.9624,99.4,0,2021,6,3,None,None,Medium,30,0
HEMM-L001,Wheel Loader,2023-01-31,6,2,2,11,88.7,4.26,1.15,37.5,82.7,0.94,23.9,170.8,305.7,1679.0,8266,119,20.82,0.6849,97.0,0,2023,1,1,None,None,Medium,74,0
HEMM-L001,Wheel Loader,2022-01-10,6,2,2,9,125.5,4.19,2.08,38.5,80.4,0.5,24.6,177.4,311.7,1608.0,6718,33,29.95,1.2935,77.3,1,2022,1,0,Cooling System Failure,Cooling System,Critical,6,1
HEMM-SC01,Scraper,2021-03-08,5,2,2,12,93.1,3.97,1.59,30.0,78.7,0.85,23.9,180.9,356.1,2067.0,6650,115,23.45,0.7692,92.0,0,2021,3,0,None,None,Low,78,0
HEMM-DR02,Drill Rig,2021-09-04,1,2,2,17,85.8,2.52,4.69,37.0,82.1,0.77,24.4,177.7,325.0,1460.0,7737,45,34.05,3.2123,81.6,1,2021,9,5,Transmission Failure,Transmission,Critical,3,1
HEMM-D004,Dumper,2022-10-29,2,0,2,20,76.5,4.48,2.76,43.8,87.4,0.97,24.5,172.8,354.2,1994.0,4454,28,17.08,1.3842,97.6,0,2022,10,5,None,None,Low,116,0
HEMM-B001,Dozer,2023-08-24,0,2,0,11,91.8,5.05,2.35,36.7,81.3,0.98,23.9,182.0,328.2,1757.0,6195,28,18.18,1.3375,95.3,0,2023,8,3,None,None,Low,138,0
HEMM-DR01,Drill Rig,2023-02-02,1,0,1,13,81.0,4.48,2.4,35.1,86.5,0.92,25.0,173.7,314.0,1877.0,4781,62,18.08,1.2786,98.7,0,2023,2,3,None,None,Low,124,0
HEMM-E003,Excavator,2021-07-24,3,2,0,9,80.8,4.31,2.32,38.4,92.2,0.76,24.5,186.9,301.7,1753.0,4063,76,18.75,1.3234,98.1,0,2021,7,5,None,None,Low,155,0
HEMM-E002,Excavator,2021-10-26,3,2,1,5,90.7,3.24,2.64,44.8,87.4,0.89,25.2,126.6,326.5,2024.0,7949,108,27.99,1.3043,88.9,0,2021,10,1,Hydraulic Failure,Hydraulics,Critical,7,1
HEMM-L002,Wheel Loader,2023-12-30,6,2,0,11,63.2,4.28,2.01,43.7,83.6,0.79,25.3,196.3,318.9,1825.0,8172,43,14.77,1.1014,98.9,0,2023,12,5,None,None,Medium,129,0
HEMM-D002,Dumper,2023-03-27,2,1,0,6,80.7,4.62,1.82,36.1,77.9,0.94,25.2,189.8,308.3,1715.0,1183,32,17.47,1.0612,98.4,0,2023,3,0,None,None,Low,162,0
HEMM-D004,Dumper,2023-07-11,2,2,0,11,79.4,3.85,2.22,28.5,85.1,0.83,25.0,184.0,341.0,1832.0,4456,51,20.62,1.2118,96.1,0,2023,7,1,None,None,Low,44,0
HEMM-B001,Dozer,2022-12-06,0,1,2,14,62.7,4.94,2.01,36.7,85.9,0.93,25.4,172.9,322.3,1824.0,2186,49,12.69,1.102,100.0,0,2022,12,1,None,None,Low,94,0
HEMM-E002,Excavator,2021-12-24,3,0,2,12,77.5,3.91,1.73,40.6,78.5,0.91,24.0,194.7,337.5,1720.0,5526,91,19.82,1.0058,95.6,0,2021,12,4,None,None,Low,149,0
HEMM-DR02,Drill Rig,2021-06-10,1,0,2,20,91.4,5.32,2.22,37.2,83.4,0.81,25.1,174.0,297.8,1613.0,4894,64,17.18,1.3763,96.1,0,2021,6,3,None,None,Low,105,0
HEMM-E001,Excavator,2022-11-22,3,0,1,20,83.3,4.9,4.35,42.1,77.6,0.96,25.2,204.9,297.3,1924.0,9565,56,17.0,2.2609,91.2,0,2022,11,1,Brake Failure,Brakes,Critical,5,1
HEMM-B003,Dozer,2022-10-11,0,2,2,10,79.4,4.41,1.5,42.4,81.8,0.83,25.0,156.3,327.1,1702.0,11839,39,18.0,0.8813,99.5,0,2022,10,1,None,None,Medium,36,0
HEMM-B001,Dozer,2023-07-01,0,0,0,19,86.3,2.8,1.67,36.1,82.2,0.88,25.2,115.4,338.8,1942.0,8735,62,30.82,0.8599,90.8,1,2023,7,5,Hydraulic Failure,Hydraulics,Critical,0,1
HEMM-E003,Excavator,2022-05-31,3,2,0,3,108.3,4.48,2.54,28.3,82.1,0.47,24.8,174.4,321.2,1872.0,3650,26,24.17,1.3568,86.6,0,2022,5,1,Cooling System Failure,Cooling System,Critical,1,1
HEMM-SC01,Scraper,2021-04-21,5,1,1,13,70.8,4.09,6.51,41.1,43.9,0.95,24.9,188.9,328.5,1758.0,8784,102,17.31,3.7031,69.2,1,2021,4,2,Tyre Burst,Tyres,Critical,2,1
HEMM-G002,Grader,2022-09-26,4,1,2,8,118.3,4.77,2.04,45.5,85.9,0.66,24.7,173.9,408.4,1817.0,4855,61,24.8,1.1227,83.2,1,2022,9,0,Engine Overheat,Engine,Critical,2,1
HEMM-D002,Dumper,2023-01-01,2,0,2,16,87.9,4.38,1.59,32.1,90.0,0.77,25.4,178.9,341.7,1804.0,7854,116,20.07,0.8814,98.0,0,2023,1,6,None,None,Low,86,0
HEMM-SC01,Scraper,2023-07-01,5,1,2,18,94.5,3.74,1.74,43.3,79.2,0.82,24.7,183.1,312.8,1873.0,3100,80,25.27,0.929,90.3,0,2023,7,5,None,None,Low,122,0
HEMM-DR01,Drill Rig,2023-12-09,1,2,0,18,77.6,4.25,2.29,38.6,80.2,0.89,25.3,168.4,287.8,1833.0,5273,49,18.26,1.2493,97.2,0,2023,12,5,None,None,Low,142,0
HEMM-D003,Dumper,2023-06-24,2,0,1,12,87.5,4.73,2.68,41.8,89.7,0.92,24.7,185.3,289.7,1788.0,6953,38,18.5,1.4989,96.7,0,2023,6,5,None,None,Low,77,0
HEMM-D001,Dumper,2023-12-08,2,1,2,12,117.8,5.45,1.85,31.5,80.4,0.52,25.4,180.9,284.6,1691.0,4898,65,21.61,1.094,83.0,1,2023,12,4,Cooling System Failure,Cooling System,Critical,7,1
HEMM-B002,Dozer,2021-01-19,0,0,1,10,80.2,4.72,2.45,40.4,76.4,0.91,25.0,173.4,299.1,1834.0,9981,34,16.99,1.3359,96.4,0,2021,1,1,None,None,Medium,175,0
HEMM-E002,Excavator,2023-04-24,3,2,1,14,72.6,4.42,2.04,37.9,75.9,0.82,23.4,184.9,312.1,1738.0,6667,36,16.43,1.1738,97.0,0,2023,4,0,None,None,Low,162,0
HEMM-G002,Grader,2023-02-14,4,1,2,9,96.0,5.16,2.9,43.7,80.4,0.92,24.3,182.3,319.6,1727.0,1497,59,18.6,1.6792,91.2,0,2023,2,1,None,None,Low,30,0
HEMM-B001,Dozer,2022-08-07,0,2,1,18,76.6,4.67,2.16,39.2,80.3,0.99,24.9,198.2,318.3,1865.0,4604,57,16.4,1.1582,98.8,0,2022,8,6,None,None,Low,171,0
HEMM-E001,Excavator,2021-10-07,3,0,2,4,85.3,4.93,1.54,36.4,83.7,0.84,24.6,183.3,288.7,1925.0,10634,63,17.3,0.8,99.8,0,2021,10,3,None,None,Medium,53,0
HEMM-L001,Wheel Loader,2022-01-20,6,0,2,1,98.7,3.86,1.88,40.8,86.9,0.88,19.2,172.0,316.1,1929.0,2692,11,25.57,0.9746,90.0,0,2022,1,3,Electrical Fault,Electrical,Critical,1,1
HEMM-B001,Dozer,2021-09-14,0,2,1,15,71.9,4.36,4.59,41.6,83.5,0.83,24.0,177.7,299.9,1824.0,334,34,16.49,2.5164,91.5,0,2021,9,1,Brake Failure,Brakes,Critical,7,1
HEMM-B003,Dozer,2023-05-11,0,0,2,16,85.3,4.6,1.31,36.3,86.6,0.93,24.4,183.9,332.1,1872.0,6284,64,18.54,0.6998,99.8,0,2023,5,3,None,None,Low,67,0
HEMM-B003,Dozer,2021-06-14,0,1,0,2,89.0,2.6,1.95,32.6,89.9,0.91,24.5,108.6,300.6,1755.0,4566,104,34.23,1.1111,88.5,1,2021,6,0,Hydraulic Failure,Hydraulics,Critical,7,1
HEMM-E002,Excavator,2022-05-28,3,0,2,1,79.0,5.09,1.68,31.7,78.1,0.89,24.8,178.8,310.9,1824.0,2198,103,15.52,0.9211,98.4,0,2022,5,5,None,None,Low,39,0
HEMM-DR02,Drill Rig,2022-05-22,1,2,2,2,88.4,4.9,1.72,49.6,86.9,0.99,24.8,204.7,298.1,1994.0,3463,63,18.04,0.8626,98.3,0,2022,5,6,None,None,Low,98,0
HEMM-L002,Wheel Loader,2022-03-03,6,0,0,13,79.9,4.6,6.31,37.8,37.4,0.96,25.3,180.3,311.8,1740.0,11364,44,17.37,3.6264,69.2,1,2022,3,3,Tyre Burst,Tyres,Critical,0,1
HEMM-B001,Dozer,2023-09-13,0,2,1,10,78.2,3.99,2.18,46.8,82.8,0.87,24.9,167.2,305.2,1798.0,3455,51,19.6,1.2125,96.9,0,2023,9,2,None,None,Low,34,0
HEMM-E002,Excavator,2021-08-20,3,1,1,14,104.3,3.99,1.89,34.9,77.6,0.95,25.0,187.6,354.6,1753.0,5516,6,26.14,1.0782,86.0,0,2021,8,4,None,None,High,162,0
HEMM-D004,Dumper,2023-03-22,2,1,2,1,78.6,4.72,2.67,41.9,87.2,0.97,24.0,156.8,308.9,1861.0,888,79,16.65,1.4347,98.0,0,2023,3,2,None,None,Low,158,0
HEMM-D005,Dumper,2023-01-31,2,1,1,8,73.4,4.11,1.35,44.7,73.8,0.81,24.2,188.8,322.4,1988.0,2783,68,17.86,0.6791,94.8,0,2023,1,1,None,None,Low,137,0
HEMM-B003,Dozer,2021-05-03,0,1,2,12,89.5,4.19,1.95,37.5,89.2,0.76,24.7,174.0,334.5,1697.0,10760,24,21.36,1.1491,96.2,0,2021,5,0,None,None,Medium,68,0
HEMM-D004,Dumper,2021-09-15,2,0,2,8,101.7,4.83,1.58,42.9,81.1,0.82,23.6,191.8,341.0,1810.0,5389,76,21.06,0.8729,91.3,0,2021,9,2,None,None,High,109,0
HEMM-DR02,Drill Rig,2022-01-31,1,1,1,13,82.8,3.82,2.25,38.3,78.9,0.75,25.2,179.8,315.0,1757.0,6068,97,21.68,1.2806,94.6,0,2022,1,0,None,None,Low,32,0
HEMM-D002,Dumper,2023-09-21,2,2,2,15,84.9,4.71,1.29,33.7,79.9,0.85,24.6,164.4,320.8,1658.0,9359,42,18.03,0.778,99.2,0,2023,9,3,None,None,Medium,118,0
HEMM-E002,Excavator,2022-01-18,3,2,0,12,83.0,4.54,1.94,36.2,83.1,0.94,24.9,181.9,315.8,1648.0,5503,98,18.28,1.1772,100.0,0,2022,1,1,None,None,Low,42,0
HEMM-SC01,Scraper,2021-11-25,5,1,0,17,96.3,4.81,1.81,44.2,81.0,0.96,24.8,170.8,299.6,1694.0,2739,62,20.02,1.0685,93.9,0,2021,11,3,None,None,Low,115,0
HEMM-SC01,Scraper,2023-01-22,5,0,0,1,77.7,4.8,1.75,31.3,79.6,0.99,24.5,170.3,343.6,1746.0,10653,69,16.19,1.0023,99.0,0,2023,1,6,None,None,Medium,179,0
HEMM-D001,Dumper,2023-01-16,2,2,1,8,69.8,3.71,1.66,39.1,79.9,0.96,24.6,174.2,280.4,1608.0,5454,97,18.81,1.0323,95.2,0,2023,1,0,None,None,Low,119,0
HEMM-SC01,Scraper,2023-03-05,5,1,2,17,86.4,4.58,2.77,55.2,81.1,0.98,24.6,176.4,332.5,1883.0,11393,68,18.86,1.4711,96.6,0,2023,3,6,Fuel System Failure,Fuel System,Critical,4,1
HEMM-DR01,Drill Rig,2022-10-22,1,1,1,4,72.9,2.93,1.69,35.0,82.0,0.84,24.7,126.3,311.6,1478.0,8772,89,24.88,1.1434,92.2,1,2022,10,5,Hydraulic Failure,Hydraulics,Critical,2,1
HEMM-D002,Dumper,2022-02-18,2,1,1,16,78.6,4.59,2.25,38.3,82.4,0.77,24.3,189.1,309.0,1730.0,3339,17,17.12,1.3006,99.2,0,2022,2,4,None,None,Low,58,0
HEMM-G002,Grader,2023-10-01,4,2,0,20,78.8,4.6,8.68,29.9,56.3,0.9,24.6,184.5,318.5,1721.0,11690,80,17.13,5.0436,69.7,1,2023,10,6,Tyre Burst,Tyres,Critical,3,1
HEMM-D001,Dumper,2022-03-04,2,2,2,16,95.9,4.74,1.89,61.6,90.1,0.94,24.1,180.9,311.2,1747.0,1510,64,20.23,1.0819,94.6,0,2022,3,4,Fuel System Failure,Fuel System,Critical,6,1
HEMM-D002,Dumper,2022-06-29,2,2,0,2,76.4,4.45,7.28,31.5,40.3,0.96,24.6,174.3,294.6,1692.0,1353,111,17.17,4.3026,67.2,1,2022,6,2,Tyre Burst,Tyres,Critical,3,1
HEMM-D004,Dumper,2022-04-19,2,2,2,13,85.1,4.11,2.3,46.4,83.4,0.84,25.5,191.5,289.5,1799.0,3304,29,20.71,1.2785,97.1,0,2022,4,1,None,None,Low,44,0
HEMM-E001,Excavator,2023-05-01,3,2,0,4,85.35,4.15,1.91,30.3,77.5,0.93,24.1,171.0,297.1,1815.0,10663,78,20.57,1.0523,96.3,0,2023,5,0,None,None,Medium,47,0
HEMM-DR01,Drill Rig,2021-08-02,1,1,2,6,79.3,4.45,0.8,41.6,84.8,0.86,25.1,187.4,302.1,1721.0,9210,56,17.82,0.4648,99.8,0,2021,8,0,None,None,Medium,59,0
HEMM-E001,Excavator,2023-12-30,3,2,0,15,88.8,3.64,1.99,35.2,76.3,0.75,24.2,185.1,322.5,1763.0,5972,120,24.4,1.1288,91.5,0,2023,12,5,None,None,Low,162,0
HEMM-B003,Dozer,2023-02-01,0,0,1,14,80.1,4.32,1.96,43.7,77.4,0.99,23.4,184.6,335.7,1718.0,5499,82,18.54,1.1409,97.3,0,2023,2,2,None,None,Low,53,0
HEMM-E002,Excavator,2023-02-08,3,2,0,9,80.9,4.4,1.47,37.1,79.3,0.94,23.7,169.5,339.9,1825.0,6098,62,18.39,0.8055,98.4,0,2023,2,2,None,None,Low,152,0
HEMM-D001,Dumper,2021-03-12,2,0,1,20,88.8,4.85,2.2,36.7,85.4,0.98,24.2,192.6,328.6,1741.0,467,71,18.31,1.2636,97.5,0,2021,3,4,None,None,Low,69,0
HEMM-B002,Dozer,2021-01-14,0,0,0,8,89.5,2.7,1.84,45.5,77.7,0.95,25.7,110.2,307.1,1709.0,3719,114,33.15,1.0767,87.0,1,2021,1,3,Hydraulic Failure,Hydraulics,Critical,4,1
HEMM-D004,Dumper,2021-03-19,2,0,0,12,88.8,4.59,2.32,36.8,79.3,0.97,23.7,192.0,286.4,1960.0,2757,22,19.35,1.1837,96.1,0,2021,3,4,None,None,Low,122,0
HEMM-E003,Excavator,2022-04-23,3,0,0,10,70.7,4.71,3.07,43.4,87.4,0.86,24.0,177.7,372.1,1840.0,1705,78,15.01,1.6685,96.8,0,2022,4,5,None,None,Low,177,0
HEMM-E002,Excavator,2021-06-08,3,2,0,11,85.8,3.67,2.09,44.5,74.9,0.82,24.3,191.0,312.3,1794.0,8105,27,23.38,1.165,92.3,0,2021,6,1,None,None,Medium,170,0
HEMM-D004,Dumper,2022-09-08,2,1,1,19,88.9,4.94,1.7,38.7,81.6,0.88,24.4,170.8,308.0,1742.0,6451,15,18.0,0.9759,97.9,0,2022,9,3,None,None,Low,145,0
HEMM-B003,Dozer,2022-12-14,0,0,1,14,92.1,4.76,1.59,35.6,82.0,0.84,24.5,166.7,324.7,1758.0,2174,116,19.35,0.9044,96.4,0,2022,12,2,None,None,Low,133,0
HEMM-D001,Dumper,2023-02-23,2,1,0,10,90.0,4.47,1.53,39.0,79.4,0.95,24.5,168.9,305.6,1884.0,8791,10,20.13,0.8121,96.3,0,2023,2,3,None,None,Medium,151,0
HEMM-D005,Dumper,2022-11-01,2,2,2,8,90.3,4.46,1.58,39.1,75.2,0.96,24.3,188.9,310.2,1965.0,2709,11,20.25,0.8041,94.4,0,2022,11,1,None,None,Low,102,0
HEMM-G002,Grader,2023-07-02,4,2,1,19,80.9,4.91,1.44,40.2,85.4,0.82,25.0,186.5,316.1,1855.0,8469,16,16.48,0.7763,100.0,0,2023,7,6,None,None,Medium,161,0
HEMM-G002,Grader,2021-10-31,4,1,2,11,94.3,4.24,2.11,38.2,81.0,0.77,24.4,185.4,323.5,1926.0,1552,65,22.24,1.0955,93.3,0,2021,10,6,None,None,Low,104,0
HEMM-SC01,Scraper,2023-03-29,5,0,0,3,91.8,4.73,1.51,40.7,79.4,0.83,24.4,167.6,316.6,1944.0,6729,69,19.41,0.7767,95.6,0,2023,3,2,None,None,Low,69,0
HEMM-D005,Dumper,2021-10-04,2,0,0,18,77.8,4.42,1.75,37.5,83.1,0.91,24.2,180.9,317.2,1751.0,3445,67,17.6,0.9994,99.6,0,2021,10,0,None,None,Low,38,0
HEMM-E002,Excavator,2023-12-10,3,1,0,8,85.7,5.58,2.21,39.1,84.5,0.85,24.3,177.2,332.8,1988.0,1373,39,15.36,1.1117,99.0,0,2023,12,6,None,None,Low,164,0
HEMM-D003,Dumper,2021-08-19,2,2,0,14,77.0,4.53,1.79,41.5,85.2,0.87,25.3,165.9,294.0,1931.0,7139,51,17.0,0.927,100.0,0,2021,8,3,None,None,Low,155,0
HEMM-G001,Grader,2021-02-19,4,0,0,6,90.7,4.58,2.0,28.6,87.5,0.84,24.9,195.4,328.3,1750.0,5929,83,19.8,1.1429,97.2,0,2021,2,4,None,None,Low,115,0
HEMM-DR02,Drill Rig,2021-04-02,1,1,1,7,81.6,5.04,2.21,42.8,84.3,0.77,24.8,197.1,324.0,1795.0,11428,52,16.19,1.2312,99.4,0,2021,4,4,None,None,Medium,156,0
HEMM-D003,Dumper,2021-08-19,2,2,1,2,93.8,4.13,1.82,38.4,86.8,0.98,24.8,189.6,309.0,1716.0,4182,84,22.71,1.0606,93.8,0,2021,8,3,None,None,Low,47,0
HEMM-B002,Dozer,2021-01-29,0,0,0,4,90.0,5.17,4.22,34.3,71.2,0.94,24.4,185.1,352.1,2068.0,5199,62,17.41,2.0406,86.5,0,2021,1,4,Brake Failure,Brakes,Critical,3,1
HEMM-E002,Excavator,2023-12-08,3,0,2,18,95.2,3.94,1.67,39.1,76.8,0.8,24.8,187.7,291.4,1837.0,8113,84,24.16,0.9091,90.0,0,2023,12,4,None,None,Medium,134,0
HEMM-D001,Dumper,2023-02-11,2,2,1,17,76.9,4.35,2.33,38.6,86.3,0.75,21.0,186.4,314.6,1822.0,912,37,17.68,1.2788,98.3,0,2023,2,5,Electrical Fault,Electrical,Critical,3,1
HEMM-D002,Dumper,2023-08-11,2,2,2,1,78.4,3.83,1.8,39.4,85.9,0.9,24.1,180.7,307.0,1767.0,1291,54,20.47,1.0187,96.6,0,2023,8,4,None,None,Low,59,0
HEMM-G001,Grader,2021-08-09,4,1,1,10,79.2,4.58,2.21,42.8,81.4,0.78,24.1,179.4,337.3,1874.0,10839,54,17.29,1.1793,99.1,0,2021,8,0,None,None,Medium,76,0
HEMM-L002,Wheel Loader,2021-07-23,6,0,1,16,86.0,4.96,1.77,28.6,79.6,0.93,24.8,186.0,330.6,1840.0,9982,73,17.34,0.962,98.5,0,2021,7,4,None,None,Medium,53,0
HEMM-L002,Wheel Loader,2023-07-27,6,2,2,1,107.6,4.36,1.76,39.6,79.7,0.77,24.7,179.1,306.2,1794.0,851,36,24.68,0.981,87.1,0,2023,7,3,None,None,High,60,0
HEMM-L001,Wheel Loader,2023-03-17,6,2,2,6,74.1,4.13,2.12,47.0,85.5,0.86,24.6,185.2,317.8,1648.0,501,49,17.94,1.2864,97.8,0,2023,3,4,None,None,Low,76,0
HEMM-B002,Dozer,2022-04-29,0,2,0,9,69.5,4.28,2.53,37.4,76.6,0.84,24.3,170.0,309.7,1748.0,1215,85,16.24,1.4474,95.2,0,2022,4,4,None,None,Low,102,0
HEMM-D001,Dumper,2022-07-28,2,1,0,5,104.2,4.43,2.23,41.9,88.4,0.87,24.5,176.5,349.5,1596.0,5799,119,23.52,1.3972,89.4,0,2022,7,3,None,None,High,50,0
HEMM-D003,Dumper,2023-02-22,2,2,1,20,85.7,4.67,1.93,38.2,84.4,0.8,23.7,180.4,284.7,1807.0,10448,92,18.35,1.0681,99.6,0,2023,2,2,None,None,Medium,55,0
HEMM-D005,Dumper,2023-05-24,2,0,2,20,87.3,4.8,3.88,40.6,75.0,0.77,24.7,165.2,332.2,2186.0,5595,62,18.19,1.7749,90.4,0,2023,5,2,Brake Failure,Brakes,Critical,2,1
HEMM-D005,Dumper,2022-09-25,2,2,1,17,92.3,4.46,2.28,25.5,71.2,0.94,23.9,160.3,325.8,1656.0,2415,60,20.7,1.3768,91.0,0,2022,9,6,None,None,Low,170,0
HEMM-E001,Excavator,2022-10-13,3,1,1,18,88.6,4.7,1.86,40.2,83.1,0.95,24.4,173.6,321.4,1691.0,8932,97,18.85,1.0999,98.2,0,2022,10,3,None,None,Medium,56,0
HEMM-D005,Dumper,2021-03-02,2,0,0,14,72.4,4.7,2.52,33.5,80.2,0.75,25.2,173.9,323.3,1830.0,6937,43,15.4,1.377,97.7,0,2021,3,1,None,None,Low,68,0
HEMM-B001,Dozer,2021-11-08,0,1,1,4,78.8,4.34,1.57,39.5,83.2,0.85,25.3,186.4,306.9,1749.0,2355,28,18.16,0.8977,99.2,0,2021,11,0,None,None,Low,145,0
HEMM-B001,Dozer,2022-04-18,0,2,1,8,82.9,4.46,1.46,35.9,73.5,0.89,24.4,191.0,348.8,2035.0,3983,92,18.59,0.7174,96.4,0,2022,4,0,None,None,Low,116,0
HEMM-L001,Wheel Loader,2021-10-02,6,2,2,20,72.4,4.53,1.9,42.0,77.3,0.94,25.0,193.8,324.0,1779.0,7880,96,15.98,1.068,98.1,0,2021,10,5,None,None,Low,85,0
HEMM-G002,Grader,2023-10-04,4,0,1,5,98.1,4.86,1.72,49.0,83.3,0.89,19.2,175.2,321.1,1880.0,2883,29,20.19,0.9149,93.4,0,2023,10,2,Electrical Fault,Electrical,Critical,0,1
HEMM-DR01,Drill Rig,2022-04-01,1,2,1,7,84.5,4.77,2.27,43.8,82.2,0.85,24.4,184.3,317.7,1794.0,3551,13,17.71,1.2653,99.2,0,2022,4,4,None,None,Low,101,0
HEMM-DR02,Drill Rig,2023-10-01,1,2,1,11,71.7,4.61,1.61,28.1,81.5,0.95,24.0,176.8,344.0,1748.0,7696,118,15.55,0.9211,99.8,0,2023,10,6,None,None,Low,81,0
HEMM-D002,Dumper,2023-02-19,2,2,2,11,85.2,4.01,2.04,37.5,86.3,0.76,24.4,164.5,341.7,1777.0,6657,83,21.25,1.148,97.3,0,2023,2,6,None,None,Low,44,0
HEMM-SC01,Scraper,2023-12-12,5,2,0,2,81.7,5.1,2.56,41.9,80.7,0.85,25.5,194.8,293.7,1920.0,8730,18,16.02,1.3333,97.8,0,2023,12,1,None,None,Medium,65,0
HEMM-D002,Dumper,2022-05-19,2,2,1,18,84.9,4.48,1.9,48.0,82.9,0.77,25.3,177.3,336.4,1703.0,6681,99,18.95,1.1157,99.9,0,2022,5,3,None,None,Low,72,0
HEMM-L002,Wheel Loader,2021-04-11,6,1,0,10,80.7,4.14,1.64,35.6,84.5,0.79,24.2,180.8,314.2,1818.0,7401,55,19.49,0.9021,98.2,0,2021,4,6,None,None,Low,106,0
HEMM-B002,Dozer,2023-08-03,0,1,1,14,77.1,3.99,2.0,32.8,86.1,0.82,24.7,176.6,326.7,1894.0,5023,83,19.32,1.056,97.4,0,2023,8,3,None,None,Low,31,0
HEMM-D005,Dumper,2023-08-08,2,2,2,15,92.6,3.96,5.59,34.0,73.7,0.97,24.6,194.2,317.5,1634.0,1681,97,23.38,3.4211,79.4,1,2023,8,1,Transmission Failure,Transmission,Critical,2,1
HEMM-DR01,Drill Rig,2022-10-25,1,0,2,1,88.4,4.52,1.29,44.2,78.4,0.88,24.7,174.4,316.0,1849.0,3130,63,19.56,0.6977,96.9,0,2022,10,1,None,None,Low,53,0
HEMM-E002,Excavator,2023-07-21,3,1,2,9,84.2,4.3,2.02,51.2,86.6,0.92,25.1,179.6,308.3,1638.0,5509,93,19.58,1.2332,98.9,0,2023,7,4,None,None,Low,123,0
HEMM-E001,Excavator,2021-09-11,3,1,2,4,78.1,4.04,1.21,37.8,85.3,0.91,24.3,190.6,281.5,1652.0,11770,62,19.33,0.7324,97.7,0,2021,9,5,None,None,Medium,108,0
HEMM-L002,Wheel Loader,2023-02-26,6,2,0,17,98.0,4.38,1.68,40.6,82.5,0.76,24.7,188.0,326.6,1614.0,10228,25,22.37,1.0409,92.9,0,2023,2,6,None,None,Medium,82,0
HEMM-D002,Dumper,2021-12-16,2,0,1,19,92.9,2.35,1.95,37.0,82.7,1.0,24.9,118.2,316.4,1828.0,11005,115,39.53,1.0667,85.3,1,2021,12,3,Hydraulic Failure,Hydraulics,Critical,2,1
HEMM-D002,Dumper,2023-05-10,2,0,2,10,85.8,4.41,1.28,51.2,84.9,0.8,24.0,163.8,326.9,1737.0,7511,41,19.46,0.7369,99.1,0,2023,5,2,None,None,Low,119,0
HEMM-D005,Dumper,2022-02-20,2,1,0,20,79.1,4.26,2.37,29.1,83.7,0.9,23.8,168.1,305.7,1894.0,4346,6,18.57,1.2513,97.7,0,2022,2,6,None,None,Low,59,0
HEMM-L001,Wheel Loader,2021-01-12,6,2,2,16,86.5,4.09,2.17,34.2,81.4,0.87,24.9,180.4,335.8,2068.0,4097,32,21.15,1.0493,96.4,0,2021,1,1,None,None,Low,84,0
HEMM-DR02,Drill Rig,2023-04-20,1,0,1,3,81.6,4.88,1.69,28.2,80.7,0.91,25.1,186.8,329.6,1732.0,10050,81,16.72,0.9758,99.5,0,2023,4,3,None,None,Medium,149,0
HEMM-SC01,Scraper,2022-07-24,5,2,1,18,109.9,4.07,1.2,45.3,86.3,0.55,24.2,180.5,404.9,1775.0,3601,11,27.0,0.6761,85.4,0,2022,7,6,Engine Overheat,Engine,Critical,5,1
HEMM-D005,Dumper,2021-03-08,2,2,0,19,83.3,4.77,2.26,32.9,85.4,0.97,24.5,180.9,322.2,1900.0,10084,43,17.46,1.1895,99.2,0,2021,3,0,None,None,Medium,175,0
HEMM-D002,Dumper,2021-08-12,2,0,0,6,90.2,4.48,1.82,42.6,76.3,0.91,23.6,165.0,352.4,1681.0,2843,91,20.13,1.0827,95.0,0,2021,8,3,None,None,Low,52,0
HEMM-SC01,Scraper,2021-12-30,5,0,1,19,98.2,4.28,2.03,39.2,81.2,0.89,24.0,173.9,277.7,1897.0,6101,9,22.94,1.0701,91.9,0,2021,12,3,None,None,Low,52,0
HEMM-B003,Dozer,2023-01-25,0,0,2,3,96.9,2.21,1.91,31.3,75.4,0.95,25.0,109.6,338.3,1774.0,7201,112,43.85,1.0767,80.0,1,2023,1,2,Hydraulic Failure,Hydraulics,Critical,7,1
HEMM-D004,Dumper,2022-07-17,2,0,1,17,87.0,4.4,2.29,38.0,74.6,0.86,25.2,169.5,331.7,1843.0,6979,72,19.77,1.2425,94.7,0,2022,7,6,None,None,Low,127,0
HEMM-D002,Dumper,2021-08-12,2,2,2,17,81.2,4.22,2.26,30.9,84.5,0.83,24.3,169.9,301.5,1825.0,1636,66,19.24,1.2384,97.8,0,2021,8,3,None,None,Low,166,0
HEMM-B002,Dozer,2023-05-25,0,2,2,11,76.2,4.01,1.05,47.6,82.8,0.99,24.5,173.7,341.4,1839.0,4454,72,19.0,0.571,97.6,0,2023,5,3,None,None,Low,112,0
HEMM-G001,Grader,2021-09-23,4,2,2,19,83.5,3.92,1.89,41.1,84.4,0.93,24.5,171.6,336.9,1722.0,8332,71,21.3,1.0976,97.1,0,2021,9,3,None,None,Medium,142,0
HEMM-L001,Wheel Loader,2022-01-04,6,2,1,8,115.5,4.57,2.23,32.3,78.8,0.39,24.2,176.1,297.5,1838.0,11809,42,25.27,1.2133,82.8,1,2022,1,1,Cooling System Failure,Cooling System,Critical,0,1
HEMM-D004,Dumper,2022-03-01,2,2,0,14,85.35,4.25,1.39,27.0,89.4,0.82,24.6,181.5,299.5,1737.0,6983,10,20.08,0.8002,98.6,0,2022,3,1,None,None,Low,94,0
HEMM-E002,Excavator,2021-01-24,3,2,0,7,69.8,4.75,1.25,36.1,84.0,0.99,24.6,181.9,355.0,1755.0,11505,41,14.69,0.7123,100.0,0,2021,1,6,None,None,Medium,59,0
HEMM-B002,Dozer,2022-09-07,0,2,1,18,105.9,4.26,1.26,47.3,82.5,0.87,24.1,182.4,303.0,1886.0,5507,103,24.86,0.6681,88.4,0,2022,9,2,Fuel System Failure,Fuel System,Critical,5,1
HEMM-G002,Grader,2021-03-01,4,1,0,7,91.2,4.46,2.95,35.4,76.9,0.89,24.0,179.1,308.1,1821.0,5615,111,20.45,1.62,91.8,0,2021,3,0,None,None,Low,56,0
HEMM-L001,Wheel Loader,2023-08-30,6,1,2,5,70.1,4.82,2.01,41.5,82.0,0.89,24.6,164.2,302.0,1722.0,8088,24,14.54,1.1672,100.0,0,2023,8,2,None,None,Medium,67,0
HEMM-SC01,Scraper,2022-11-18,5,0,2,14,75.1,4.27,1.74,36.1,75.2,0.91,24.3,187.4,311.1,1683.0,1117,111,17.59,1.0339,96.1,0,2022,11,4,None,None,Low,37,0
HEMM-B003,Dozer,2021-02-08,0,1,0,19,105.7,3.97,1.2,39.7,80.5,0.94,19.8,167.3,355.1,1861.0,11431,47,26.62,0.6448,86.4,0,2021,2,0,Electrical Fault,Electrical,Critical,2,1
HEMM-D001,Dumper,2022-11-26,2,0,2,18,81.7,4.48,1.64,35.2,79.6,0.92,24.4,188.0,331.8,1684.0,2919,78,18.24,0.9739,98.9,0,2022,11,5,None,None,Low,107,0
HEMM-D004,Dumper,2022-09-24,2,2,0,11,90.9,4.63,2.07,37.5,87.2,0.85,24.7,180.0,335.2,1762.0,11830,9,19.63,1.1748,96.8,0,2022,9,5,None,None,Medium,36,0
HEMM-L001,Wheel Loader,2022-05-02,6,0,2,15,85.5,4.9,2.18,30.7,82.5,0.88,25.3,183.7,308.2,1675.0,5158,32,17.45,1.3015,99.2,0,2022,5,0,None,None,Low,157,0
HEMM-D004,Dumper,2023-02-06,2,1,2,7,88.7,2.99,2.07,39.6,79.5,0.85,24.8,87.4,317.9,1616.0,1717,61,29.67,1.2809,89.4,1,2023,2,0,Hydraulic Failure,Hydraulics,Critical,7,1
HEMM-E002,Excavator,2022-11-28,3,0,0,17,87.0,3.08,2.47,41.1,81.3,0.86,23.3,127.4,296.9,2054.0,5284,104,28.25,1.2025,90.2,0,2022,11,0,Hydraulic Failure,Hydraulics,Critical,1,1
HEMM-E002,Excavator,2021-03-16,3,0,2,13,119.3,5.17,1.49,47.1,81.4,0.48,24.1,188.7,381.3,1760.0,11892,115,23.08,0.8466,82.6,1,2021,3,1,Engine Overheat,Engine,Critical,4,1
HEMM-D003,Dumper,2022-11-14,2,0,2,2,97.7,4.12,1.84,31.3,79.8,0.96,24.8,174.3,316.5,1790.0,1889,71,23.71,1.0279,90.9,0,2022,11,0,None,None,Low,91,0
HEMM-D001,Dumper,2022-10-02,2,2,1,7,99.2,5.0,2.82,40.4,82.6,0.82,24.0,171.1,307.5,1690.0,5457,30,19.84,1.6686,90.4,0,2022,10,6,None,None,Low,49,0
HEMM-SC01,Scraper,2022-10-16,5,0,1,4,90.9,4.64,2.27,29.9,76.6,0.86,24.7,169.0,339.8,1762.0,4667,24,19.59,1.2883,94.1,0,2022,10,6,None,None,Low,153,0
HEMM-D001,Dumper,2023-11-19,2,1,2,7,87.8,4.33,1.98,43.8,80.1,0.87,24.7,195.7,290.0,1823.0,9088,49,20.28,1.0861,97.0,0,2023,11,6,None,None,Medium,73,0
HEMM-D005,Dumper,2022-08-04,2,2,0,8,80.1,4.35,2.15,29.4,82.4,0.93,25.1,170.7,339.5,1717.0,3006,14,18.41,1.2522,98.8,0,2022,8,3,None,None,Low,55,0
HEMM-B003,Dozer,2023-06-28,0,1,2,5,138.3,4.21,2.51,41.6,81.5,0.68,24.2,186.8,407.3,1920.0,675,65,32.85,1.3073,70.2,1,2023,6,2,Engine Overheat,Engine,Critical,6,1
HEMM-D003,Dumper,2023-05-24,2,0,2,6,99.3,4.37,2.22,43.3,84.3,0.79,24.3,150.8,316.2,1604.0,11745,81,22.72,1.384,91.5,0,2023,5,2,None,None,Medium,38,0
HEMM-DR02,Drill Rig,2022-12-30,1,0,2,11,93.3,4.88,2.46,34.9,86.1,0.78,24.2,175.1,299.7,1626.0,3446,96,19.12,1.5129,94.5,0,2022,12,4,None,None,Low,75,0
HEMM-D003,Dumper,2023-08-12,2,2,2,5,76.6,4.9,2.54,41.6,72.0,0.99,25.4,190.3,327.4,1614.0,1722,109,15.63,1.5737,94.4,0,2023,8,5,None,None,Low,81,0
HEMM-DR02,Drill Rig,2022-09-28,1,2,1,15,110.3,4.78,2.26,61.6,83.3,0.8,24.8,177.6,264.2,1839.0,7909,34,23.08,1.2289,86.6,1,2022,9,2,Fuel System Failure,Fuel System,Critical,4,1
HEMM-G002,Grader,2022-01-11,4,2,0,11,79.1,5.06,7.12,38.4,57.1,0.85,25.1,175.8,374.1,1923.0,5520,63,15.63,3.7025,74.7,1,2022,1,1,Tyre Burst,Tyres,Critical,7,1
HEMM-G001,Grader,2023-09-08,4,0,0,6,84.5,5.24,1.29,35.9,83.0,0.88,24.3,159.0,346.9,1699.0,4824,103,16.13,0.7593,100.0,0,2023,9,4,None,None,Low,46,0
HEMM-D005,Dumper,2023-11-07,2,1,1,13,84.2,5.02,1.89,35.2,79.7,0.91,24.5,192.0,302.5,1883.0,11902,106,16.77,1.0037,99.1,0,2023,11,1,None,None,Medium,138,0
HEMM-D003,Dumper,2022-09-11,2,2,0,15,77.6,4.54,1.93,41.1,81.2,0.9,24.1,199.4,322.7,1790.0,6766,80,17.09,1.0782,99.7,0,2022,9,6,None,None,Low,95,0
HEMM-E003,Excavator,2021-11-22,3,0,1,13,83.4,4.13,2.35,40.7,78.3,0.96,25.9,163.6,318.9,1607.0,1282,48,20.19,1.4624,95.6,0,2021,11,0,None,None,Low,111,0
HEMM-DR01,Drill Rig,2023-06-11,1,2,1,11,105.5,4.2,3.03,40.1,84.5,0.52,25.1,172.6,270.1,1915.0,9121,93,25.12,1.5822,85.2,0,2023,6,6,Cooling System Failure,Cooling System,Critical,1,1
HEMM-D004,Dumper,2023-08-07,2,0,0,18,82.7,4.25,7.87,41.4,52.1,0.88,24.2,201.5,319.8,1772.0,1799,110,19.46,4.4413,69.2,1,2023,8,0,Tyre Burst,Tyres,Critical,6,1
HEMM-D004,Dumper,2023-02-16,2,0,1,16,140.7,3.79,1.51,41.8,80.6,0.59,25.2,195.2,439.4,1689.0,10767,89,37.12,0.894,68.0,1,2023,2,3,Engine Overheat,Engine,Critical,2,1
HEMM-D005,Dumper,2021-11-02,2,0,2,18,75.7,4.21,2.28,36.6,86.2,0.93,25.1,181.8,325.0,1603.0,4975,54,17.98,1.4223,97.7,0,2021,11,1,None,None,Low,49,0
HEMM-E002,Excavator,2022-02-26,3,2,2,11,76.0,4.33,1.72,40.2,76.4,0.79,23.6,191.5,299.3,1884.0,5110,77,17.55,0.913,96.9,0,2022,2,5,None,None,Low,50,0
HEMM-DR01,Drill Rig,2022-12-07,1,1,2,19,78.6,4.37,2.34,33.1,79.3,0.76,25.1,192.7,341.1,1835.0,333,83,17.99,1.2752,97.2,0,2022,12,2,None,None,Low,134,0
HEMM-D005,Dumper,2022-08-26,2,1,1,12,89.0,4.76,2.05,46.2,82.8,0.98,25.0,183.9,381.0,1824.0,9192,11,18.7,1.1239,97.8,0,2022,8,4,None,None,Medium,39,0
HEMM-G001,Grader,2021-08-13,4,0,2,1,73.0,4.85,2.13,32.4,87.5,0.88,24.6,180.9,331.0,1764.0,4054,60,15.05,1.2075,99.6,0,2021,8,4,None,None,Low,58,0
HEMM-B003,Dozer,2023-02-23,0,0,1,13,83.7,4.77,2.03,38.8,70.3,0.89,23.9,179.0,296.4,1959.0,7330,74,17.55,1.0362,95.2,0,2023,2,3,None,None,Low,179,0
HEMM-L001,Wheel Loader,2021-10-12,6,1,0,18,80.3,4.4,1.82,40.6,91.0,0.77,24.2,176.4,318.8,1869.0,6501,112,18.25,0.9738,99.5,0,2021,10,1,None,None,Low,150,0
HEMM-D005,Dumper,2022-08-14,2,2,1,5,84.1,4.32,1.53,36.4,86.4,1.0,24.8,190.9,286.3,1896.0,2400,6,19.47,0.807,99.1,0,2022,8,6,None,None,Low,121,0
HEMM-D005,Dumper,2023-09-24,2,2,1,14,91.6,4.61,2.13,37.3,80.5,0.88,23.6,182.4,315.3,1873.0,2424,15,19.87,1.1372,95.7,0,2023,9,6,None,None,Low,43,0
HEMM-DR01,Drill Rig,2023-07-23,1,2,1,20,98.1,4.63,1.92,32.1,72.4,0.86,24.6,195.6,316.6,1824.0,7174,84,21.19,1.0526,89.6,0,2023,7,6,None,None,Low,164,0
HEMM-DR01,Drill Rig,2023-07-11,1,0,0,12,82.2,4.36,1.18,43.7,77.8,0.96,24.8,176.2,306.9,1927.0,3898,28,18.85,0.6124,97.6,0,2023,7,1,None,None,Low,35,0
HEMM-L001,Wheel Loader,2022-04-30,6,2,2,17,78.2,3.82,1.92,38.3,82.2,0.87,25.0,167.7,314.3,1762.0,4611,57,20.47,1.0897,96.6,0,2022,4,5,None,None,Low,173,0
HEMM-D002,Dumper,2021-03-19,2,2,1,16,94.9,4.35,2.63,34.1,84.6,0.84,24.9,185.1,297.7,1584.0,11748,52,21.82,1.6604,92.4,0,2021,3,4,None,None,Medium,163,0
HEMM-D003,Dumper,2021-10-18,2,2,2,17,93.3,4.4,4.63,40.9,75.5,0.92,24.3,192.2,308.4,1970.0,4778,64,21.2,2.3503,84.9,0,2021,10,0,Brake Failure,Brakes,Critical,1,1
HEMM-L001,Wheel Loader,2021-06-09,6,2,2,18,125.3,3.86,2.53,50.5,80.8,0.56,25.1,191.9,382.7,1685.0,9696,44,32.46,1.5015,74.6,1,2021,6,2,Engine Overheat,Engine,Critical,5,1
HEMM-L001,Wheel Loader,2023-07-19,6,2,0,16,86.4,4.26,2.73,31.8,79.5,0.89,23.9,162.7,345.3,1703.0,9603,98,20.28,1.6031,94.9,0,2023,7,2,None,None,Medium,107,0
HEMM-B002,Dozer,2022-08-16,0,1,2,2,77.4,4.69,2.11,39.9,87.4,0.92,23.9,189.5,344.9,1962.0,11587,81,16.5,1.0754,99.7,0,2022,8,1,None,None,Medium,137,0
HEMM-B001,Dozer,2021-05-06,0,2,2,16,124.6,4.43,1.53,50.8,88.4,0.57,24.7,181.2,377.4,1915.0,9672,26,28.13,0.799,79.8,1,2021,5,3,Engine Overheat,Engine,Critical,4,1
HEMM-B002,Dozer,2023-09-20,0,1,0,5,88.5,4.1,1.87,42.8,87.1,0.76,24.3,186.7,357.4,1725.0,8483,14,21.59,1.0841,96.2,0,2023,9,2,None,None,Medium,155,0
HEMM-B001,Dozer,2022-07-18,0,0,1,1,79.2,4.46,2.57,35.4,81.3,0.86,24.9,183.0,322.7,1757.0,2027,82,17.76,1.4627,97.8,0,2022,7,0,None,None,Low,39,0
HEMM-D005,Dumper,2023-07-04,2,0,2,6,85.35,4.9,1.48,39.1,86.9,0.76,23.5,158.5,359.5,1851.0,4480,105,17.42,0.7996,99.8,0,2023,7,1,None,None,Low,35,0
HEMM-E001,Excavator,2023-12-17,3,1,2,11,88.7,4.37,1.89,31.9,84.3,0.87,24.2,167.1,292.3,1818.0,1582,23,20.3,1.0396,97.5,0,2023,12,6,None,None,Low,68,0
HEMM-D005,Dumper,2023-10-13,2,0,0,13,94.2,4.64,1.95,37.7,80.9,0.97,24.0,170.6,337.6,1646.0,4098,89,20.3,1.1847,95.0,0,2023,10,4,None,None,Low,108,0
HEMM-E001,Excavator,2022-03-08,3,2,0,12,74.3,4.67,2.44,30.9,82.4,0.94,25.0,187.3,343.4,1855.0,1090,87,15.91,1.3154,98.7,0,2022,3,1,None,None,Low,148,0
HEMM-D004,Dumper,2021-04-18,2,1,0,15,81.9,4.68,1.67,39.4,85.3,0.81,24.6,174.5,322.5,1749.0,6733,65,17.5,0.9548,100.0,0,2021,4,6,None,None,Low,144,0
HEMM-SC01,Scraper,2022-04-24,5,0,1,13,71.3,4.83,2.67,40.0,77.6,0.92,24.4,176.7,291.6,1822.0,7975,38,14.76,1.4654,96.2,0,2022,4,6,None,None,Low,171,0
HEMM-DR01,Drill Rig,2021-01-25,1,0,0,15,73.9,4.67,1.7,22.3,85.2,0.99,24.0,202.4,329.5,1785.0,6458,91,15.82,0.9524,100.0,0,2021,1,0,None,None,Low,95,0
HEMM-D002,Dumper,2021-07-19,2,2,2,12,92.4,5.06,2.17,35.2,85.5,0.98,23.9,180.4,277.3,1679.0,7274,83,18.26,1.2924,95.8,0,2021,7,0,None,None,Low,47,0
HEMM-B003,Dozer,2022-07-08,0,0,2,4,84.0,4.39,2.42,32.2,80.6,0.85,24.3,189.1,314.5,1770.0,4383,88,19.13,1.3672,97.6,0,2022,7,4,None,None,Low,83,0
HEMM-E003,Excavator,2022-02-04,3,2,1,11,78.4,4.74,1.96,40.3,83.3,0.99,24.3,178.5,318.8,1861.0,11303,93,16.54,1.0532,100.0,0,2022,2,4,None,None,Medium,128,0
HEMM-D001,Dumper,2021-01-18,2,1,2,1,94.8,4.27,2.64,60.4,79.5,0.86,24.5,188.3,315.5,1967.0,6937,17,22.2,1.3421,91.0,0,2021,1,0,Fuel System Failure,Fuel System,Critical,7,1
HEMM-E003,Excavator,2022-08-04,3,0,2,7,77.2,3.89,5.27,32.6,42.1,1.0,25.5,192.4,288.6,2006.0,757,8,19.85,2.6271,71.2,1,2022,8,3,Tyre Burst,Tyres,Critical,3,1
HEMM-D004,Dumper,2021-06-26,2,2,2,5,78.3,4.9,1.95,37.7,83.7,0.96,24.4,203.1,339.2,1733.0,6359,89,15.98,1.1252,100.0,0,2021,6,5,None,None,Low,53,0
HEMM-E001,Excavator,2021-08-16,3,2,0,6,89.2,4.89,2.1,35.1,89.2,0.82,25.3,188.9,304.2,1764.0,4350,42,18.24,1.1905,97.6,0,2021,8,0,None,None,Low,35,0
HEMM-D003,Dumper,2023-07-18,2,0,2,14,72.0,4.33,2.43,39.5,79.3,0.75,23.8,178.9,323.4,1805.0,11541,120,16.63,1.3463,96.8,0,2023,7,1,None,None,Medium,142,0
HEMM-B003,Dozer,2022-06-12,0,1,1,3,85.3,5.04,2.31,38.0,82.9,0.82,24.6,165.0,324.9,1721.0,4743,104,16.92,1.3422,98.9,0,2022,6,6,None,None,Low,160,0
HEMM-B003,Dozer,2021-05-04,0,0,1,9,62.4,4.42,2.36,40.1,77.5,0.76,24.6,179.6,316.6,1711.0,3115,61,14.12,1.3793,96.7,0,2021,5,1,None,None,Low,43,0
HEMM-E002,Excavator,2023-03-16,3,1,2,16,105.2,4.0,2.07,32.4,78.2,0.82,23.7,182.0,329.4,1880.0,1976,23,26.3,1.1011,85.7,0,2023,3,3,None,None,High,163,0
HEMM-E002,Excavator,2021-08-06,3,0,1,9,106.1,5.2,1.77,40.1,77.2,0.6,25.0,174.8,288.0,1949.0,1892,9,20.4,0.9082,87.5,0,2021,8,4,Cooling System Failure,Cooling System,Critical,4,1
HEMM-D001,Dumper,2023-10-17,2,1,0,1,71.4,4.08,2.57,35.3,84.8,0.82,24.5,193.8,311.9,2004.0,819,90,17.5,1.2824,96.2,0,2023,10,1,None,None,Low,154,0
HEMM-B003,Dozer,2023-03-13,0,2,0,1,100.9,4.1,1.99,47.3,80.4,1.0,24.6,159.7,313.5,1885.0,8644,95,24.61,1.0557,89.4,0,2023,3,0,None,None,High,83,0
HEMM-G002,Grader,2021-05-24,4,2,2,8,81.3,4.11,1.88,37.4,86.3,0.85,24.6,187.3,347.6,1701.0,254,54,19.78,1.1052,98.0,0,2021,5,0,None,None,Low,148,0
HEMM-L001,Wheel Loader,2021-09-06,6,2,2,18,82.3,4.44,2.26,38.3,89.5,0.95,24.1,194.1,295.9,1720.0,6080,47,18.54,1.314,98.9,0,2021,9,0,None,None,Low,44,0
HEMM-D002,Dumper,2021-07-05,2,0,0,18,80.0,4.97,1.74,32.0,84.7,0.94,25.5,174.0,280.0,1613.0,5771,15,16.1,1.0787,100.0,0,2021,7,0,None,None,Low,162,0
HEMM-B002,Dozer,2022-02-20,0,1,2,18,82.2,4.53,2.26,42.2,84.4,0.92,25.1,200.1,324.9,1827.0,844,54,18.15,1.237,99.2,0,2022,2,6,None,None,Low,101,0
HEMM-G002,Grader,2021-08-07,4,2,2,12,76.0,4.0,1.67,36.2,80.7,0.9,24.1,181.0,318.3,1809.0,8170,15,19.0,0.9232,97.0,0,2021,8,5,None,None,Medium,68,0
HEMM-E002,Excavator,2021-10-14,3,1,2,7,96.1,3.8,2.26,45.4,65.8,0.76,25.2,172.1,287.3,1806.0,615,97,25.29,1.2514,83.7,0,2021,10,3,None,None,Medium,171,0
HEMM-G002,Grader,2021-05-10,4,2,0,10,82.6,5.3,1.88,41.5,84.8,0.95,24.3,169.0,320.9,1863.0,8386,73,15.58,1.0091,100.0,0,2021,5,0,None,None,Medium,45,0
HEMM-D001,Dumper,2021-03-17,2,0,2,2,75.8,4.35,4.12,38.6,80.9,0.97,24.8,181.7,323.9,2105.0,5733,105,17.43,1.9572,92.4,0,2021,3,2,Brake Failure,Brakes,Critical,1,1
HEMM-L002,Wheel Loader,2023-07-28,6,2,2,18,78.2,3.86,1.57,43.2,83.8,0.89,25.2,162.5,313.5,1565.0,2640,99,20.26,1.0032,96.8,0,2023,7,4,None,None,Low,45,0
HEMM-D003,Dumper,2021-03-17,2,2,1,5,71.5,4.75,2.14,33.0,75.9,0.9,24.3,203.3,323.4,1797.0,8210,88,15.05,1.1909,97.1,0,2021,3,2,None,None,Medium,147,0
HEMM-D002,Dumper,2022-05-13,2,2,2,5,93.2,4.5,6.33,26.3,37.3,0.81,25.0,180.2,272.0,1737.0,435,27,20.71,3.6442,65.0,1,2022,5,4,Tyre Burst,Tyres,Critical,4,1
HEMM-DR02,Drill Rig,2021-12-16,1,2,0,3,84.2,4.81,1.83,41.1,84.6,0.84,25.1,182.7,302.0,1759.0,1942,19,17.51,1.0404,100.0,0,2021,12,3,None,None,Low,30,0
HEMM-E003,Excavator,2021-05-10,3,1,2,14,75.3,4.38,2.08,33.2,79.3,0.97,24.4,186.3,304.7,1885.0,5727,108,17.19,1.1034,98.1,0,2021,5,0,None,None,Low,131,0
HEMM-B003,Dozer,2021-09-05,0,2,0,19,80.2,4.53,1.95,43.9,76.8,0.82,25.2,183.8,317.3,1825.0,9143,22,17.7,1.0685,97.9,0,2021,9,6,None,None,Medium,132,0
HEMM-E002,Excavator,2021-04-04,3,2,1,6,72.8,5.49,2.01,39.6,77.0,0.85,25.1,173.0,323.1,1722.0,5696,13,13.26,1.1672,98.0,0,2021,4,6,None,None,Low,174,0
HEMM-DR01,Drill Rig,2021-12-11,1,2,0,12,80.0,5.46,2.58,30.7,79.1,0.91,24.5,168.8,307.8,1849.0,9267,26,14.65,1.3953,97.1,0,2021,12,5,None,None,Medium,96,0
HEMM-D002,Dumper,2021-10-01,2,1,1,20,87.0,5.01,7.71,36.1,45.5,0.92,24.5,186.1,312.7,1954.0,6362,104,17.37,3.9458,67.3,1,2021,10,4,Tyre Burst,Tyres,Critical,7,1
HEMM-D001,Dumper,2021-01-15,2,1,2,3,83.1,4.33,2.16,35.7,80.8,0.88,24.7,186.5,310.5,1666.0,11779,88,19.19,1.2965,98.2,0,2021,1,4,None,None,Medium,109,0
HEMM-DR01,Drill Rig,2023-09-02,1,2,2,5,85.35,4.66,2.01,42.5,79.3,0.89,24.7,175.8,288.8,1666.0,3577,23,18.32,1.2065,98.7,0,2023,9,5,None,None,Low,172,0
HEMM-DR02,Drill Rig,2023-04-24,1,1,1,6,90.9,4.51,2.24,36.7,83.3,0.76,24.3,169.1,305.9,1699.0,10203,93,20.16,1.3184,96.3,0,2023,4,0,None,None,Medium,49,0
HEMM-L001,Wheel Loader,2021-06-30,6,2,1,10,93.4,4.9,2.1,35.7,85.3,0.81,25.1,191.4,314.9,1920.0,5899,58,19.06,1.0938,95.5,0,2021,6,2,None,None,Low,88,0
HEMM-E002,Excavator,2021-08-29,3,2,2,4,92.0,4.93,1.97,37.4,75.9,0.78,23.9,176.2,292.9,1654.0,10340,51,18.66,1.1911,94.1,0,2021,8,6,None,None,Medium,122,0
HEMM-DR02,Drill Rig,2022-03-03,1,0,1,2,81.4,4.34,2.04,29.9,76.2,0.94,24.7,185.0,315.4,1722.0,3373,19,18.76,1.1847,96.8,0,2022,3,3,None,None,Low,116,0
HEMM-L001,Wheel Loader,2023-10-16,6,1,1,6,100.4,4.71,1.79,36.2,79.9,0.81,24.4,182.9,316.1,1947.0,11179,10,21.32,0.9194,91.5,0,2023,10,0,None,None,High,175,0
HEMM-B002,Dozer,2022-03-06,0,0,0,9,85.5,2.93,2.08,33.6,81.2,0.79,24.6,137.8,316.8,1833.0,5677,83,29.18,1.1348,91.3,1,2022,3,6,Hydraulic Failure,Hydraulics,Critical,0,1
HEMM-E001,Excavator,2021-03-01,3,0,1,17,91.0,4.27,2.39,39.9,88.2,0.78,23.4,184.8,333.2,1875.0,2101,14,21.31,1.2747,94.7,0,2021,3,0,None,None,Low,30,0
HEMM-B003,Dozer,2023-05-09,0,1,1,11,85.4,4.43,1.34,33.0,86.5,0.98,24.7,176.8,346.7,1898.0,3969,104,19.28,0.706,99.4,0,2023,5,1,None,None,Low,33,0
HEMM-D004,Dumper,2022-05-01,2,2,1,14,114.6,4.26,2.13,39.8,77.9,0.51,25.3,170.4,362.2,1799.0,3476,53,26.9,1.184,82.0,1,2022,5,6,Engine Overheat,Engine,Critical,7,1
HEMM-DR01,Drill Rig,2021-10-24,1,1,0,20,78.6,5.2,2.41,42.0,81.5,0.86,25.3,167.1,329.0,1834.0,7654,27,15.12,1.3141,98.6,0,2021,10,6,None,None,Low,116,0
HEMM-DR02,Drill Rig,2022-02-02,1,2,0,12,87.9,4.12,1.79,39.4,80.1,0.86,20.6,175.8,329.7,2053.0,4618,30,21.33,0.8719,95.9,0,2022,2,2,Electrical Fault,Electrical,Critical,0,1
HEMM-D005,Dumper,2021-08-16,2,0,0,15,95.5,4.46,2.75,38.8,78.6,0.82,24.2,173.1,346.8,1716.0,7052,26,21.41,1.6026,90.9,0,2021,8,0,None,None,Low,77,0
HEMM-B002,Dozer,2021-11-18,0,2,2,20,81.8,4.85,2.21,40.3,85.6,0.99,24.9,180.2,300.4,1739.0,2984,78,16.87,1.2708,99.4,0,2021,11,3,None,None,Low,117,0
HEMM-D003,Dumper,2023-04-24,2,2,0,16,67.1,5.04,1.6,48.5,85.2,0.97,23.9,190.5,312.2,1604.0,3746,80,13.31,0.9975,100.0,0,2023,4,0,None,None,Low,98,0
HEMM-B001,Dozer,2021-01-30,0,2,0,14,85.35,4.88,2.24,33.4,83.7,0.78,23.5,194.1,329.3,1793.0,4241,36,17.49,1.2493,99.1,0,2021,1,5,None,None,Low,32,0
HEMM-E003,Excavator,2021-11-02,3,2,1,1,89.2,4.25,2.15,37.2,86.4,0.77,23.8,187.8,305.4,1878.0,7044,10,20.99,1.1448,96.2,0,2021,11,1,None,None,Low,135,0
HEMM-L002,Wheel Loader,2021-03-10,6,0,2,17,85.4,4.44,2.43,41.8,80.7,0.96,24.8,167.5,348.7,1614.0,6660,66,19.23,1.5056,97.7,0,2021,3,2,None,None,Low,156,0
HEMM-DR02,Drill Rig,2023-10-12,1,1,1,3,80.1,4.87,2.83,38.6,81.7,0.92,24.4,189.5,306.2,1723.0,9350,101,16.45,1.6425,97.4,0,2023,10,3,None,None,Medium,164,0
HEMM-DR01,Drill Rig,2022-03-23,1,1,2,12,90.3,3.9,2.52,37.2,86.8,0.93,24.4,171.8,310.0,1724.0,5046,35,23.15,1.4617,92.8,0,2022,3,2,None,None,Low,47,0
HEMM-D001,Dumper,2023-09-10,2,2,0,10,92.6,4.52,2.03,46.9,75.6,0.81,23.7,180.5,314.0,1736.0,2850,95,20.49,1.1694,93.6,0,2023,9,6,None,None,Low,102,0
HEMM-D001,Dumper,2023-07-21,2,0,1,5,80.0,4.12,2.67,48.0,85.6,0.99,24.4,172.9,317.0,1637.0,11720,56,19.42,1.631,96.1,0,2023,7,4,None,None,Medium,41,0
HEMM-G001,Grader,2023-08-09,4,2,0,1,92.2,5.0,2.76,34.7,82.3,0.89,24.3,168.8,308.5,1790.0,10477,14,18.44,1.5419,94.1,0,2023,8,2,None,None,Medium,82,0
HEMM-B003,Dozer,2023-12-24,0,1,0,10,79.1,3.82,2.15,35.2,80.4,0.96,23.9,184.4,323.5,1785.0,7177,101,20.71,1.2045,95.5,0,2023,12,6,None,None,Low,65,0
HEMM-SC01,Scraper,2022-03-01,5,2,0,3,83.8,4.33,1.93,33.2,77.5,0.96,25.0,184.7,318.7,1818.0,10365,117,19.35,1.0616,97.4,0,2022,3,1,None,None,Medium,179,0
HEMM-D002,Dumper,2023-11-21,2,2,0,12,88.0,5.06,1.95,41.4,85.0,0.84,25.6,169.1,316.3,1834.0,1044,19,17.39,1.0632,98.5,0,2023,11,1,None,None,Low,112,0
HEMM-D002,Dumper,2023-01-19,2,0,2,6,81.6,3.72,1.41,41.7,79.7,0.78,24.3,148.2,305.8,1715.0,10819,76,21.94,0.8222,95.2,0,2023,1,3,Hydraulic Failure,Hydraulics,Critical,3,1
HEMM-B003,Dozer,2022-05-04,0,2,2,4,86.8,4.46,1.9,36.8,76.3,0.79,24.9,191.0,335.3,1786.0,10833,66,19.46,1.0638,96.6,0,2022,5,2,None,None,Medium,140,0
HEMM-E002,Excavator,2022-04-07,3,0,2,12,92.5,5.17,1.93,34.4,80.5,0.91,24.0,164.7,325.4,1915.0,4580,69,17.89,1.0078,95.6,0,2022,4,3,None,None,Low,162,0
HEMM-D002,Dumper,2021-05-10,2,0,2,12,72.4,3.81,1.84,43.9,75.7,0.96,24.3,167.2,326.1,1555.0,7612,67,19.0,1.1833,94.0,0,2021,5,0,None,None,Low,158,0
HEMM-D004,Dumper,2023-08-21,2,2,2,18,82.5,4.28,2.05,42.9,79.1,0.93,24.4,188.6,350.5,1520.0,11313,110,19.28,1.3487,97.6,0,2023,8,0,None,None,Medium,100,0
HEMM-DR02,Drill Rig,2023-01-24,1,2,0,3,88.5,2.4,1.69,37.6,86.8,0.98,24.5,110.1,330.0,1697.0,3285,119,36.88,0.9959,87.8,1,2023,1,1,Hydraulic Failure,Hydraulics,Critical,6,1
HEMM-B002,Dozer,2021-06-07,0,1,2,6,90.9,4.87,4.49,30.9,86.5,0.87,24.5,185.4,358.4,1870.0,4721,19,18.67,2.4011,89.6,0,2021,6,0,Brake Failure,Brakes,Critical,2,1
HEMM-L002,Wheel Loader,2021-02-16,6,0,1,14,81.0,4.24,1.1,29.6,81.1,0.96,23.9,173.4,309.4,1704.0,11380,74,19.1,0.6455,98.3,0,2021,2,1,None,None,Medium,118,0
HEMM-DR01,Drill Rig,2023-06-29,1,2,1,1,103.5,4.49,2.13,58.6,86.5,0.94,24.8,194.2,323.4,1634.0,4976,29,23.05,1.3035,90.3,0,2023,6,3,Fuel System Failure,Fuel System,Critical,3,1
HEMM-DR01,Drill Rig,2022-12-04,1,2,2,11,91.9,4.35,1.38,36.2,88.6,0.77,24.7,174.7,338.0,1991.0,8165,80,21.13,0.6931,95.8,0,2022,12,6,None,None,Medium,55,0
HEMM-SC01,Scraper,2023-07-01,5,0,0,10,77.0,4.99,5.78,34.7,88.6,0.85,25.0,182.8,319.9,2016.0,9493,21,15.43,2.8671,88.7,1,2023,7,5,Brake Failure,Brakes,Critical,4,1
HEMM-L001,Wheel Loader,2023-02-01,6,0,0,2,73.9,4.04,1.39,36.9,85.7,0.91,24.4,182.8,263.8,1784.0,2630,50,18.29,0.7791,97.7,0,2023,2,2,None,None,Low,105,0
HEMM-E001,Excavator,2021-11-26,3,2,1,18,89.5,4.44,1.3,43.1,85.0,0.82,24.6,185.9,320.1,1854.0,4873,28,20.16,0.7012,97.4,0,2021,11,4,None,None,Low,165,0
HEMM-D005,Dumper,2021-11-27,2,1,2,4,103.1,4.55,2.04,50.6,86.0,0.87,24.5,178.7,337.9,1791.0,874,45,22.66,1.139,90.8,0,2021,11,5,Fuel System Failure,Fuel System,Critical,4,1
HEMM-E001,Excavator,2022-02-25,3,2,0,2,87.1,2.66,2.24,34.9,80.7,0.98,24.6,111.3,295.4,1788.0,11104,45,32.74,1.2528,88.5,1,2022,2,4,Hydraulic Failure,Hydraulics,Critical,7,1
HEMM-SC01,Scraper,2022-09-10,5,1,1,1,87.8,4.11,2.04,37.7,82.6,0.96,24.6,174.4,317.2,1821.0,6828,68,21.36,1.1203,96.5,0,2022,9,5,None,None,Low,86,0
HEMM-B003,Dozer,2021-11-16,0,1,2,18,88.4,3.7,2.24,35.2,79.9,0.87,24.7,173.2,343.0,1752.0,8513,47,23.89,1.2785,92.7,0,2021,11,1,None,None,Medium,44,0
HEMM-L001,Wheel Loader,2022-08-17,6,2,0,5,86.1,4.63,1.85,45.4,80.2,0.99,23.9,182.5,328.2,1877.0,9460,98,18.6,0.9856,98.7,0,2022,8,2,None,None,Medium,50,0
HEMM-D004,Dumper,2023-09-08,2,1,1,5,82.6,4.75,2.01,51.8,69.9,0.8,24.1,177.0,351.7,1840.0,11308,75,17.39,1.0924,95.1,0,2023,9,4,None,None,Medium,103,0
HEMM-G002,Grader,2022-03-28,4,0,1,12,86.3,4.55,2.06,44.0,75.3,0.79,23.7,182.0,323.9,1968.0,1715,46,18.97,1.0467,96.5,0,2022,3,0,None,None,Low,94,0
HEMM-E002,Excavator,2023-12-15,3,1,1,9,88.1,3.75,1.8,35.5,89.1,0.78,24.9,181.8,299.6,1730.0,3406,7,23.49,1.0405,94.7,0,2023,12,4,None,None,Low,105,0
HEMM-DR02,Drill Rig,2021-06-28,1,2,0,13,73.1,4.57,1.62,35.0,87.0,0.99,23.9,177.8,359.5,1762.0,3385,67,16.0,0.9194,100.0,0,2021,6,0,None,None,Low,39,0
HEMM-L002,Wheel Loader,2021-04-25,6,2,2,12,103.4,4.09,2.33,31.4,82.6,0.81,25.0,179.8,332.2,1699.0,6713,23,25.28,1.3714,87.8,0,2021,4,6,None,None,High,163,0
HEMM-G001,Grader,2023-03-02,4,0,0,1,80.7,4.26,1.85,31.9,82.2,0.9,24.6,168.5,297.1,1564.0,4863,49,18.94,1.1829,98.8,0,2023,3,3,None,None,Low,65,0
HEMM-DR02,Drill Rig,2021-06-29,1,1,0,15,80.4,4.86,1.83,35.3,72.1,0.82,24.0,185.2,306.9,1698.0,7009,107,16.54,1.0777,96.0,0,2021,6,1,None,None,Low,147,0
HEMM-DR01,Drill Rig,2023-04-29,1,1,1,19,78.5,3.97,1.54,36.6,88.4,0.8,24.7,176.6,330.0,1994.0,9996,16,19.77,0.7723,97.4,0,2023,4,5,None,None,Medium,70,0
HEMM-L001,Wheel Loader,2023-12-12,6,0,0,3,79.8,4.46,2.57,36.9,75.9,0.75,20.1,175.6,319.2,1827.0,9877,101,17.89,1.4067,95.6,0,2023,12,1,Electrical Fault,Electrical,Critical,6,1
HEMM-DR01,Drill Rig,2021-12-25,1,2,1,15,107.3,4.74,2.23,34.9,77.6,0.78,24.8,200.5,332.1,1847.0,11836,77,22.64,1.2074,86.4,0,2021,12,5,None,None,High,141,0
HEMM-G002,Grader,2022-08-16,4,2,0,16,94.9,4.9,1.34,37.0,81.3,0.84,24.1,170.7,299.0,1833.0,891,110,19.37,0.731,94.8,0,2022,8,1,None,None,Low,90,0
HEMM-B002,Dozer,2023-10-09,0,2,1,15,123.6,4.67,2.4,36.9,81.8,0.52,23.9,184.5,330.9,1691.0,3878,8,26.47,1.4193,79.4,1,2023,10,0,Cooling System Failure,Cooling System,Critical,4,1
HEMM-D004,Dumper,2022-08-13,2,0,2,6,75.0,4.33,2.47,38.6,86.4,0.91,25.3,173.0,286.6,1737.0,8259,93,17.32,1.422,97.7,0,2022,8,5,None,None,Medium,170,0
HEMM-D004,Dumper,2022-07-22,2,0,0,3,92.8,4.87,2.15,32.4,81.8,0.82,25.1,195.8,359.3,1833.0,10012,100,19.06,1.1729,95.6,0,2022,7,4,None,None,Medium,154,0
HEMM-DR01,Drill Rig,2022-06-13,1,2,1,16,86.7,4.89,1.71,42.0,84.6,0.85,24.6,187.2,338.0,1812.0,11574,109,17.73,0.9437,99.2,0,2022,6,0,None,None,Medium,171,0
HEMM-D001,Dumper,2022-06-16,2,1,0,19,79.8,3.81,2.42,38.2,79.9,0.85,24.6,182.7,309.7,1859.0,1158,23,20.94,1.3018,94.4,0,2022,6,3,None,None,Low,125,0
HEMM-D005,Dumper,2023-01-02,2,1,0,2,96.4,4.92,2.81,40.1,81.8,0.85,23.7,182.3,305.0,1621.0,4667,51,19.59,1.7335,91.8,0,2023,1,0,None,None,Low,77,0
HEMM-G001,Grader,2021-04-10,4,0,1,10,84.7,4.77,2.24,35.7,90.5,0.89,24.0,177.1,332.3,1568.0,8877,86,17.76,1.4286,99.3,0,2021,4,5,None,None,Medium,174,0
HEMM-E001,Excavator,2021-07-13,3,2,0,6,82.5,4.72,2.19,36.7,79.4,0.78,24.6,183.9,299.3,1865.0,9108,46,17.48,1.1743,98.4,0,2021,7,1,None,None,Medium,177,0
HEMM-B002,Dozer,2022-07-10,0,2,2,12,88.4,4.27,2.65,50.4,79.9,0.77,24.0,168.2,286.1,1848.0,1770,73,20.7,1.434,94.4,0,2022,7,6,None,None,Low,72,0
HEMM-D005,Dumper,2021-01-27,2,1,0,17,77.7,4.78,2.34,41.0,88.1,0.85,24.2,191.1,335.0,1683.0,4810,52,16.26,1.3904,99.0,0,2021,1,2,None,None,Low,93,0
HEMM-E001,Excavator,2021-07-29,3,1,1,5,82.5,4.42,2.3,35.2,78.6,0.86,24.0,172.3,348.7,1819.0,8447,33,18.67,1.2644,97.3,0,2021,7,3,None,None,Medium,144,0
HEMM-SC01,Scraper,2023-12-13,5,2,1,18,90.2,4.65,2.53,25.9,81.6,0.87,24.6,184.9,293.1,1593.0,11705,101,19.4,1.5882,95.6,0,2023,12,2,None,None,Medium,161,0
HEMM-D003,Dumper,2021-08-27,2,1,0,1,93.1,4.98,1.69,43.0,78.9,0.94,24.9,170.8,307.9,1946.0,8056,49,18.69,0.8684,94.7,0,2021,8,4,None,None,Medium,163,0
HEMM-D005,Dumper,2023-06-25,2,2,2,17,91.6,4.52,2.04,40.3,79.1,0.9,25.4,181.1,354.7,1859.0,5804,27,20.27,1.0974,95.4,0,2023,6,6,None,None,Low,102,0
HEMM-D004,Dumper,2022-04-01,2,1,0,5,91.7,4.26,6.21,30.4,43.0,0.93,24.6,175.5,333.4,1881.0,11472,34,21.53,3.3014,67.2,1,2022,4,4,Tyre Burst,Tyres,Critical,2,1
HEMM-DR01,Drill Rig,2021-08-17,1,1,0,1,117.9,4.31,2.19,38.3,77.9,0.54,24.6,181.2,366.7,1774.0,8134,101,27.35,1.2345,80.4,1,2021,8,1,Engine Overheat,Engine,Critical,1,1
HEMM-L002,Wheel Loader,2021-05-02,6,0,1,4,86.0,5.2,2.02,36.5,80.4,0.83,24.2,166.8,357.0,1860.0,4345,10,16.54,1.086,98.8,0,2021,5,6,None,None,Low,134,0
HEMM-D001,Dumper,2021-07-17,2,1,1,20,83.2,3.83,2.19,30.8,82.6,0.92,24.6,176.1,372.9,1765.0,3565,80,21.72,1.2408,96.1,0,2021,7,5,None,None,Low,158,0
HEMM-G001,Grader,2021-03-01,4,1,0,5,83.3,4.52,1.97,40.3,84.0,0.93,24.8,190.8,344.2,1923.0,4744,79,18.43,1.0244,100.0,0,2021,3,0,None,None,Low,133,0
HEMM-L002,Wheel Loader,2022-05-11,6,2,2,19,95.9,4.18,2.16,28.8,75.3,0.99,24.3,171.4,298.1,1836.0,1319,17,22.94,1.1765,89.8,0,2022,5,2,None,None,Low,46,0
HEMM-L002,Wheel Loader,2022-03-21,6,2,2,7,82.0,4.03,4.16,35.1,73.0,0.85,24.4,196.0,333.5,1934.0,4817,26,20.35,2.151,87.6,0,2022,3,0,Brake Failure,Brakes,Critical,1,1
HEMM-L002,Wheel Loader,2023-08-31,6,0,2,19,97.5,4.14,1.75,46.8,82.9,0.99,25.5,183.4,297.3,1660.0,3233,61,23.55,1.0542,92.0,0,2023,8,3,None,None,Low,147,0
HEMM-E001,Excavator,2022-12-28,3,0,1,14,84.7,4.47,2.53,34.5,89.5,0.89,24.6,176.7,309.4,1866.0,3710,70,18.95,1.3558,98.3,0,2022,12,2,None,None,Low,131,0
HEMM-B003,Dozer,2021-09-11,0,0,0,4,84.5,4.11,2.25,45.1,81.1,0.88,24.1,179.7,322.4,1762.0,8715,22,20.56,1.277,96.9,0,2021,9,5,None,None,Medium,52,0
HEMM-B002,Dozer,2021-03-25,0,1,0,11,74.4,4.22,1.62,33.7,80.2,0.95,24.1,182.1,297.0,1989.0,8288,19,17.63,0.8145,97.9,0,2021,3,3,None,None,Medium,96,0
HEMM-B002,Dozer,2023-06-29,0,1,0,18,90.4,4.09,1.98,40.8,75.6,0.97,24.6,185.8,321.1,1792.0,6872,42,22.1,1.1049,92.7,0,2023,6,3,None,None,Low,41,0
HEMM-D003,Dumper,2023-09-02,2,2,2,12,75.3,3.88,2.04,42.9,81.1,0.88,24.0,173.8,330.1,1921.0,3137,6,19.41,1.0619,96.4,0,2023,9,5,None,None,Low,120,0
HEMM-D004,Dumper,2023-03-23,2,0,1,17,92.6,3.19,5.15,39.8,80.8,0.93,25.0,192.8,322.4,1374.0,10989,91,29.03,3.7482,79.7,1,2023,3,3,Transmission Failure,Transmission,Critical,6,1
HEMM-D004,Dumper,2021-12-12,2,1,1,12,84.1,4.85,2.05,30.6,85.7,0.82,25.1,180.0,316.9,1771.0,3461,48,17.34,1.1575,99.8,0,2021,12,6,None,None,Low,38,0
HEMM-G002,Grader,2021-09-09,4,1,2,14,86.9,4.46,2.26,43.7,76.9,0.99,24.5,171.6,314.7,1908.0,8377,40,19.48,1.1845,96.0,0,2021,9,3,None,None,Medium,167,0
HEMM-B001,Dozer,2023-03-31,0,0,0,16,84.9,4.07,1.77,36.7,84.0,0.97,24.7,193.7,295.6,1918.0,11122,82,20.86,0.9228,97.8,0,2023,3,4,None,None,Medium,141,0
HEMM-L002,Wheel Loader,2022-07-26,6,1,0,15,65.5,4.5,1.77,38.7,86.4,0.8,24.5,186.7,317.8,1609.0,1970,20,14.56,1.1001,100.0,0,2022,7,1,None,None,Low,176,0
HEMM-E003,Excavator,2021-10-03,3,1,1,4,77.3,4.78,1.26,39.2,83.3,0.89,24.4,176.1,347.2,1651.0,1065,111,16.17,0.7632,100.0,0,2021,10,6,None,None,Low,154,0
HEMM-D001,Dumper,2022-01-02,2,0,1,20,87.3,4.73,2.25,43.1,81.0,0.96,24.4,186.7,354.8,1841.0,11328,46,18.46,1.2222,97.7,0,2022,1,6,None,None,Medium,99,0
HEMM-D004,Dumper,2021-06-06,2,2,0,17,75.1,4.64,2.42,34.8,75.3,0.93,24.3,185.2,352.4,1748.0,8264,106,16.19,1.3844,96.1,0,2021,6,6,None,None,Medium,140,0
HEMM-L001,Wheel Loader,2023-10-02,6,2,2,9,96.2,4.84,2.16,32.8,81.6,0.98,24.4,191.6,316.3,1778.0,9087,48,19.88,1.2148,93.8,0,2023,10,0,None,None,Medium,86,0
HEMM-D002,Dumper,2023-06-01,2,1,0,13,79.9,4.33,1.99,38.2,85.6,0.77,24.4,171.3,323.2,1836.0,7574,45,18.45,1.0839,99.2,0,2023,6,3,None,None,Low,33,0
HEMM-D002,Dumper,2021-03-09,2,1,0,18,84.9,4.61,2.77,44.0,84.4,0.8,24.8,184.7,313.4,1843.0,11003,115,18.42,1.503,97.7,0,2021,3,1,None,None,Medium,165,0
HEMM-E001,Excavator,2023-10-04,3,0,0,5,94.3,4.16,2.28,36.6,86.5,0.76,25.1,172.5,327.8,1644.0,5319,96,22.67,1.3869,92.8,0,2023,10,2,None,None,Low,60,0
HEMM-D004,Dumper,2023-10-02,2,2,2,18,89.3,5.27,1.78,35.4,78.6,0.84,24.0,171.2,316.5,1810.0,11429,74,16.94,0.9834,96.5,0,2023,10,0,None,None,Medium,141,0
HEMM-SC01,Scraper,2021-11-17,5,2,0,2,82.8,5.05,1.67,48.5,74.2,0.89,24.5,182.1,327.6,1763.0,6612,38,16.4,0.9472,96.9,0,2021,11,2,None,None,Low,157,0
HEMM-G002,Grader,2022-12-24,4,0,2,11,115.9,4.51,1.79,55.5,75.6,0.76,24.8,174.3,336.2,1735.0,1206,8,25.7,1.0317,82.0,1,2022,12,5,Fuel System Failure,Fuel System,Critical,5,1
HEMM-D001,Dumper,2022-11-30,2,0,0,4,92.3,4.8,1.71,36.9,79.0,0.88,24.6,162.7,314.3,1750.0,7214,49,19.23,0.9771,95.1,0,2022,11,2,None,None,Low,76,0
HEMM-D002,Dumper,2022-05-16,2,1,2,8,89.1,4.93,1.69,35.3,89.6,0.81,18.7,167.4,311.9,1695.0,10818,44,18.07,0.9971,98.0,0,2022,5,0,Electrical Fault,Electrical,Critical,1,1
HEMM-D004,Dumper,2022-11-23,2,1,1,1,81.3,4.44,1.84,30.9,81.3,0.83,24.8,173.3,337.8,1940.0,9021,46,18.31,0.9485,99.4,0,2022,11,2,None,None,Medium,131,0
HEMM-DR01,Drill Rig,2023-11-21,1,0,0,9,80.9,4.26,1.64,38.3,89.9,0.88,23.7,185.0,280.2,1764.0,534,94,18.99,0.9297,98.8,0,2023,11,1,None,None,Low,95,0
HEMM-B003,Dozer,2023-02-13,0,2,1,13,86.0,4.5,2.35,32.7,80.2,0.97,24.9,178.2,312.6,1904.0,5482,78,19.11,1.2342,97.7,0,2023,2,0,None,None,Low,101,0
HEMM-D004,Dumper,2022-02-26,2,0,2,16,74.0,5.21,1.69,36.9,83.3,0.99,24.2,195.1,335.5,1721.0,8437,108,14.2,0.982,100.0,0,2022,2,5,None,None,Medium,97,0
HEMM-B002,Dozer,2023-01-15,0,0,1,7,92.0,4.27,1.29,49.2,73.2,0.82,25.2,189.6,340.6,1720.0,8342,86,21.55,0.75,91.8,0,2023,1,6,None,None,Medium,80,0
HEMM-SC01,Scraper,2022-03-15,5,0,2,9,82.6,4.24,1.95,35.2,83.0,0.92,23.8,155.1,344.3,1909.0,978,43,19.48,1.0215,98.7,0,2022,3,1,None,None,Low,155,0
HEMM-E003,Excavator,2021-07-08,3,2,0,19,82.1,4.18,1.39,42.4,90.4,0.99,24.2,169.1,341.0,1821.0,1752,80,19.64,0.7633,98.4,0,2021,7,3,None,None,Low,154,0
HEMM-L002,Wheel Loader,2023-09-01,6,0,1,7,80.8,4.42,1.26,31.1,81.9,0.83,24.6,167.4,287.0,1847.0,5890,106,18.28,0.6822,99.6,0,2023,9,4,None,None,Low,154,0
HEMM-B002,Dozer,2023-10-31,0,0,0,14,79.6,5.67,2.19,38.1,87.3,0.98,25.0,184.0,320.3,1799.0,11070,74,14.04,1.2173,99.4,0,2023,10,1,None,None,Medium,119,0
HEMM-G002,Grader,2022-05-30,4,2,2,17,89.2,4.33,1.73,39.1,76.1,0.8,24.5,169.6,335.7,1853.0,7625,90,20.6,0.9336,94.7,0,2022,5,0,None,None,Low,71,0
HEMM-D001,Dumper,2023-11-24,2,1,2,19,71.7,4.37,1.78,37.6,79.7,0.96,25.0,189.4,296.5,1925.0,8378,32,16.41,0.9247,98.4,0,2023,11,4,None,None,Medium,141,0
HEMM-DR02,Drill Rig,2022-07-03,1,2,0,18,82.1,4.26,1.2,38.4,81.9,0.97,24.6,167.0,312.7,1742.0,10266,114,19.27,0.6889,98.8,0,2022,7,6,None,None,Medium,131,0
HEMM-D002,Dumper,2023-12-06,2,1,1,12,78.1,3.51,6.88,33.2,80.0,0.9,24.0,191.5,358.0,1533.0,7777,23,22.25,4.4879,79.6,1,2023,12,2,Transmission Failure,Transmission,Critical,4,1
HEMM-DR01,Drill Rig,2022-10-15,1,1,0,7,77.9,3.66,2.24,40.9,88.3,0.86,24.7,174.4,323.5,1868.0,6957,39,21.28,1.1991,95.1,0,2022,10,5,None,None,Low,84,0
HEMM-B001,Dozer,2022-04-29,0,0,1,8,110.5,4.16,2.52,38.2,78.4,0.41,25.1,181.4,350.8,1933.0,2060,24,26.56,1.3037,82.6,1,2022,4,4,Cooling System Failure,Cooling System,Critical,4,1
HEMM-L001,Wheel Loader,2023-06-13,6,0,0,2,94.1,4.83,1.89,36.0,81.4,0.78,18.3,196.5,311.1,1685.0,3509,25,19.48,1.1217,95.2,0,2023,6,1,Electrical Fault,Electrical,Critical,4,1
HEMM-SC01,Scraper,2021-12-27,5,2,1,2,108.9,3.97,1.53,48.9,83.7,0.91,24.4,192.6,342.4,1933.0,8160,105,27.43,0.7915,85.4,0,2021,12,0,Fuel System Failure,Fuel System,Critical,1,1
HEMM-B002,Dozer,2021-05-11,0,0,1,12,90.1,4.67,1.64,30.1,86.2,0.76,24.3,191.0,296.6,1618.0,11204,89,19.29,1.0136,97.4,0,2021,5,1,None,None,Medium,48,0
HEMM-D005,Dumper,2022-04-29,2,1,2,19,99.9,4.13,1.75,45.1,77.4,0.86,23.9,187.3,328.4,1934.0,8396,20,24.19,0.9049,88.9,0,2022,4,4,None,None,Medium,143,0
HEMM-L002,Wheel Loader,2022-05-31,6,0,1,3,79.5,3.94,1.48,30.7,86.0,0.79,23.7,183.5,327.9,1917.0,4100,81,20.18,0.772,97.2,0,2022,5,1,None,None,Low,65,0
HEMM-B003,Dozer,2022-11-06,0,2,1,13,84.4,4.61,4.9,36.0,84.2,0.95,24.7,175.3,316.5,2093.0,4065,59,18.31,2.3411,91.3,0,2022,11,6,Brake Failure,Brakes,Critical,2,1
HEMM-B001,Dozer,2023-06-20,0,0,0,9,71.9,3.67,2.36,30.1,83.9,0.79,23.9,178.1,310.4,1839.0,9858,12,19.59,1.2833,94.8,0,2023,6,1,None,None,Medium,105,0
HEMM-D004,Dumper,2022-10-11,2,2,1,14,82.9,4.58,1.48,34.9,81.9,0.75,24.3,157.8,303.2,1673.0,7980,92,18.1,0.8846,100.0,0,2022,10,1,None,None,Low,76,0
HEMM-D005,Dumper,2023-01-14,2,0,2,12,87.8,4.6,2.17,37.3,86.8,0.92,24.8,180.9,355.5,1778.0,5249,7,19.09,1.2205,98.1,0,2023,1,5,None,None,Low,42,0
HEMM-D002,Dumper,2021-04-22,2,2,0,8,100.1,4.72,1.81,41.8,83.6,0.95,25.1,173.3,302.9,1681.0,4344,75,21.21,1.0767,92.4,0,2021,4,3,None,None,High,179,0
HEMM-G001,Grader,2021-09-07,4,2,1,8,85.1,4.5,1.77,29.9,80.1,0.87,23.9,190.0,304.9,1950.0,7448,54,18.91,0.9077,99.2,0,2021,9,1,None,None,Low,162,0
HEMM-G002,Grader,2022-06-08,4,0,1,3,79.5,4.57,2.12,39.9,80.9,0.85,25.1,182.8,331.1,1739.0,4057,43,17.4,1.2191,99.2,0,2022,6,2,None,None,Low,57,0
HEMM-E001,Excavator,2023-06-18,3,2,1,11,84.7,3.83,1.75,38.9,83.5,0.88,25.4,187.3,287.8,1712.0,10758,57,22.11,1.0222,96.6,0,2023,6,6,None,None,Medium,46,0
HEMM-D003,Dumper,2023-10-04,2,0,0,14,94.3,4.39,1.43,37.4,81.0,0.88,23.7,165.0,292.3,1802.0,5651,96,21.48,0.7936,94.4,0,2023,10,2,None,None,Low,111,0
HEMM-D004,Dumper,2021-11-25,2,2,0,9,93.6,4.42,1.68,39.1,89.9,0.81,24.7,191.2,316.1,1748.0,8495,13,21.18,0.9611,95.3,0,2021,11,3,None,None,Medium,36,0
HEMM-SC01,Scraper,2022-11-01,5,0,2,1,79.1,4.16,2.58,45.2,78.5,0.81,24.0,184.6,321.8,1875.0,1053,87,19.01,1.376,95.2,0,2022,11,1,None,None,Low,56,0
HEMM-DR02,Drill Rig,2021-10-06,1,1,0,13,76.0,4.97,2.16,36.3,80.2,0.8,24.3,169.3,320.5,1817.0,3478,85,15.29,1.1888,98.8,0,2021,10,2,None,None,Low,129,0
HEMM-D003,Dumper,2021-08-15,2,1,2,8,88.4,4.43,1.84,37.9,82.6,0.78,24.7,177.4,288.8,1656.0,8660,96,19.95,1.1111,97.9,0,2021,8,6,None,None,Medium,79,0
HEMM-DR01,Drill Rig,2022-10-17,1,0,1,16,91.2,4.63,1.73,40.0,78.8,0.93,24.3,185.1,325.9,1967.0,2387,38,19.7,0.8795,95.6,0,2022,10,0,None,None,Low,149,0
HEMM-B003,Dozer,2022-08-01,0,1,1,3,96.0,5.08,1.29,33.6,86.5,0.87,24.1,171.7,317.1,1862.0,6991,52,18.9,0.6928,94.5,0,2022,8,0,None,None,Low,45,0
HEMM-G002,Grader,2022-04-05,4,1,2,1,105.1,5.21,1.72,43.3,84.0,0.92,24.5,186.4,305.8,1756.0,9350,87,20.17,0.9795,90.0,0,2022,4,1,None,None,High,59,0
HEMM-D003,Dumper,2023-08-06,2,1,1,9,73.2,4.63,1.73,29.8,86.9,0.76,20.2,199.3,332.7,1721.0,11689,114,15.81,1.0052,100.0,0,2023,8,6,Electrical Fault,Electrical,Critical,6,1
HEMM-D005,Dumper,2021-07-02,2,0,1,6,78.5,4.07,1.86,41.3,76.5,0.78,24.2,190.0,324.7,1865.0,9493,20,19.29,0.9973,95.6,0,2021,7,4,None,None,Medium,117,0
HEMM-DR01,Drill Rig,2023-07-19,1,2,2,16,93.6,5.0,2.5,40.3,84.5,0.86,25.3,189.3,259.6,1958.0,2141,33,18.72,1.2768,94.2,0,2023,7,2,None,None,Low,77,0
HEMM-B001,Dozer,2022-08-13,0,2,0,16,65.9,4.44,1.8,32.5,82.0,0.92,23.4,176.1,333.3,1915.0,6459,21,14.84,0.9399,99.7,0,2022,8,5,None,None,Low,58,0
HEMM-E002,Excavator,2022-08-03,3,2,0,7,102.9,4.19,2.58,42.3,80.2,0.81,24.5,165.3,287.0,1826.0,7053,28,24.56,1.4129,87.0,0,2022,8,2,None,None,High,102,0
HEMM-D001,Dumper,2022-08-18,2,0,1,8,82.9,4.3,2.02,40.2,85.4,0.86,24.4,183.9,316.7,1820.0,10320,62,19.28,1.1099,98.9,0,2022,8,3,None,None,Medium,42,0
HEMM-DR02,Drill Rig,2021-06-25,1,1,0,16,86.6,4.46,2.21,39.5,82.2,0.82,24.5,194.5,328.6,1692.0,2382,116,19.42,1.3061,98.4,0,2021,6,4,None,None,Low,155,0
HEMM-G002,Grader,2022-03-11,4,2,2,13,77.2,4.2,2.4,42.4,68.2,0.78,24.5,164.3,327.4,1688.0,11807,59,18.38,1.4218,91.8,0,2022,3,4,None,None,Medium,145,0
HEMM-D003,Dumper,2021-07-15,2,2,1,2,82.8,4.05,1.55,34.4,77.7,0.8,24.4,190.3,320.8,1672.0,1053,47,20.44,0.927,96.0,0,2021,7,3,None,None,Low,173,0
HEMM-G001,Grader,2021-04-04,4,1,0,9,91.7,5.06,1.36,39.9,80.4,0.86,24.3,177.6,299.0,1842.0,8466,84,18.12,0.7383,96.0,0,2021,4,6,None,None,Medium,52,0
HEMM-G002,Grader,2023-01-30,4,1,1,18,77.5,4.59,2.04,34.5,83.1,0.83,24.1,186.9,315.9,1761.0,873,79,16.88,1.1584,99.9,0,2023,1,0,None,None,Low,30,0
HEMM-L002,Wheel Loader,2023-10-07,6,0,0,15,78.2,4.33,2.0,33.4,84.2,0.98,24.8,176.6,300.1,1871.0,2361,16,18.06,1.0689,99.2,0,2023,10,5,None,None,Low,69,0
HEMM-DR01,Drill Rig,2021-10-18,1,0,1,4,81.6,4.76,1.07,36.5,83.9,0.81,24.1,167.7,326.5,1736.0,5332,10,17.14,0.6164,100.0,0,2021,10,0,None,None,Low,46,0
HEMM-B001,Dozer,2023-01-09,0,0,0,10,77.2,4.14,2.29,33.2,82.8,0.92,24.3,171.6,303.1,1932.0,4512,83,18.65,1.1853,97.3,0,2023,1,0,None,None,Low,141,0
HEMM-DR01,Drill Rig,2021-12-04,1,0,2,16,90.2,4.0,2.19,42.4,78.6,0.99,25.0,183.0,286.7,1945.0,2678,76,22.55,1.126,93.0,0,2021,12,5,None,None,Low,60,0
HEMM-DR02,Drill Rig,2021-04-19,1,1,1,5,72.9,2.84,1.73,36.1,78.3,0.9,24.2,97.7,302.5,2017.0,1094,34,25.67,0.8577,90.2,1,2021,4,0,Hydraulic Failure,Hydraulics,Critical,4,1
HEMM-DR02,Drill Rig,2023-06-13,1,1,0,16,83.7,4.71,2.07,32.3,82.5,0.8,24.5,193.5,358.0,1866.0,868,61,17.77,1.1093,99.8,0,2023,6,1,None,None,Low,71,0
HEMM-SC01,Scraper,2023-09-21,5,0,2,16,78.7,4.79,1.98,38.9,82.9,0.98,24.4,173.9,331.9,1972.0,2043,113,16.43,1.0041,100.0,0,2023,9,3,None,None,Low,70,0
HEMM-D004,Dumper,2022-12-17,2,1,1,7,72.9,4.53,2.42,29.6,78.8,0.82,24.8,176.5,338.4,1921.0,4854,28,16.09,1.2598,97.5,0,2022,12,5,None,None,Low,34,0
HEMM-B001,Dozer,2022-03-11,0,2,2,1,84.1,4.39,2.28,51.5,83.5,0.81,25.6,171.0,300.5,1694.0,8818,103,19.16,1.3459,98.6,0,2022,3,4,None,None,Medium,35,0
HEMM-D003,Dumper,2022-05-20,2,0,0,4,85.35,4.2,2.12,39.4,81.3,0.92,25.0,187.6,310.1,1881.0,5584,8,20.32,1.1271,97.7,0,2022,5,4,None,None,Low,127,0
HEMM-D004,Dumper,2023-03-19,2,0,0,19,110.9,4.18,1.56,36.2,82.2,0.58,24.0,175.6,356.4,2001.0,1937,112,26.53,0.7796,85.4,1,2023,3,6,Cooling System Failure,Cooling System,Critical,1,1
HEMM-L001,Wheel Loader,2023-07-19,6,2,1,9,107.0,4.88,2.08,46.3,81.3,0.95,24.6,181.6,294.7,1779.0,9935,89,21.93,1.1692,88.5,0,2023,7,2,None,None,High,168,0
HEMM-D002,Dumper,2023-07-17,2,0,1,19,94.9,4.18,1.51,47.1,82.1,0.8,24.5,169.2,342.3,1764.0,2318,32,22.7,0.856,93.4,0,2023,7,0,None,None,Low,93,0
HEMM-B002,Dozer,2022-10-24,0,1,0,3,91.6,2.34,2.6,35.6,80.9,0.8,24.6,102.8,317.3,1722.0,9164,82,39.15,1.5099,83.7,1,2022,10,0,Hydraulic Failure,Hydraulics,Critical,4,1
HEMM-E003,Excavator,2023-03-28,3,1,0,1,81.3,4.59,2.68,32.3,76.8,0.89,24.1,187.6,338.4,1812.0,3611,25,17.71,1.479,95.9,0,2023,3,1,None,None,Low,152,0
HEMM-B002,Dozer,2021-11-12,0,1,0,10,97.8,4.99,1.68,41.6,86.9,0.85,24.3,181.1,313.0,1823.0,8242,107,19.6,0.9216,93.6,0,2021,11,4,None,None,Medium,77,0
HEMM-B002,Dozer,2021-09-26,0,0,1,4,86.5,4.99,2.44,43.8,85.5,0.76,25.4,173.5,303.3,1779.0,6220,70,17.33,1.3716,97.9,0,2021,9,6,None,None,Low,97,0
HEMM-G002,Grader,2023-09-03,4,0,1,19,80.2,4.5,2.34,45.3,79.6,0.77,24.6,173.2,349.4,1793.0,10035,59,17.82,1.3051,98.0,0,2023,9,6,None,None,Medium,156,0
HEMM-G001,Grader,2022-01-17,4,0,2,14,96.6,3.83,2.15,38.0,85.3,0.82,24.1,183.1,313.2,1713.0,1722,10,25.22,1.2551,90.4,0,2022,1,0,None,None,Low,90,0
HEMM-DR02,Drill Rig,2022-04-05,1,2,2,5,74.5,4.0,2.02,49.6,78.8,0.87,24.1,179.8,308.4,1700.0,8315,72,18.62,1.1882,96.2,0,2022,4,1,None,None,Medium,30,0
HEMM-D003,Dumper,2022-08-19,2,0,0,14,78.9,4.89,2.26,25.5,83.5,0.77,24.0,174.5,298.8,1682.0,1497,107,16.13,1.3436,99.2,0,2022,8,4,None,None,Low,74,0
HEMM-D005,Dumper,2022-09-08,2,1,2,17,135.4,3.94,2.09,49.4,80.6,0.57,24.0,184.1,404.0,1818.0,7207,42,34.37,1.1496,71.2,1,2022,9,3,Engine Overheat,Engine,Critical,1,1
HEMM-L002,Wheel Loader,2021-08-09,6,2,0,14,84.5,4.57,1.76,41.1,76.8,0.84,24.6,192.2,354.8,1765.0,6966,17,18.49,0.9972,97.9,0,2021,8,0,None,None,Low,113,0
HEMM-B001,Dozer,2022-12-29,0,0,2,19,78.8,3.63,1.63,33.4,85.4,0.93,24.0,103.0,324.5,1935.0,1539,103,21.71,0.8424,95.6,0,2022,12,3,Hydraulic Failure,Hydraulics,Critical,7,1
HEMM-E001,Excavator,2023-03-16,3,1,2,3,88.9,5.18,2.13,41.1,78.4,0.83,25.0,173.0,339.5,1642.0,7019,117,17.16,1.2972,96.2,0,2023,3,3,None,None,Low,176,0
HEMM-DR02,Drill Rig,2023-07-11,1,2,1,9,88.2,4.01,2.16,29.1,83.4,0.83,24.2,178.2,296.7,1947.0,5792,116,22.0,1.1094,95.5,0,2023,7,1,None,None,Low,66,0
HEMM-D003,Dumper,2022-06-16,2,2,1,4,104.9,4.52,1.41,48.1,88.5,0.63,24.5,170.2,360.9,1753.0,7307,73,23.21,0.8043,90.0,0,2022,6,3,Engine Overheat,Engine,Critical,1,1
HEMM-E001,Excavator,2023-09-05,3,0,2,13,87.5,4.67,2.66,38.3,75.8,0.88,24.2,181.3,319.3,1846.0,10976,100,18.74,1.441,94.3,0,2023,9,1,None,None,Medium,60,0
HEMM-B002,Dozer,2023-01-09,0,2,1,13,86.9,4.36,6.78,35.6,54.0,0.92,25.0,190.4,344.1,1956.0,5158,16,19.93,3.4663,72.8,1,2023,1,0,Tyre Burst,Tyres,Critical,3,1
HEMM-D001,Dumper,2022-01-21,2,1,1,7,77.3,4.81,1.84,35.7,77.8,0.94,24.3,187.7,304.9,1815.0,8082,88,16.07,1.0138,98.3,0,2022,1,4,None,None,Medium,84,0
HEMM-DR01,Drill Rig,2022-01-26,1,1,0,10,82.8,4.25,1.86,42.2,74.3,0.86,25.4,168.3,357.1,1798.0,7792,23,19.48,1.0345,95.7,0,2022,1,2,None,None,Low,155,0
HEMM-D004,Dumper,2021-12-07,2,1,1,15,79.2,4.68,1.76,40.4,88.7,0.87,24.6,184.0,329.9,1850.0,8147,65,16.92,0.9514,100.0,0,2021,12,1,None,None,Medium,169,0
HEMM-E003,Excavator,2022-02-17,3,0,0,19,78.1,3.03,7.62,34.2,82.2,0.78,25.0,199.9,340.2,1461.0,6618,11,25.78,5.2156,75.8,1,2022,2,3,Transmission Failure,Transmission,Critical,6,1
HEMM-L001,Wheel Loader,2022-08-19,6,1,2,16,94.0,5.59,2.6,36.7,82.0,0.75,24.0,186.6,321.5,1623.0,6748,67,16.82,1.602,93.7,0,2022,8,4,None,None,Low,164,0
HEMM-L001,Wheel Loader,2022-04-20,6,2,0,2,82.4,4.69,1.95,33.6,78.1,0.88,24.8,189.4,316.4,1918.0,8855,7,17.57,1.0167,98.4,0,2022,4,2,None,None,Medium,140,0
HEMM-SC01,Scraper,2021-05-11,5,0,0,14,65.3,4.4,2.2,37.3,78.8,0.96,25.1,179.0,302.8,1868.0,7955,19,14.84,1.1777,97.6,0,2021,5,1,None,None,Low,36,0
HEMM-G001,Grader,2023-07-08,4,2,0,14,85.0,3.72,1.51,36.6,77.5,0.8,24.2,179.5,292.7,1832.0,540,25,22.85,0.8242,94.3,0,2023,7,5,None,None,Low,144,0
HEMM-L001,Wheel Loader,2022-12-06,6,0,2,8,95.9,5.14,2.19,27.4,84.2,0.99,24.9,185.2,297.0,1754.0,8517,33,18.66,1.2486,94.0,0,2022,12,1,None,None,Medium,141,0
HEMM-B003,Dozer,2023-08-18,0,1,0,10,100.1,4.5,2.17,33.1,90.5,0.79,24.3,174.8,308.8,1724.0,11855,54,22.24,1.2587,91.9,0,2023,8,4,None,None,High,102,0
HEMM-G001,Grader,2023-08-26,4,1,2,20,79.2,4.19,2.78,41.7,85.7,0.78,24.5,178.0,324.4,1804.0,3594,41,18.9,1.541,96.1,0,2023,8,5,None,None,Low,155,0
HEMM-L001,Wheel Loader,2021-09-22,6,1,0,7,121.4,3.82,2.81,40.4,80.4,0.61,25.3,185.6,332.2,1746.0,2761,82,31.78,1.6094,75.3,1,2021,9,2,Cooling System Failure,Cooling System,Critical,6,1
HEMM-B002,Dozer,2022-04-26,0,1,0,18,84.6,4.37,1.89,31.6,80.7,0.84,24.4,169.3,303.0,1669.0,970,7,19.36,1.1324,98.8,0,2022,4,1,None,None,Low,98,0
HEMM-G001,Grader,2021-11-21,4,1,1,17,73.5,5.34,2.15,43.8,84.7,0.79,24.5,188.6,303.8,1752.0,723,108,13.76,1.2272,99.6,0,2021,11,6,None,None,Low,125,0
HEMM-D004,Dumper,2022-04-10,2,1,0,18,96.1,4.29,2.41,38.6,81.3,0.86,23.8,179.7,332.6,1999.0,3871,67,22.4,1.2056,91.9,0,2022,4,6,None,None,Low,162,0
HEMM-G001,Grader,2021-04-06,4,2,2,9,87.1,4.39,2.16,40.1,76.8,0.83,25.2,182.3,305.5,2138.0,2676,114,19.84,1.0103,95.8,0,2021,4,1,None,None,Low,69,0
HEMM-D004,Dumper,2021-04-14,2,0,2,15,89.1,4.22,1.96,38.7,87.9,0.76,24.6,175.4,314.5,1934.0,2017,18,21.11,1.0134,96.6,0,2021,4,2,None,None,Low,169,0
HEMM-D004,Dumper,2021-03-27,2,2,1,4,87.0,4.15,1.73,37.6,78.7,0.96,24.5,188.9,361.0,1759.0,2936,85,20.96,0.9835,95.9,0,2021,3,5,None,None,Low,135,0
HEMM-G001,Grader,2021-11-18,4,2,2,10,79.4,4.4,1.68,41.8,85.9,0.76,24.1,181.0,315.5,1865.0,11802,61,18.05,0.9008,99.5,0,2021,11,3,None,None,Medium,60,0
HEMM-D004,Dumper,2021-11-12,2,2,1,12,114.7,3.85,2.08,38.8,84.7,0.49,24.2,177.6,315.5,2026.0,5682,109,29.79,1.0267,81.7,1,2021,11,4,Cooling System Failure,Cooling System,Critical,3,1
HEMM-DR01,Drill Rig,2021-01-14,1,1,2,16,96.7,4.03,1.8,59.6,79.9,0.94,24.8,177.2,292.4,1841.0,5792,41,24.0,0.9777,91.0,0,2021,1,3,Fuel System Failure,Fuel System,Critical,4,1
HEMM-DR01,Drill Rig,2023-01-09,1,2,2,8,82.6,4.9,2.34,38.2,80.9,0.85,24.5,178.4,305.7,1736.0,2683,101,16.86,1.3479,98.5,0,2023,1,0,None,None,Low,75,0
HEMM-E003,Excavator,2021-10-10,3,0,0,14,76.4,4.0,1.73,41.2,76.5,0.83,24.7,181.4,346.1,1872.0,6906,119,19.1,0.9241,95.3,0,2021,10,6,None,None,Low,47,0
HEMM-L002,Wheel Loader,2023-01-11,6,1,1,15,80.9,4.51,2.4,37.6,84.4,0.91,24.4,177.7,313.2,1685.0,2585,103,17.94,1.4243,98.8,0,2023,1,2,None,None,Low,104,0
HEMM-L002,Wheel Loader,2021-05-23,6,1,1,11,82.0,4.74,1.99,45.1,80.7,0.99,24.4,183.5,276.4,1794.0,5357,56,17.3,1.1093,99.5,0,2021,5,6,None,None,Low,96,0
HEMM-G002,Grader,2021-03-17,4,2,2,5,93.6,4.32,2.53,24.6,88.2,0.79,24.5,166.1,331.9,1761.0,9613,12,21.67,1.4367,93.2,0,2021,3,2,None,None,Medium,76,0
HEMM-L002,Wheel Loader,2022-08-29,6,0,2,13,91.6,4.01,2.15,34.8,75.4,0.84,25.7,186.1,358.3,1883.0,11355,94,22.84,1.1418,91.2,0,2022,8,0,None,None,Medium,33,0
HEMM-B003,Dozer,2022-12-06,0,1,1,9,71.8,5.31,1.6,38.7,78.1,0.96,23.4,185.6,348.5,1692.0,8847,83,13.52,0.9456,98.4,0,2022,12,1,None,None,Medium,169,0
HEMM-DR02,Drill Rig,2022-02-25,1,2,0,20,80.8,4.04,2.35,28.4,77.0,0.94,24.7,186.8,303.9,1610.0,10328,88,20.0,1.4596,94.6,0,2022,2,4,None,None,Medium,156,0
HEMM-G002,Grader,2022-02-09,4,0,0,3,85.1,4.63,2.04,35.6,79.6,0.87,24.5,194.1,311.8,1835.0,805,73,18.38,1.1117,98.9,0,2022,2,2,None,None,Low,143,0
HEMM-D005,Dumper,2023-12-02,2,2,2,10,75.2,4.62,2.44,43.7,87.2,0.8,24.4,170.4,335.5,1757.0,3701,16,16.28,1.3887,98.7,0,2023,12,5,None,None,Low,102,0
HEMM-L002,Wheel Loader,2022-11-29,6,2,2,6,92.2,4.19,2.16,40.6,83.0,0.93,25.6,191.0,313.0,1919.0,583,8,22.0,1.1256,94.4,0,2022,11,1,None,None,Low,81,0
HEMM-E003,Excavator,2022-09-15,3,2,2,14,93.5,4.37,2.04,44.5,79.8,0.87,20.4,187.9,336.9,1772.0,8478,19,21.4,1.1512,94.1,0,2022,9,3,Electrical Fault,Electrical,Critical,5,1
HEMM-L002,Wheel Loader,2022-12-27,6,1,0,2,86.0,4.35,1.61,35.0,85.3,0.83,25.4,163.6,321.7,1759.0,10865,20,19.77,0.9153,98.8,0,2022,12,1,None,None,Medium,121,0
HEMM-D001,Dumper,2023-07-18,2,0,2,8,91.4,4.7,2.87,41.8,85.1,0.9,24.2,191.1,325.5,1891.0,9728,77,19.45,1.5177,94.2,0,2023,7,1,None,None,Medium,109,0
HEMM-SC01,Scraper,2022-04-24,5,0,2,10,71.6,4.21,2.3,36.6,82.1,0.87,24.3,161.9,309.6,1544.0,4861,90,17.01,1.4896,97.6,0,2022,4,6,None,None,Low,141,0
HEMM-D005,Dumper,2023-02-13,2,2,2,8,82.9,4.57,1.54,32.1,88.4,0.87,24.2,184.7,309.8,1943.0,1924,46,18.14,0.7926,100.0,0,2023,2,0,None,None,Low,68,0
HEMM-G001,Grader,2023-07-20,4,1,0,5,81.0,3.47,5.79,43.5,84.9,0.83,24.5,181.3,313.3,1480.0,11859,59,23.34,3.9122,83.5,1,2023,7,3,Transmission Failure,Transmission,Critical,0,1
HEMM-D005,Dumper,2023-09-03,2,1,2,15,76.2,4.61,1.51,28.9,86.7,0.84,24.0,195.9,307.9,1653.0,1479,52,16.53,0.9135,100.0,0,2023,9,6,None,None,Low,73,0
HEMM-SC01,Scraper,2023-11-29,5,0,2,9,84.0,4.25,2.03,34.8,83.3,0.78,23.5,174.6,298.4,1720.0,9773,68,19.76,1.1802,98.7,0,2023,11,2,None,None,Medium,45,0
HEMM-DR02,Drill Rig,2023-09-30,1,2,2,14,86.8,2.84,2.29,33.9,83.9,0.78,25.7,154.4,297.2,1824.0,2868,23,30.56,1.2555,89.9,1,2023,9,5,Hydraulic Failure,Hydraulics,Critical,7,1
HEMM-L002,Wheel Loader,2023-12-20,6,1,1,7,91.4,4.38,2.51,40.0,78.1,0.86,24.4,201.8,283.5,1726.0,7661,65,20.87,1.4542,93.1,0,2023,12,2,None,None,Low,110,0
HEMM-SC01,Scraper,2023-01-27,5,1,1,20,80.0,4.35,2.29,37.3,81.5,0.96,24.5,196.1,338.5,1683.0,6894,19,18.39,1.3607,98.2,0,2023,1,4,None,None,Low,155,0
HEMM-B002,Dozer,2021-03-24,0,2,0,5,84.6,4.4,1.92,41.0,83.5,0.8,24.5,179.2,341.9,1926.0,2129,52,19.23,0.9969,99.5,0,2021,3,2,None,None,Low,75,0
HEMM-B002,Dozer,2022-08-26,0,0,2,1,85.4,4.69,2.4,38.8,82.3,0.99,24.5,183.3,300.4,1769.0,2540,23,18.21,1.3567,98.6,0,2022,8,4,None,None,Low,31,0
HEMM-B002,Dozer,2022-08-04,0,1,1,6,90.9,4.84,1.65,38.4,81.7,0.84,24.9,194.7,341.9,1852.0,8208,5,18.78,0.8909,96.9,0,2022,8,3,None,None,Medium,72,0
HEMM-D003,Dumper,2021-04-02,2,0,2,16,81.4,4.47,2.13,37.3,82.8,0.8,25.2,185.5,290.3,1837.0,9589,44,18.21,1.1595,99.5,0,2021,4,4,None,None,Medium,167,0
HEMM-B003,Dozer,2023-02-12,0,0,1,20,77.3,4.62,2.52,32.2,85.2,0.82,24.4,172.2,334.1,1931.0,2375,102,16.73,1.305,98.4,0,2023,2,6,None,None,Low,169,0
HEMM-DR02,Drill Rig,2023-07-11,1,2,2,15,84.9,4.06,1.62,33.0,80.9,0.88,25.0,194.5,315.6,1938.0,2640,115,20.91,0.8359,97.4,0,2023,7,1,None,None,Low,31,0
HEMM-DR01,Drill Rig,2023-03-05,1,1,1,13,75.4,4.85,2.65,34.5,85.1,0.93,24.5,189.7,323.2,1920.0,5754,74,15.55,1.3802,98.0,0,2023,3,6,None,None,Low,36,0
HEMM-DR02,Drill Rig,2022-07-23,1,2,1,3,95.8,5.04,2.14,35.1,86.9,1.0,23.7,195.5,330.3,1875.0,2913,95,19.01,1.1413,94.2,0,2022,7,5,None,None,Low,79,0
HEMM-B002,Dozer,2021-09-11,0,2,2,18,91.3,4.38,2.89,38.2,80.4,0.97,23.8,175.0,293.9,1713.0,1595,29,20.84,1.6871,92.9,0,2021,9,5,None,None,Low,39,0
HEMM-D002,Dumper,2023-12-05,2,1,1,16,106.9,4.16,2.7,42.2,78.0,0.41,23.6,166.8,421.4,1874.0,8435,119,25.7,1.4408,83.6,0,2023,12,1,Engine Overheat,Engine,Critical,2,1
HEMM-B001,Dozer,2022-02-26,0,1,2,19,81.0,4.71,1.59,50.2,85.7,0.86,24.4,182.3,330.7,1710.0,7478,15,17.2,0.9298,100.0,0,2022,2,5,None,None,Low,125,0
HEMM-G002,Grader,2021-04-03,4,0,1,1,84.4,4.01,2.05,37.9,81.5,0.78,24.8,171.0,315.8,1935.0,5769,60,21.05,1.0594,97.2,0,2021,4,5,None,None,Low,139,0
HEMM-L002,Wheel Loader,2022-10-12,6,0,1,9,87.4,3.84,2.26,45.4,78.3,0.95,24.4,193.5,304.4,1972.0,1691,19,22.76,1.146,93.2,0,2022,10,2,None,None,Low,66,0
HEMM-B002,Dozer,2021-10-22,0,1,0,9,85.7,4.37,2.02,33.9,79.0,0.81,25.7,190.5,315.7,1878.0,1668,24,19.61,1.0756,97.7,0,2021,10,4,None,None,Low,175,0
HEMM-E001,Excavator,2021-05-01,3,2,2,11,89.6,4.69,7.87,34.7,53.3,0.78,24.5,171.0,312.3,1627.0,3173,8,19.1,4.8371,68.6,1,2021,5,5,Tyre Burst,Tyres,Critical,6,1
HEMM-B003,Dozer,2021-10-19,0,0,1,11,68.0,4.88,5.19,41.0,83.3,0.96,23.7,195.1,351.5,2023.0,4425,53,13.93,2.5655,90.4,1,2021,10,1,Brake Failure,Brakes,Critical,3,1
HEMM-L001,Wheel Loader,2023-11-08,6,2,1,13,85.1,4.46,2.16,42.2,80.1,0.97,24.8,188.2,338.3,1879.0,2085,39,19.08,1.1495,98.5,0,2023,11,2,None,None,Low,170,0
HEMM-SC01,Scraper,2023-04-14,5,1,2,16,82.5,4.34,2.39,35.9,78.4,0.86,25.0,211.0,344.2,1816.0,673,57,19.01,1.3161,96.6,0,2023,4,4,None,None,Low,102,0
HEMM-D001,Dumper,2022-07-06,2,2,1,19,90.2,4.78,2.36,40.1,82.5,0.81,24.8,194.3,308.8,1694.0,11260,17,18.87,1.3932,96.3,0,2022,7,2,None,None,Medium,83,0
HEMM-D005,Dumper,2022-09-16,2,2,2,14,89.0,4.06,1.87,36.5,83.5,0.98,25.3,176.1,287.1,1832.0,7506,15,21.92,1.0207,95.8,0,2022,9,4,None,None,Low,62,0
HEMM-D005,Dumper,2023-02-04,2,2,0,6,83.8,4.47,2.18,43.4,83.1,0.84,24.8,181.0,301.1,1687.0,4216,73,18.75,1.2922,99.3,0,2023,2,5,None,None,Low,61,0
HEMM-SC01,Scraper,2023-07-15,5,1,2,1,77.7,4.56,1.96,46.4,78.4,0.93,24.8,182.9,316.2,1788.0,7812,111,17.04,1.0962,98.6,0,2023,7,5,None,None,Low,48,0
HEMM-E001,Excavator,2021-01-02,3,1,0,16,81.9,4.51,2.17,32.9,84.5,0.79,25.3,159.7,304.7,1910.0,4677,81,18.16,1.1361,99.5,0,2021,1,5,None,None,Low,50,0
HEMM-G002,Grader,2022-12-21,4,2,2,7,84.9,4.94,1.94,36.6,78.7,0.9,24.8,174.5,336.3,1906.0,9787,112,17.19,1.0178,98.7,0,2022,12,2,None,None,Medium,102,0
HEMM-E001,Excavator,2023-12-30,3,2,0,3,82.3,4.53,2.02,41.8,81.5,0.77,24.3,196.2,299.6,1569.0,5125,16,18.17,1.2874,99.7,0,2023,12,5,None,None,Low,141,0
HEMM-D005,Dumper,2022-07-27,2,0,0,7,80.2,4.08,2.06,48.5,75.6,0.9,24.2,177.9,316.8,2015.0,10201,69,19.66,1.0223,95.2,0,2022,7,2,None,None,Medium,117,0
HEMM-B003,Dozer,2022-06-20,0,2,2,15,69.6,4.47,2.76,41.3,81.9,0.76,24.3,182.5,293.7,1787.0,4673,36,15.57,1.5445,97.5,0,2022,6,0,None,None,Low,142,0
HEMM-B003,Dozer,2022-03-08,0,0,2,20,105.6,4.67,1.77,40.1,83.0,0.42,24.8,175.0,334.3,1831.0,5581,7,22.61,0.9667,89.7,0,2022,3,1,Cooling System Failure,Cooling System,Critical,0,1
HEMM-D001,Dumper,2021-01-20,2,2,2,6,77.6,4.41,1.2,34.0,84.5,0.99,23.9,186.7,301.5,1799.0,6969,76,17.6,0.667,99.6,0,2021,1,2,None,None,Low,171,0
HEMM-G002,Grader,2021-06-16,4,2,2,3,98.6,4.46,2.13,44.6,86.9,0.85,24.7,178.1,314.0,1823.0,9025,8,22.11,1.1684,92.6,0,2021,6,2,None,None,Medium,174,0
HEMM-D004,Dumper,2022-12-24,2,0,1,20,85.35,4.79,1.73,37.0,88.8,0.84,25.1,179.3,353.9,1607.0,6064,54,17.82,1.0765,99.8,0,2022,12,5,None,None,Low,82,0
HEMM-D001,Dumper,2021-09-13,2,0,1,12,73.4,4.23,1.23,25.3,87.9,0.87,24.1,175.1,347.7,1840.0,3361,61,17.35,0.6685,98.6,0,2021,9,0,None,None,Low,150,0
HEMM-D001,Dumper,2022-07-30,2,2,2,12,85.0,4.54,2.22,40.7,85.6,0.89,24.1,167.7,324.4,1818.0,3337,16,18.72,1.2211,99.3,0,2022,7,5,None,None,Low,95,0
HEMM-E003,Excavator,2022-04-25,3,0,0,12,70.6,4.81,2.38,28.6,84.6,0.96,24.6,182.1,280.8,1883.0,802,40,14.68,1.2639,98.9,0,2022,4,0,None,None,Low,116,0
HEMM-E002,Excavator,2021-01-15,3,1,0,13,102.1,4.77,0.93,42.4,81.8,0.85,23.8,186.4,334.4,1808.0,2017,116,21.4,0.5144,91.4,0,2021,1,4,None,None,High,168,0
HEMM-L001,Wheel Loader,2021-12-16,6,2,2,7,92.1,4.35,2.26,35.2,84.4,0.82,24.2,172.0,328.7,1905.0,11010,99,21.17,1.1864,94.9,0,2021,12,3,None,None,Medium,108,0
HEMM-E001,Excavator,2021-05-14,3,2,0,5,84.7,4.69,1.1,44.7,92.6,0.85,25.1,178.0,338.3,1739.0,1265,21,18.06,0.6325,100.0,0,2021,5,4,None,None,Low,34,0
HEMM-E003,Excavator,2023-12-08,3,2,2,9,131.8,4.26,2.32,34.8,85.4,0.39,23.8,180.8,334.0,1928.0,3343,113,30.94,1.2033,74.4,1,2023,12,4,Cooling System Failure,Cooling System,Critical,4,1
HEMM-D001,Dumper,2023-05-25,2,2,0,2,85.8,4.78,2.0,32.6,86.0,0.98,24.7,171.2,310.7,1815.0,5492,60,17.95,1.1019,99.6,0,2023,5,3,None,None,Low,48,0
HEMM-L002,Wheel Loader,2023-08-14,6,0,1,12,82.9,3.82,1.4,41.7,79.2,0.91,24.3,170.1,308.9,1712.0,8674,102,21.7,0.8178,95.5,0,2023,8,0,None,None,Medium,124,0
HEMM-E003,Excavator,2021-04-07,3,0,0,14,88.9,3.86,1.66,55.3,79.5,0.87,25.3,179.7,321.5,1682.0,8923,62,23.03,0.9869,93.8,0,2021,4,2,Fuel System Failure,Fuel System,Critical,3,1
HEMM-D003,Dumper,2021-02-21,2,2,1,8,98.0,4.58,2.06,40.8,76.9,0.85,24.5,182.8,308.5,1667.0,11497,59,21.4,1.2358,91.3,0,2021,2,6,None,None,Medium,177,0
HEMM-E002,Excavator,2021-12-03,3,0,2,10,86.4,3.17,5.75,40.5,85.0,0.9,24.1,187.0,336.2,1546.0,1229,85,27.26,3.7193,81.4,1,2021,12,4,Transmission Failure,Transmission,Critical,7,1
HEMM-D001,Dumper,2022-11-16,2,0,1,8,73.0,4.97,1.44,28.0,80.4,0.94,24.5,177.0,292.8,1678.0,1966,65,14.69,0.8582,99.4,0,2022,11,2,None,None,Low,55,0
HEMM-D002,Dumper,2022-11-15,2,2,2,8,73.0,4.22,1.86,43.7,76.1,0.91,24.7,179.9,313.8,1866.0,1394,104,17.3,0.9968,96.2,0,2022,11,1,None,None,Low,125,0
HEMM-D004,Dumper,2023-07-04,2,2,1,4,86.8,4.51,2.16,40.8,77.0,0.88,23.6,206.6,335.1,1983.0,1601,12,19.25,1.0893,96.6,0,2023,7,1,None,None,Low,158,0
HEMM-D003,Dumper,2021-09-19,2,1,2,15,83.8,4.94,2.19,32.2,81.4,0.76,25.5,189.7,328.9,1880.0,1097,43,16.96,1.1649,99.2,0,2021,9,6,None,None,Low,161,0
HEMM-D003,Dumper,2021-07-28,2,2,0,2,89.3,4.94,2.41,39.1,83.7,0.9,25.2,166.1,280.1,1825.0,9362,11,18.08,1.3205,96.6,0,2021,7,2,None,None,Medium,69,0
HEMM-G002,Grader,2021-07-16,4,2,2,14,69.7,4.09,2.05,45.0,86.0,0.79,25.3,176.2,328.7,1796.0,4019,115,17.04,1.1414,97.8,0,2021,7,4,None,None,Low,164,0
HEMM-D001,Dumper,2023-07-18,2,0,2,15,85.6,4.39,2.12,27.2,83.9,0.78,24.5,173.8,312.6,1788.0,7214,117,19.5,1.1857,98.8,0,2023,7,1,None,None,Low,35,0
HEMM-B003,Dozer,2021-02-23,0,0,1,17,67.3,4.39,5.67,32.4,47.2,0.98,24.0,200.1,343.5,1880.0,5577,80,15.33,3.016,74.5,1,2021,2,1,Tyre Burst,Tyres,Critical,0,1
HEMM-E002,Excavator,2021-09-16,3,2,0,17,73.0,4.38,2.4,41.4,73.4,0.99,24.5,189.4,334.1,1972.0,4398,50,16.67,1.217,94.8,0,2021,9,3,None,None,Low,113,0
HEMM-DR02,Drill Rig,2022-01-16,1,1,1,5,87.0,4.46,3.1,36.6,79.3,0.81,24.2,182.3,329.5,1740.0,922,12,19.51,1.7816,94.4,0,2022,1,6,None,None,Low,73,0
HEMM-DR01,Drill Rig,2023-11-17,1,2,2,12,95.6,4.84,1.79,41.9,83.1,0.91,24.9,185.1,306.8,1817.0,5298,79,19.75,0.9851,94.7,0,2023,11,4,None,None,Low,142,0
HEMM-D005,Dumper,2023-08-20,2,0,0,20,86.6,4.36,2.24,38.3,83.6,0.8,23.9,194.8,335.2,1883.0,5818,42,19.86,1.1896,97.8,0,2023,8,6,None,None,Low,166,0
HEMM-L002,Wheel Loader,2021-10-24,6,1,2,8,89.7,4.68,1.2,38.4,85.3,0.93,25.1,172.7,305.2,2022.0,8508,109,19.17,0.5935,97.6,0,2021,10,6,None,None,Medium,124,0
HEMM-DR01,Drill Rig,2022-12-06,1,1,1,7,92.4,3.9,2.38,37.1,85.8,0.84,24.6,167.7,333.5,1943.0,10694,30,23.69,1.2249,92.2,0,2022,12,1,None,None,Medium,147,0
HEMM-L001,Wheel Loader,2023-08-16,6,2,0,11,87.3,4.89,1.71,39.5,84.2,0.87,24.2,157.7,322.4,1919.0,9676,77,17.85,0.8911,98.8,0,2023,8,2,None,None,Medium,82,0
HEMM-DR01,Drill Rig,2022-11-05,1,1,1,4,90.2,4.87,2.62,52.7,83.0,0.98,24.2,177.5,311.5,1771.0,7643,117,18.52,1.4794,95.5,0,2022,11,5,None,None,Low,93,0
HEMM-D001,Dumper,2022-04-02,2,2,1,8,89.3,4.9,1.57,36.6,92.2,0.92,24.8,178.5,340.3,1882.0,7843,84,18.22,0.8342,97.8,0,2022,4,5,None,None,Low,99,0
HEMM-B003,Dozer,2023-02-09,0,1,1,13,96.1,4.28,1.96,41.4,81.3,0.82,25.3,188.1,333.0,1736.0,3218,110,22.45,1.129,93.1,0,2023,2,3,None,None,Low,36,0
HEMM-D003,Dumper,2023-01-03,2,1,0,18,77.2,4.22,1.66,38.4,75.7,0.83,24.4,168.1,323.9,1903.0,2087,23,18.29,0.8723,96.1,0,2023,1,1,None,None,Low,66,0
HEMM-G001,Grader,2021-03-31,4,1,1,7,100.7,4.22,1.74,37.9,75.3,0.98,24.5,196.6,294.8,1490.0,3441,41,23.86,1.1678,88.1,0,2021,3,2,None,None,High,129,0
HEMM-B001,Dozer,2021-12-23,0,0,1,18,87.1,4.95,8.05,42.9,57.8,0.78,24.1,176.0,329.6,1867.0,4229,27,17.6,4.3117,71.1,1,2021,12,3,Tyre Burst,Tyres,Critical,4,1
HEMM-D001,Dumper,2021-10-09,2,0,0,4,85.4,4.26,1.71,40.0,80.5,1.0,25.6,189.2,345.5,1803.0,5744,31,20.05,0.9484,98.0,0,2021,10,5,None,None,Low,120,0
HEMM-G001,Grader,2023-02-02,4,2,2,6,88.1,3.74,1.31,39.9,83.7,0.93,23.5,175.9,339.0,1827.0,8833,107,23.56,0.717,94.6,0,2023,2,3,None,None,Medium,121,0
HEMM-D003,Dumper,2021-08-31,2,1,2,5,66.6,4.49,1.44,37.7,80.3,0.91,24.8,176.7,296.8,1690.0,3307,29,14.83,0.8521,99.3,0,2021,8,1,None,None,Low,78,0
HEMM-G001,Grader,2022-10-14,4,2,1,14,89.8,4.31,2.2,41.8,79.1,0.81,24.0,188.5,324.2,1795.0,10622,36,20.84,1.2256,94.9,0,2022,10,4,None,None,Medium,122,0
HEMM-E002,Excavator,2022-08-26,3,1,2,11,82.7,3.61,2.3,30.0,80.3,0.97,25.4,168.4,321.1,1731.0,4249,11,22.91,1.3287,94.0,0,2022,8,4,None,None,Low,80,0
HEMM-D005,Dumper,2023-11-07,2,2,1,16,102.8,3.91,1.34,39.9,90.6,0.84,24.8,175.9,296.9,1831.0,3628,98,26.29,0.7318,88.1,0,2023,11,1,None,None,High,99,0
HEMM-D003,Dumper,2021-12-09,2,2,2,13,90.9,4.77,2.12,37.0,84.2,0.88,24.0,177.7,311.0,1918.0,10768,101,19.06,1.1053,96.7,0,2021,12,3,None,None,Medium,56,0
HEMM-L002,Wheel Loader,2023-08-09,6,1,2,11,85.5,4.39,2.01,47.6,82.0,0.77,24.5,187.1,334.3,1794.0,11873,52,19.48,1.1204,99.2,0,2023,8,2,None,None,Medium,102,0
HEMM-L001,Wheel Loader,2023-08-29,6,0,2,19,87.9,5.51,2.04,36.7,86.6,0.81,25.0,181.0,340.6,1756.0,6769,86,15.95,1.1617,98.4,0,2023,8,1,None,None,Low,113,0
HEMM-E002,Excavator,2022-03-26,3,1,1,15,90.5,4.46,2.61,41.5,79.0,0.95,24.4,186.8,274.5,1810.0,4040,55,20.29,1.442,94.0,0,2022,3,5,None,None,Low,115,0
HEMM-G002,Grader,2021-11-18,4,0,1,9,83.8,4.68,2.07,31.4,86.1,0.9,25.1,182.1,315.6,1657.0,9220,15,17.91,1.2492,99.8,0,2021,11,3,None,None,Medium,86,0
HEMM-B002,Dozer,2023-06-30,0,2,1,12,81.9,5.23,1.49,39.2,82.4,0.79,25.0,178.8,299.3,1933.0,3971,79,15.66,0.7708,100.0,0,2023,6,4,None,None,Low,53,0
HEMM-B003,Dozer,2023-05-23,0,0,0,15,94.9,4.92,1.95,42.7,87.0,0.86,24.9,180.8,317.5,1775.0,7286,57,19.29,1.0986,95.0,0,2023,5,1,None,None,Low,160,0
HEMM-B003,Dozer,2022-07-14,0,0,1,1,90.4,4.59,2.27,39.5,79.4,0.81,25.3,168.0,288.4,1760.0,3142,61,19.69,1.2898,95.4,0,2022,7,3,None,None,Low,109,0
HEMM-D003,Dumper,2023-01-06,2,1,2,10,87.6,4.46,1.92,45.0,84.2,0.79,24.2,174.4,295.7,1798.0,8420,70,19.64,1.0679,98.5,0,2023,1,4,None,None,Medium,103,0
HEMM-B001,Dozer,2022-04-12,0,1,1,4,76.5,4.32,2.17,35.3,78.3,0.9,24.1,192.7,334.2,1829.0,1368,51,17.71,1.1864,97.1,0,2022,4,1,None,None,Low,47,0
HEMM-B003,Dozer,2022-02-07,0,2,2,11,91.1,4.46,1.65,34.7,87.6,0.97,23.9,182.4,314.4,1835.0,4296,43,20.43,0.8992,96.8,0,2022,2,0,None,None,Low,68,0
HEMM-B001,Dozer,2022-01-26,0,2,2,20,95.1,4.33,1.84,38.0,86.5,0.81,24.8,183.2,291.2,1925.0,2458,114,21.96,0.9558,94.1,0,2022,1,2,None,None,Low,116,0
HEMM-B001,Dozer,2021-01-18,0,0,0,10,90.6,4.55,1.56,30.8,82.4,0.93,24.2,174.6,328.5,1672.0,5879,105,19.91,0.933,97.2,0,2021,1,0,None,None,Low,159,0
HEMM-D001,Dumper,2023-08-25,2,2,0,17,83.2,3.9,1.78,32.8,80.9,0.78,24.7,178.2,296.7,1594.0,2645,115,21.33,1.1167,96.6,0,2023,8,4,None,None,Low,69,0
HEMM-E002,Excavator,2023-08-30,3,1,2,17,88.4,3.86,1.49,32.2,82.4,0.88,24.4,188.9,318.2,1800.0,9817,105,22.9,0.8278,95.1,0,2023,8,2,None,None,Medium,153,0
HEMM-DR02,Drill Rig,2022-11-29,1,1,2,11,80.8,4.1,1.6,37.5,73.3,0.85,24.5,179.1,335.3,1606.0,3277,59,19.71,0.9963,94.5,0,2022,11,1,None,None,Low,53,0
HEMM-DR02,Drill Rig,2023-07-11,1,2,2,1,87.2,4.94,2.04,30.3,84.8,0.76,24.7,177.9,309.7,1723.0,6339,22,17.65,1.184,98.8,0,2023,7,1,None,None,Low,175,0
HEMM-B002,Dozer,2021-01-20,0,0,0,12,78.0,4.04,1.99,38.8,79.8,0.81,24.3,179.6,338.8,1622.0,5767,33,19.31,1.2269,96.8,0,2021,1,2,None,None,Low,160,0
HEMM-G002,Grader,2022-09-06,4,0,1,19,84.6,4.33,2.1,33.8,80.3,0.82,24.6,192.8,276.1,1695.0,580,77,19.54,1.2389,98.2,0,2022,9,1,None,None,Low,39,0
HEMM-D005,Dumper,2022-11-08,2,2,0,20,76.9,4.49,1.97,32.2,81.9,0.78,25.0,160.1,340.7,1887.0,10158,78,17.13,1.044,99.9,0,2022,11,1,None,None,Medium,45,0
HEMM-E002,Excavator,2023-03-12,3,1,0,18,78.9,4.37,1.64,34.6,80.3,0.8,18.8,174.3,353.5,1743.0,6531,29,18.05,0.9409,98.7,0,2023,3,6,Electrical Fault,Electrical,Critical,7,1
HEMM-D003,Dumper,2021-12-18,2,1,2,18,79.9,4.14,1.56,30.9,84.2,0.9,24.3,179.0,335.1,1783.0,3110,9,19.3,0.8749,98.2,0,2021,12,5,None,None,Low,101,0
HEMM-D001,Dumper,2022-01-18,2,1,1,3,95.0,4.45,1.85,36.3,85.4,0.97,24.7,183.9,363.7,1914.0,6522,41,21.35,0.9666,94.8,0,2022,1,1,None,None,Low,171,0
HEMM-L002,Wheel Loader,2021-05-24,6,0,1,2,78.3,3.38,6.83,44.6,82.2,0.99,24.6,171.8,339.0,1617.0,6239,71,23.17,4.2239,79.9,1,2021,5,0,Transmission Failure,Transmission,Critical,6,1
HEMM-E001,Excavator,2021-08-15,3,1,2,18,81.1,3.45,1.71,37.8,72.7,0.76,24.7,104.5,287.8,1829.0,7055,66,23.51,0.9349,91.0,0,2021,8,6,Hydraulic Failure,Hydraulics,Critical,3,1
HEMM-E002,Excavator,2022-09-27,3,0,2,16,85.2,5.07,1.23,44.2,87.2,0.79,24.1,171.7,340.8,1780.0,2801,82,16.8,0.691,99.9,0,2022,9,1,None,None,Low,77,0
HEMM-E002,Excavator,2023-10-27,3,2,1,15,67.7,4.85,2.14,44.4,78.5,0.97,24.4,193.6,292.7,1951.0,4712,30,13.96,1.0969,98.2,0,2023,10,4,None,None,Low,171,0
HEMM-DR02,Drill Rig,2021-05-12,1,0,0,20,88.1,4.26,2.44,43.5,80.1,0.84,25.4,160.6,332.0,1818.0,4244,72,20.68,1.3421,95.2,0,2021,5,2,None,None,Low,60,0
HEMM-L001,Wheel Loader,2023-08-01,6,0,1,19,89.0,3.85,1.95,38.7,80.8,0.94,24.4,181.0,305.1,1718.0,840,99,23.12,1.135,94.3,0,2023,8,1,None,None,Low,62,0
HEMM-DR02,Drill Rig,2022-12-12,1,2,1,10,78.6,4.48,1.54,42.1,88.1,0.99,24.6,182.1,280.4,1848.0,6607,83,17.54,0.8333,99.9,0,2022,12,0,None,None,Low,112,0
HEMM-E001,Excavator,2023-06-04,3,0,2,13,71.1,4.3,2.04,32.0,87.7,0.78,25.5,167.8,325.2,1720.0,10998,28,16.53,1.186,98.9,0,2023,6,6,None,None,Medium,139,0
HEMM-G002,Grader,2021-03-31,4,1,2,6,99.9,4.37,1.55,34.5,77.3,1.0,24.4,185.1,299.8,1723.0,4685,117,22.86,0.8996,90.0,0,2021,3,2,None,None,Low,86,0
HEMM-D003,Dumper,2022-03-21,2,0,0,14,89.2,4.8,2.05,36.8,86.0,0.85,24.5,178.8,337.3,1816.0,9257,20,18.58,1.1289,97.8,0,2022,3,0,Fuel System Failure,Fuel System,Critical,1,1
HEMM-DR01,Drill Rig,2023-07-13,1,1,1,9,85.7,3.45,1.64,40.5,82.6,0.78,23.8,177.9,300.8,1795.0,3597,69,24.84,0.9136,94.4,0,2023,7,3,None,None,High,93,0
HEMM-D003,Dumper,2023-08-04,2,0,1,11,85.35,4.52,1.85,36.0,82.8,0.79,24.7,174.1,317.2,1945.0,6742,114,18.88,0.9512,99.8,0,2023,8,4,None,None,Low,139,0
HEMM-D001,Dumper,2022-05-29,2,1,2,5,82.2,3.96,2.46,40.3,86.4,0.81,25.2,176.4,282.8,1836.0,5559,90,20.76,1.3399,95.9,0,2022,5,6,None,None,Low,101,0
HEMM-DR02,Drill Rig,2021-05-20,1,1,2,18,73.5,5.38,1.53,39.1,75.0,0.79,24.3,168.5,342.4,1827.0,10964,36,13.66,0.8374,97.2,0,2021,5,3,None,None,Medium,93,0
HEMM-D005,Dumper,2023-08-23,2,0,1,6,90.1,4.39,1.96,41.3,83.2,0.94,23.9,181.3,340.0,1620.0,2994,112,20.52,1.2099,96.9,0,2023,8,2,None,None,Low,164,0
HEMM-E001,Excavator,2022-08-26,3,1,1,18,80.3,4.36,1.49,39.2,76.2,0.81,24.8,195.4,286.6,1640.0,6603,26,18.42,0.9085,97.0,0,2022,8,4,None,None,Low,125,0
HEMM-D001,Dumper,2022-07-14,2,1,1,15,87.3,4.12,2.04,41.2,82.0,0.92,25.1,199.1,314.6,1673.0,6066,27,21.19,1.2194,96.8,0,2022,7,3,None,None,Low,174,0
HEMM-SC01,Scraper,2022-03-19,5,0,2,2,90.8,4.48,1.36,43.2,79.8,0.79,24.9,189.3,347.7,1912.0,10600,108,20.27,0.7113,96.1,0,2022,3,5,None,None,Medium,115,0
HEMM-D004,Dumper,2023-03-11,2,2,2,10,90.2,3.67,4.94,44.0,86.4,0.76,24.0,162.4,315.8,1871.0,7474,11,24.58,2.6403,84.4,0,2023,3,5,Brake Failure,Brakes,Critical,6,1
HEMM-E003,Excavator,2023-02-07,3,1,0,7,97.9,4.04,1.67,62.3,87.7,0.91,25.0,165.3,355.1,1902.0,1697,7,24.23,0.878,91.2,0,2023,2,1,Fuel System Failure,Fuel System,Critical,0,1
HEMM-E002,Excavator,2021-05-10,3,1,2,4,69.0,4.83,6.38,37.3,44.9,0.94,24.5,171.5,322.7,1900.0,11080,26,14.29,3.3579,72.0,1,2021,5,0,Tyre Burst,Tyres,Critical,6,1
HEMM-B003,Dozer,2022-10-23,0,2,2,7,90.9,5.17,2.47,40.6,79.1,0.95,24.7,188.7,335.1,1829.0,10434,31,17.58,1.3505,94.5,0,2022,10,6,None,None,Medium,161,0
HEMM-DR01,Drill Rig,2021-09-05,1,1,0,7,95.1,4.61,1.93,61.0,82.1,0.85,23.8,195.5,344.0,1657.0,1934,50,20.63,1.1648,95.0,0,2021,9,6,Fuel System Failure,Fuel System,Critical,6,1
HEMM-D001,Dumper,2023-03-09,2,1,2,15,80.2,5.25,2.16,39.6,80.1,0.88,24.9,166.6,342.5,1799.0,3806,13,15.28,1.2007,98.8,0,2023,3,3,None,None,Low,144,0
HEMM-G001,Grader,2021-03-31,4,1,2,7,80.3,4.26,1.65,37.9,82.3,0.95,25.0,178.4,330.0,1622.0,6935,43,18.85,1.0173,98.8,0,2021,3,2,None,None,Low,137,0
HEMM-D004,Dumper,2021-12-18,2,0,2,4,86.7,4.16,2.26,36.3,79.4,0.79,25.2,163.3,303.1,1798.0,10028,46,20.84,1.257,95.6,0,2021,12,5,None,None,Medium,81,0
HEMM-D005,Dumper,2022-11-12,2,1,1,11,87.6,5.21,1.64,43.0,82.1,0.86,24.8,177.5,289.0,1737.0,11117,66,16.81,0.9442,98.7,0,2022,11,5,None,None,Medium,131,0
HEMM-DR02,Drill Rig,2023-02-23,1,2,2,8,74.4,4.19,1.86,43.0,81.8,0.91,24.4,175.6,288.4,1812.0,8448,80,17.76,1.0265,98.4,0,2023,2,3,None,None,Medium,101,0
HEMM-E003,Excavator,2021-02-13,3,2,2,4,80.0,4.72,1.94,35.5,77.0,0.76,24.6,181.4,311.8,1649.0,5260,35,16.95,1.1765,98.0,0,2021,2,5,None,None,Low,171,0
HEMM-E003,Excavator,2021-06-12,3,1,0,5,85.6,4.06,2.15,46.3,79.1,0.91,23.9,169.5,325.2,1791.0,6336,68,21.08,1.2004,95.9,0,2021,6,5,None,None,Low,50,0
HEMM-G002,Grader,2022-02-23,4,2,2,2,94.7,4.69,1.9,29.2,76.5,0.93,24.9,176.0,275.7,1848.0,4100,97,20.19,1.0281,93.0,0,2022,2,2,None,None,Low,51,0
HEMM-DR02,Drill Rig,2022-11-05,1,1,1,9,92.5,4.5,2.45,31.4,85.9,0.89,24.9,184.2,318.2,1948.0,5402,87,20.56,1.2577,94.9,0,2022,11,5,None,None,Low,172,0
HEMM-DR01,Drill Rig,2022-08-14,1,1,1,8,90.8,4.03,2.33,42.1,78.1,0.88,23.9,189.1,295.9,2012.0,5627,48,22.53,1.1581,92.2,0,2022,8,6,None,None,Low,86,0
HEMM-D002,Dumper,2022-05-24,2,2,0,8,93.2,4.1,1.75,41.9,86.1,0.92,23.9,190.3,343.1,1646.0,10162,116,22.73,1.0632,93.9,0,2022,5,1,None,None,Medium,113,0
HEMM-E001,Excavator,2023-06-25,3,2,0,1,112.7,4.46,2.0,40.1,80.5,0.47,23.9,178.1,427.0,1749.0,1258,116,25.27,1.1435,85.4,1,2023,6,6,Engine Overheat,Engine,Critical,3,1
HEMM-D005,Dumper,2022-02-23,2,1,2,3,86.8,4.76,1.76,36.2,83.6,0.9,24.2,164.6,298.1,1877.0,3045,80,18.24,0.9377,99.1,0,2022,2,2,None,None,Low,77,0
HEMM-E002,Excavator,2022-04-29,3,2,0,3,105.4,4.21,1.52,29.5,84.1,0.84,24.3,184.6,315.2,1741.0,7183,97,25.04,0.8731,88.4,0,2022,4,4,None,None,High,163,0
HEMM-E002,Excavator,2022-05-17,3,0,0,6,94.9,4.28,1.97,35.4,88.2,0.99,23.9,183.2,320.1,1764.0,10126,36,22.17,1.1168,94.0,0,2022,5,1,None,None,Medium,124,0
HEMM-DR02,Drill Rig,2022-02-17,1,0,0,16,75.9,4.73,2.04,44.7,86.6,0.79,23.4,178.7,348.2,1786.0,1510,51,16.05,1.1422,99.9,0,2022,2,3,None,None,Low,146,0
HEMM-L001,Wheel Loader,2023-06-23,6,0,0,17,72.9,4.33,2.49,29.3,77.3,0.78,24.2,178.4,340.3,1782.0,10184,99,16.84,1.3973,95.8,0,2023,6,4,None,None,Medium,67,0
HEMM-L001,Wheel Loader,2021-02-10,6,0,0,14,103.8,4.71,1.38,36.4,75.7,0.78,24.5,178.4,307.1,1643.0,1563,102,22.04,0.8399,88.1,0,2021,2,2,None,None,High,88,0
HEMM-D005,Dumper,2021-12-26,2,0,0,13,77.5,5.31,1.72,39.6,76.2,0.79,25.0,197.4,300.5,1666.0,7796,44,14.6,1.0324,97.7,0,2021,12,6,None,None,Low,112,0
HEMM-SC01,Scraper,2023-09-12,5,1,0,11,97.2,3.88,1.37,30.4,80.2,0.83,25.1,180.9,279.8,1831.0,2438,96,25.05,0.7482,90.1,0,2023,9,1,None,None,Low,123,0
HEMM-E002,Excavator,2021-01-09,3,1,0,17,82.0,4.07,1.94,40.1,84.1,0.95,25.6,187.8,336.7,1893.0,6331,67,20.15,1.0248,97.8,0,2021,1,5,None,None,Low,75,0
HEMM-G002,Grader,2023-02-04,4,0,2,16,85.2,4.63,6.65,37.4,56.8,1.0,24.3,174.3,310.5,1717.0,5243,87,18.4,3.873,75.9,1,2023,2,5,Tyre Burst,Tyres,Critical,0,1
HEMM-G002,Grader,2021-11-29,4,1,2,14,91.1,4.29,1.67,39.1,72.2,0.96,23.9,194.7,346.4,1831.0,4382,103,21.24,0.9121,92.0,0,2021,11,0,None,None,Low,64,0
HEMM-L001,Wheel Loader,2023-01-25,6,2,0,2,102.1,5.09,2.53,35.5,87.6,0.93,24.5,180.4,325.3,1655.0,10864,54,20.06,1.5287,89.9,0,2023,1,2,None,None,High,46,0
HEMM-E003,Excavator,2023-09-06,3,1,2,12,80.3,4.28,2.4,37.6,72.2,0.89,18.2,172.2,294.2,1835.0,10537,95,18.76,1.3079,93.8,0,2023,9,2,Electrical Fault,Electrical,Critical,2,1
HEMM-DR02,Drill Rig,2021-10-29,1,0,2,8,73.7,5.01,2.13,42.4,81.3,0.87,24.3,207.4,329.3,1964.0,10065,79,14.71,1.0845,99.3,0,2021,10,4,None,None,Medium,86,0
HEMM-D001,Dumper,2021-08-28,2,1,2,13,79.9,4.0,2.55,36.0,83.2,0.97,24.3,185.3,325.6,1791.0,6715,95,19.98,1.4238,95.8,0,2021,8,5,None,None,Low,110,0
HEMM-D003,Dumper,2023-11-28,2,1,0,14,74.8,4.92,2.11,35.1,80.0,0.81,24.5,208.1,351.9,1945.0,2916,111,15.2,1.0848,98.9,0,2023,11,1,None,None,Low,39,0
HEMM-B002,Dozer,2023-10-23,0,2,2,13,81.1,5.26,1.8,38.1,84.5,0.9,24.7,181.5,353.2,1657.0,9802,44,15.42,1.0863,100.0,0,2023,10,0,None,None,Medium,167,0
HEMM-D003,Dumper,2021-08-12,2,2,1,19,97.8,4.14,2.52,29.5,85.1,1.0,24.8,194.1,357.8,1677.0,5842,109,23.62,1.5027,90.2,0,2021,8,3,None,None,Low,127,0
HEMM-E002,Excavator,2023-03-27,3,2,0,10,79.5,3.67,5.55,44.3,81.2,0.88,24.1,185.0,334.8,1687.0,305,26,21.66,3.2899,84.9,1,2023,3,0,Transmission Failure,Transmission,Critical,1,1
HEMM-L002,Wheel Loader,2023-05-04,6,2,1,10,75.1,4.35,2.27,33.4,79.3,0.87,23.8,180.7,350.1,1873.0,7260,26,17.26,1.212,97.4,0,2023,5,3,None,None,Low,167,0
HEMM-D005,Dumper,2022-02-10,2,0,0,6,85.35,5.48,1.66,43.9,85.4,0.99,24.5,178.5,325.3,1724.0,8434,19,15.57,0.9629,99.8,0,2022,2,3,None,None,Medium,104,0
HEMM-E002,Excavator,2022-01-16,3,1,1,2,76.9,4.1,1.41,44.7,84.5,0.93,25.7,190.4,339.1,1837.0,3193,108,18.76,0.7676,98.0,0,2022,1,6,None,None,Low,162,0
HEMM-DR01,Drill Rig,2023-06-22,1,2,2,20,89.4,4.25,7.41,35.0,56.5,0.84,24.9,179.3,353.7,1754.0,1989,116,21.04,4.2246,70.1,1,2023,6,3,Tyre Burst,Tyres,Critical,4,1
HEMM-G002,Grader,2021-09-13,4,0,2,3,80.1,5.16,1.94,34.4,89.7,0.84,24.1,191.4,333.2,1906.0,5805,8,15.52,1.0178,100.0,0,2021,9,0,None,None,Low,146,0
HEMM-L001,Wheel Loader,2021-07-26,6,1,1,2,94.0,4.58,2.12,41.9,83.5,0.85,25.4,187.1,325.1,1627.0,4559,101,20.52,1.303,95.1,0,2021,7,0,None,None,Low,136,0
HEMM-D002,Dumper,2021-07-18,2,1,2,17,78.8,5.06,1.62,35.7,77.6,0.82,23.9,183.4,342.6,1815.0,318,53,15.57,0.8926,98.2,0,2021,7,6,None,None,Low,105,0
HEMM-B001,Dozer,2023-09-23,0,0,0,11,80.8,4.54,1.64,35.9,81.1,0.76,24.4,180.9,338.4,1888.0,10102,59,17.8,0.8686,99.6,0,2023,9,5,None,None,Medium,129,0
HEMM-B003,Dozer,2022-10-08,0,1,0,12,89.3,5.73,1.63,35.6,86.0,0.79,24.8,180.8,345.5,1807.0,11096,56,15.58,0.902,97.8,0,2022,10,5,None,None,Medium,122,0
HEMM-G001,Grader,2022-11-08,4,1,2,1,94.7,3.78,2.01,34.4,79.9,0.88,24.8,176.9,315.2,1717.0,7686,116,25.05,1.1706,90.7,0,2022,11,1,None,None,Low,165,0
HEMM-D005,Dumper,2021-02-22,2,2,2,4,85.2,4.62,1.83,40.7,80.8,0.94,24.3,184.0,303.5,1819.0,8893,40,18.44,1.006,99.4,0,2021,2,0,None,None,Medium,76,0
HEMM-E003,Excavator,2023-01-25,3,0,0,20,89.4,4.79,2.58,43.4,84.3,0.83,25.0,188.2,314.9,1803.0,11442,89,18.66,1.4309,96.1,0,2023,1,2,None,None,Medium,43,0
HEMM-E002,Excavator,2021-01-07,3,2,0,11,85.5,4.12,2.53,36.8,78.7,0.97,24.5,182.4,320.5,1901.0,472,86,20.75,1.3309,94.9,0,2021,1,3,None,None,Low,87,0
HEMM-B003,Dozer,2023-06-29,0,1,2,20,77.2,4.22,2.49,44.0,82.3,0.91,25.1,178.6,302.9,1726.0,8138,56,18.29,1.4426,97.1,0,2023,6,3,None,None,Medium,169,0
HEMM-D003,Dumper,2022-12-15,2,0,2,16,78.4,5.11,2.18,33.3,78.0,0.91,25.1,174.1,327.2,1902.0,10986,114,15.34,1.1462,97.9,0,2022,12,3,None,None,Medium,46,0
HEMM-G002,Grader,2022-08-25,4,2,2,7,93.0,5.01,1.92,35.0,78.9,0.86,24.3,193.7,298.3,1791.0,11864,23,18.56,1.072,94.8,0,2022,8,3,None,None,Medium,156,0
HEMM-L002,Wheel Loader,2021-03-07,6,1,2,16,87.6,4.32,2.03,34.8,82.1,0.77,24.6,184.1,329.7,1679.0,1626,43,20.28,1.2091,97.7,0,2021,3,6,None,None,Low,116,0
HEMM-DR02,Drill Rig,2021-12-11,1,0,2,4,92.3,4.88,2.3,37.3,79.9,0.77,24.1,185.1,344.7,1710.0,8099,89,18.91,1.345,94.6,0,2021,12,5,None,None,Medium,127,0
HEMM-E002,Excavator,2021-12-16,3,2,2,3,81.0,2.7,6.08,36.8,76.5,0.91,24.8,179.2,327.4,1260.0,1928,60,30.0,4.8254,76.6,1,2021,12,3,Transmission Failure,Transmission,Critical,5,1
HEMM-B001,Dozer,2022-03-28,0,2,2,9,130.4,4.72,2.15,41.3,75.0,0.52,24.6,203.4,312.5,1799.0,11110,65,27.63,1.1951,74.0,1,2022,3,0,Cooling System Failure,Cooling System,Critical,2,1
HEMM-D003,Dumper,2022-11-13,2,1,2,19,78.4,4.9,2.2,39.8,89.8,0.81,24.4,196.8,338.6,1737.0,10041,13,16.0,1.2666,99.4,0,2022,11,6,None,None,Medium,159,0
HEMM-G002,Grader,2023-06-14,4,1,0,8,86.3,4.79,2.45,51.4,83.7,0.96,24.4,169.5,300.4,1795.0,4444,19,18.02,1.3649,98.0,0,2023,6,2,Fuel System Failure,Fuel System,Critical,1,1
HEMM-E002,Excavator,2021-08-26,3,2,0,12,78.8,4.67,2.39,37.4,83.3,0.8,25.2,203.7,285.1,1904.0,2287,114,16.87,1.2553,98.8,0,2021,8,3,None,None,Low,84,0
HEMM-D001,Dumper,2022-09-29,2,1,0,19,68.7,4.08,2.07,39.6,78.4,0.82,24.6,182.7,309.3,1709.0,8975,29,16.84,1.2112,96.3,0,2022,9,3,None,None,Medium,46,0
HEMM-B003,Dozer,2023-01-18,0,2,2,5,92.9,4.21,2.24,34.3,80.7,0.9,24.7,192.5,323.8,1669.0,8715,89,22.07,1.3421,93.4,0,2023,1,2,None,None,Medium,164,0
HEMM-D004,Dumper,2023-03-21,2,1,1,18,69.3,4.23,1.98,44.0,83.2,0.88,25.8,187.0,301.7,1814.0,7746,45,16.38,1.0915,98.6,0,2023,3,1,None,None,Low,126,0
HEMM-B002,Dozer,2022-03-25,0,0,0,15,102.5,4.41,1.86,57.3,76.7,0.79,24.5,187.5,263.6,1761.0,2615,81,23.24,1.0562,88.7,0,2022,3,4,Fuel System Failure,Fuel System,Critical,0,1
HEMM-B002,Dozer,2023-10-26,0,2,2,4,81.9,4.58,2.28,32.5,83.0,0.89,25.2,176.0,339.4,2011.0,4680,113,17.88,1.1338,99.2,0,2023,10,3,None,None,Low,86,0
HEMM-E002,Excavator,2023-10-11,3,0,0,13,93.0,4.7,5.86,43.4,80.0,0.88,24.2,162.0,348.7,2133.0,1163,108,19.79,2.7473,83.6,1,2023,10,2,Brake Failure,Brakes,Critical,3,1
HEMM-D002,Dumper,2022-01-02,2,0,2,13,86.6,3.83,2.06,38.3,85.1,0.98,24.3,171.7,335.2,1778.0,5100,109,22.61,1.1586,95.7,0,2022,1,6,None,None,Low,174,0
HEMM-E001,Excavator,2021-02-14,3,2,2,13,84.4,4.11,1.66,33.8,90.8,0.76,23.4,179.0,354.4,1843.0,5728,59,20.54,0.9007,98.0,0,2021,2,6,None,None,Low,90,0
HEMM-G001,Grader,2023-03-13,4,0,0,3,83.1,4.31,1.31,39.7,82.6,0.79,23.7,179.3,348.5,1688.0,8848,98,19.28,0.7761,99.0,0,2023,3,0,None,None,Medium,104,0
HEMM-E002,Excavator,2023-03-18,3,1,2,5,86.9,4.78,1.24,36.3,86.2,0.77,23.9,174.7,323.2,1835.0,5498,101,18.18,0.6757,99.0,0,2023,3,5,None,None,Low,179,0
HEMM-D002,Dumper,2022-09-15,2,0,0,6,92.6,4.75,2.39,43.3,82.4,0.91,24.7,184.4,338.1,1711.0,9656,22,19.49,1.3968,95.0,0,2022,9,3,None,None,Medium,131,0
HEMM-B002,Dozer,2021-10-24,0,1,2,7,91.2,2.16,2.26,45.3,78.7,0.84,24.3,115.9,304.0,1857.0,3405,99,42.22,1.217,83.1,1,2021,10,6,Hydraulic Failure,Hydraulics,Critical,1,1
HEMM-G002,Grader,2023-05-25,4,2,0,6,91.3,4.57,1.79,41.8,76.0,0.75,24.3,174.4,353.2,1908.0,1122,17,19.98,0.9382,94.4,0,2023,5,3,None,None,Low,157,0
HEMM-E001,Excavator,2021-04-18,3,1,2,17,78.8,3.94,1.96,32.6,84.8,0.75,24.4,184.1,307.4,1717.0,10851,48,20.0,1.1415,97.2,0,2021,4,6,None,None,Medium,144,0
HEMM-D005,Dumper,2023-04-08,2,1,0,2,80.7,4.29,1.64,44.6,77.3,0.85,24.4,180.8,301.0,1810.0,2146,35,18.81,0.9061,97.1,0,2023,4,5,None,None,Low,143,0
HEMM-E001,Excavator,2023-02-08,3,2,2,3,83.8,4.29,1.82,48.6,85.1,0.99,25.2,165.1,317.3,1903.0,7796,115,19.53,0.9564,99.0,0,2023,2,2,None,None,Low,30,0
HEMM-DR02,Drill Rig,2023-01-23,1,1,1,4,80.1,4.67,1.72,39.0,78.3,0.78,25.3,183.2,340.0,1775.0,2110,15,17.15,0.969,98.5,0,2023,1,0,None,None,Low,110,0
HEMM-L002,Wheel Loader,2022-04-06,6,1,0,19,84.4,4.68,1.84,39.2,77.0,0.77,24.6,185.5,315.8,1883.0,9587,78,18.03,0.9772,98.0,0,2022,4,2,None,None,Medium,69,0
HEMM-D004,Dumper,2022-01-06,2,0,0,16,96.8,4.79,2.31,41.7,77.5,0.85,24.8,180.7,303.6,1694.0,10761,94,20.21,1.3636,91.4,0,2022,1,3,None,None,Medium,39,0
HEMM-D005,Dumper,2021-07-23,2,0,2,3,79.2,4.15,2.34,37.6,89.7,0.97,24.4,164.6,314.4,1731.0,11894,115,19.08,1.3518,97.2,0,2021,7,4,None,None,Medium,159,0
HEMM-D001,Dumper,2023-03-18,2,2,1,18,78.4,4.75,2.23,31.8,80.6,0.96,23.3,201.8,319.7,1910.0,8884,67,16.51,1.1675,98.8,0,2023,3,5,None,None,Medium,32,0
HEMM-SC01,Scraper,2021-09-12,5,1,2,4,89.5,4.68,1.28,34.3,74.9,0.87,24.5,191.6,293.9,1729.0,3160,115,19.12,0.7403,94.9,0,2021,9,6,None,None,Low,75,0
HEMM-D001,Dumper,2023-07-05,2,0,2,4,76.1,4.31,1.84,45.9,80.7,0.81,24.2,150.1,299.7,1783.0,841,21,17.66,1.032,98.5,0,2023,7,2,None,None,Low,133,0
HEMM-E001,Excavator,2021-06-29,3,2,1,9,62.3,3.66,2.74,35.0,84.9,0.97,25.5,191.5,323.4,1820.0,773,15,17.02,1.5055,93.6,0,2021,6,1,None,None,Low,142,0
HEMM-G001,Grader,2021-12-18,4,0,1,1,97.5,3.62,2.04,35.4,89.0,0.94,25.3,213.0,361.6,1799.0,4268,43,26.93,1.134,89.2,0,2021,12,5,None,None,Low,137,0
HEMM-L002,Wheel Loader,2022-08-24,6,2,2,18,99.3,4.68,1.68,33.6,83.2,0.94,24.4,200.9,317.3,1580.0,7489,22,21.22,1.0633,92.8,0,2022,8,2,None,None,Low,137,0
HEMM-B003,Dozer,2023-12-07,0,0,1,20,75.9,4.65,1.67,34.8,86.0,0.81,24.8,199.7,306.2,1980.0,9018,70,16.32,0.8434,100.0,0,2023,12,3,None,None,Medium,147,0
HEMM-D002,Dumper,2022-05-01,2,1,1,7,80.6,4.6,1.86,42.5,87.1,0.79,24.2,165.1,301.4,1725.0,2521,43,17.52,1.0783,100.0,0,2022,5,6,None,None,Low,40,0
HEMM-SC01,Scraper,2022-03-19,5,2,2,12,92.5,5.29,2.01,37.9,84.2,0.99,24.2,168.2,332.6,1738.0,4744,21,17.49,1.1565,96.2,0,2022,3,5,None,None,Low,161,0
HEMM-D003,Dumper,2022-06-07,2,0,1,13,76.6,4.04,2.36,35.5,86.4,0.87,25.0,188.2,320.1,1647.0,10845,120,18.96,1.4329,96.6,0,2022,6,1,None,None,Medium,100,0
HEMM-D003,Dumper,2022-06-05,2,2,2,14,78.8,4.78,1.78,40.7,78.3,0.9,25.1,179.9,308.7,1795.0,11578,23,16.49,0.9916,98.5,0,2022,6,6,None,None,Medium,159,0
HEMM-B001,Dozer,2022-01-30,0,2,2,12,75.5,4.12,1.94,40.3,76.5,0.99,25.4,174.9,317.3,2118.0,9434,89,18.33,0.916,95.9,0,2022,1,6,None,None,Medium,118,0
HEMM-E001,Excavator,2023-05-10,3,1,1,11,84.3,3.75,1.97,33.0,79.1,0.79,23.9,180.6,336.5,1879.0,7304,53,22.48,1.0484,95.1,0,2023,5,2,None,None,Low,75,0
HEMM-E003,Excavator,2021-06-08,3,0,2,4,66.3,4.13,2.15,33.5,86.6,0.88,24.7,172.7,285.1,1837.0,8907,19,16.05,1.1704,97.7,0,2021,6,1,None,None,Medium,119,0
HEMM-D003,Dumper,2022-11-06,2,2,0,3,64.8,4.3,1.53,48.3,82.2,0.92,21.7,176.4,315.0,1804.0,6144,47,15.07,0.8481,99.0,0,2022,11,6,Electrical Fault,Electrical,Critical,3,1
HEMM-D001,Dumper,2021-07-20,2,0,1,8,104.3,4.5,1.91,44.7,80.5,0.58,24.5,202.4,301.1,1763.0,6403,18,23.18,1.0834,89.8,0,2021,7,1,Cooling System Failure,Cooling System,Critical,4,1
HEMM-D004,Dumper,2023-12-20,2,0,0,19,79.5,4.94,1.05,35.3,85.3,0.92,24.4,182.8,298.4,1832.0,4820,75,16.09,0.5731,100.0,0,2023,12,2,None,None,Low,63,0
HEMM-D002,Dumper,2021-12-16,2,0,2,13,90.1,4.12,1.24,34.2,81.2,0.78,25.1,175.4,355.8,1916.0,3160,49,21.87,0.6472,95.2,0,2021,12,3,None,None,Low,160,0
HEMM-SC01,Scraper,2023-04-05,5,0,1,19,88.0,4.42,2.07,34.5,82.2,0.92,25.5,182.9,314.7,1771.0,2290,38,19.91,1.1688,97.9,0,2023,4,2,None,None,Low,45,0
HEMM-D005,Dumper,2021-09-16,2,1,0,13,76.7,4.14,3.98,30.8,88.8,0.86,25.3,171.6,317.3,1974.0,9498,99,18.53,2.0162,92.3,0,2021,9,3,Brake Failure,Brakes,Critical,5,1
HEMM-DR01,Drill Rig,2023-07-27,1,1,0,15,89.0,4.61,2.01,43.1,77.2,0.87,25.3,183.0,275.3,1832.0,5999,107,19.31,1.0972,96.0,0,2023,7,3,None,None,Low,170,0
HEMM-B001,Dozer,2023-05-27,0,2,1,8,96.7,5.45,1.93,32.2,76.2,0.92,23.3,185.7,314.2,1797.0,5200,86,17.74,1.074,91.8,0,2023,5,5,None,None,Low,40,0
HEMM-DR01,Drill Rig,2022-10-03,1,1,1,3,77.1,4.33,2.05,38.2,87.1,0.89,25.3,182.4,311.5,1966.0,1456,98,17.81,1.0427,99.0,0,2022,10,0,None,None,Low,32,0
HEMM-E001,Excavator,2021-04-28,3,1,1,10,93.4,4.77,2.27,33.4,82.8,0.86,24.5,197.6,303.7,1773.0,9279,68,19.58,1.2803,95.0,0,2021,4,2,None,None,Medium,172,0
HEMM-DR01,Drill Rig,2023-11-08,1,2,2,5,75.8,4.15,2.31,47.9,87.5,0.82,23.8,173.6,333.9,1844.0,8058,68,18.27,1.2527,97.3,0,2023,11,2,None,None,Medium,161,0
HEMM-SC01,Scraper,2021-09-13,5,0,2,1,97.5,4.47,1.89,57.8,83.9,0.96,24.8,171.5,327.8,1752.0,10297,29,21.81,1.0788,93.6,0,2021,9,0,Fuel System Failure,Fuel System,Critical,6,1
HEMM-E003,Excavator,2023-12-18,3,2,0,20,85.3,4.6,1.44,45.0,81.8,0.75,25.4,191.4,327.5,1725.0,893,82,18.54,0.8348,99.8,0,2023,12,0,None,None,Low,49,0
HEMM-L002,Wheel Loader,2022-04-06,6,1,1,3,79.3,4.72,2.05,38.0,83.1,0.87,24.9,200.2,338.1,1832.0,6213,112,16.8,1.119,99.8,0,2022,4,2,None,None,Low,99,0
HEMM-D002,Dumper,2023-05-16,2,0,1,13,72.0,4.91,1.56,38.2,78.5,0.76,24.4,176.5,328.5,1687.0,2993,52,14.66,0.9247,98.6,0,2023,5,1,None,None,Low,74,0
HEMM-E003,Excavator,2021-08-30,3,0,0,10,86.9,4.11,1.85,34.9,85.5,0.93,24.3,174.3,324.3,1803.0,8115,42,21.14,1.0261,97.1,0,2021,8,0,None,None,Medium,33,0
HEMM-G002,Grader,2022-03-22,4,0,2,17,61.4,4.29,1.65,39.7,95.1,0.88,24.8,176.7,321.0,1902.0,780,64,14.31,0.8675,99.0,0,2022,3,1,None,None,Low,94,0
HEMM-D002,Dumper,2022-12-30,2,1,0,20,93.1,4.38,2.37,43.1,83.0,0.8,24.8,179.8,286.7,1782.0,7742,47,21.26,1.33,94.2,0,2022,12,4,None,None,Low,140,0
HEMM-D001,Dumper,2022-12-18,2,2,1,6,88.3,4.53,5.66,37.1,86.0,0.82,24.9,185.2,314.5,1973.0,6787,50,19.49,2.8687,87.4,1,2022,12,6,Brake Failure,Brakes,Critical,7,1
HEMM-D003,Dumper,2023-12-20,2,2,0,5,83.6,4.62,5.83,36.7,78.5,0.94,24.7,179.3,328.5,1929.0,6929,20,18.1,3.0223,87.1,1,2023,12,2,Brake Failure,Brakes,Critical,4,1
HEMM-L001,Wheel Loader,2023-03-21,6,0,1,10,71.0,4.28,2.16,39.5,80.3,0.78,24.4,176.9,347.9,1763.0,6171,59,16.59,1.2252,97.7,0,2023,3,1,None,None,Low,121,0
HEMM-B001,Dozer,2021-08-11,0,0,0,15,78.1,4.66,2.39,36.2,80.6,0.85,24.5,178.4,286.3,1694.0,2851,22,16.76,1.4109,98.3,0,2021,8,2,None,None,Low,153,0
HEMM-D001,Dumper,2023-01-06,2,2,0,7,80.8,4.07,5.09,32.7,80.6,0.92,24.5,175.8,339.8,1416.0,2013,29,19.85,3.5946,88.0,1,2023,1,4,Transmission Failure,Transmission,Critical,6,1
HEMM-B003,Dozer,2021-03-06,0,1,0,7,113.3,4.36,1.69,41.7,87.9,0.32,24.7,169.6,309.6,1909.0,8052,90,25.99,0.8853,85.1,1,2021,3,5,Cooling System Failure,Cooling System,Critical,7,1
HEMM-D005,Dumper,2022-10-28,2,0,1,17,90.1,4.5,1.82,36.6,90.2,0.81,24.0,193.5,324.9,1851.0,6570,21,20.02,0.9833,97.4,0,2022,10,4,None,None,Low,42,0
HEMM-D001,Dumper,2021-09-16,2,1,2,12,72.6,5.32,2.15,44.3,83.0,0.93,24.4,182.9,318.6,1647.0,8392,6,13.65,1.3054,99.6,0,2021,9,3,None,None,Medium,107,0
HEMM-B003,Dozer,2023-05-30,0,2,0,1,66.3,4.22,2.18,39.3,81.8,0.9,24.3,190.8,305.6,1713.0,7316,66,15.71,1.2726,98.0,0,2023,5,1,None,None,Low,135,0
HEMM-D003,Dumper,2023-05-29,2,1,2,20,79.0,4.87,2.73,37.3,81.4,0.92,23.6,170.7,319.0,1754.0,2698,98,16.22,1.5564,97.6,0,2023,5,0,None,None,Low,75,0
HEMM-B001,Dozer,2021-08-24,0,0,0,8,81.5,4.72,1.78,41.3,79.1,0.78,25.4,170.7,334.2,1753.0,11117,110,17.27,1.0154,98.8,0,2021,8,1,None,None,Medium,162,0
HEMM-D004,Dumper,2023-10-26,2,2,2,6,76.4,5.05,1.72,35.7,81.8,0.98,23.8,176.8,290.7,1829.0,3291,114,15.13,0.9404,99.9,0,2023,10,3,None,None,Low,173,0
HEMM-D005,Dumper,2022-04-15,2,1,0,5,90.7,4.67,1.92,29.7,76.7,0.96,23.8,172.6,365.6,1982.0,6774,9,19.42,0.9687,95.0,0,2022,4,4,None,None,Low,51,0
HEMM-D005,Dumper,2023-05-24,2,1,1,20,88.7,4.77,2.03,35.4,78.7,0.79,24.4,175.1,269.0,1839.0,3470,16,18.6,1.1039,96.7,0,2023,5,2,None,None,Low,36,0
HEMM-L002,Wheel Loader,2022-09-20,6,2,0,8,92.7,4.13,1.41,40.2,81.7,0.85,23.6,189.0,307.8,2014.0,3833,48,22.45,0.7001,94.2,0,2022,9,1,None,None,Low,136,0
HEMM-L002,Wheel Loader,2023-05-25,6,2,0,2,82.9,4.31,1.62,38.3,82.4,0.83,24.6,172.4,324.3,1633.0,5185,19,19.23,0.992,99.0,0,2023,5,3,None,None,Low,143,0
HEMM-G001,Grader,2023-05-07,4,1,1,11,88.5,4.15,4.2,39.7,81.4,0.98,24.2,179.8,311.9,1976.0,979,28,21.33,2.1255,89.7,0,2023,5,6,Brake Failure,Brakes,Critical,5,1
HEMM-B002,Dozer,2023-08-25,0,0,1,20,90.4,4.79,2.08,37.1,81.0,0.84,24.2,188.2,321.9,1868.0,1850,60,18.87,1.1135,96.7,0,2023,8,4,None,None,Low,142,0
HEMM-L001,Wheel Loader,2023-01-15,6,0,2,10,99.6,4.03,2.42,48.0,81.9,0.78,24.1,175.7,343.2,1752.0,2027,17,24.71,1.3813,89.1,0,2023,1,6,Fuel System Failure,Fuel System,Critical,2,1
HEMM-G001,Grader,2023-01-11,4,2,0,19,85.2,4.9,2.36,39.6,79.4,0.8,24.6,176.4,326.6,1859.0,8864,82,17.39,1.2695,97.8,0,2023,1,2,None,None,Medium,174,0
HEMM-B001,Dozer,2022-03-07,0,2,1,13,130.7,4.67,2.21,51.5,88.9,0.46,24.8,171.2,375.8,1799.0,1629,118,27.99,1.2285,76.5,1,2022,3,0,Engine Overheat,Engine,Critical,1,1
HEMM-E002,Excavator,2022-01-31,3,2,2,15,79.8,4.27,2.07,39.4,88.8,0.8,23.8,181.7,347.5,1772.0,1816,14,18.69,1.1682,98.6,0,2022,1,0,None,None,Low,176,0
HEMM-B002,Dozer,2023-08-30,0,1,1,18,78.3,4.74,1.94,46.5,86.7,0.93,24.4,197.2,326.8,1935.0,2717,10,16.52,1.0026,100.0,0,2023,8,2,None,None,Low,140,0
HEMM-SC01,Scraper,2022-06-02,5,2,2,12,90.0,5.08,2.67,37.1,82.0,0.89,24.4,185.2,318.3,1828.0,6196,62,17.72,1.4606,95.5,0,2022,6,3,None,None,Low,70,0
HEMM-DR01,Drill Rig,2021-05-19,1,0,1,14,75.0,2.64,2.22,41.6,83.4,0.88,24.4,125.9,334.8,1796.0,8781,69,28.41,1.2361,90.0,1,2021,5,2,Hydraulic Failure,Hydraulics,Critical,4,1
HEMM-B002,Dozer,2021-04-04,0,2,2,2,79.2,4.7,2.08,39.4,86.8,0.92,25.2,191.2,308.0,1646.0,11567,29,16.85,1.2637,99.8,0,2021,4,6,None,None,Medium,136,0
HEMM-L001,Wheel Loader,2023-12-27,6,2,2,3,99.9,4.37,2.34,44.1,86.1,0.86,24.6,188.9,328.9,1848.0,2911,61,22.86,1.2662,90.9,0,2023,12,2,None,None,Low,84,0
HEMM-G002,Grader,2023-04-01,4,2,1,9,122.6,4.7,2.27,57.2,84.3,0.43,24.1,173.9,438.6,1890.0,3590,28,26.09,1.2011,80.4,1,2023,4,5,Engine Overheat,Engine,Critical,3,1
HEMM-L002,Wheel Loader,2023-07-22,6,2,1,17,98.1,4.25,2.14,37.0,81.9,0.84,24.8,179.9,283.5,1882.0,4440,43,23.08,1.1371,91.7,0,2023,7,5,None,None,Low,126,0
HEMM-B001,Dozer,2021-09-01,0,1,1,8,83.7,4.24,1.47,32.8,82.8,0.84,25.3,204.1,322.9,1724.0,947,73,19.74,0.8527,98.7,0,2021,9,2,None,None,Low,140,0
HEMM-D005,Dumper,2022-07-23,2,1,1,9,92.5,4.53,1.77,43.0,88.6,0.8,24.5,179.2,337.1,1749.0,1044,87,20.42,1.012,96.2,0,2022,7,5,None,None,Low,35,0
HEMM-E002,Excavator,2023-12-31,3,1,2,1,94.2,5.23,2.43,40.4,71.9,0.8,25.1,184.3,347.3,1841.0,10827,49,18.01,1.3199,90.1,0,2023,12,6,None,None,Medium,64,0
HEMM-G001,Grader,2022-10-27,4,1,1,18,86.1,3.45,2.53,34.4,83.3,0.84,24.4,191.1,301.4,1771.0,4526,97,24.96,1.4286,92.6,0,2022,10,3,None,None,High,58,0
HEMM-B002,Dozer,2022-10-27,0,1,2,1,84.0,5.22,2.14,33.9,80.4,0.75,24.9,178.8,300.8,1738.0,6024,33,16.09,1.2313,98.9,0,2022,10,3,None,None,Low,82,0
HEMM-E001,Excavator,2022-06-09,3,1,2,18,98.7,4.28,2.27,43.5,85.2,0.95,20.9,173.8,357.2,1804.0,10969,116,23.06,1.2583,91.2,0,2022,6,3,Electrical Fault,Electrical,Critical,6,1
HEMM-SC01,Scraper,2022-02-27,5,0,1,8,87.4,4.69,2.09,34.1,76.2,0.92,24.9,176.4,306.5,1708.0,5512,39,18.64,1.2237,96.2,0,2022,2,6,None,None,Low,50,0
HEMM-G002,Grader,2021-11-15,4,0,1,8,96.6,4.05,1.71,34.2,88.5,0.94,25.5,187.7,343.1,1897.0,7309,52,23.85,0.9014,92.0,0,2021,11,0,None,None,Low,160,0
HEMM-D003,Dumper,2023-10-13,2,1,1,15,84.0,4.46,1.89,46.3,84.2,0.89,24.2,189.2,355.5,1869.0,3231,109,18.83,1.0112,99.8,0,2023,10,4,None,None,Low,106,0
HEMM-L001,Wheel Loader,2022-01-05,6,2,1,10,87.0,4.06,1.68,36.9,76.7,0.92,24.3,170.1,312.4,1680.0,544,44,21.43,1.0,94.7,0,2022,1,2,None,None,Low,77,0
HEMM-G002,Grader,2022-01-20,4,1,1,5,79.8,5.11,2.23,34.6,80.8,0.93,24.1,174.8,311.1,1715.0,1380,59,15.62,1.3003,98.8,0,2022,1,3,None,None,Low,122,0
HEMM-G002,Grader,2021-07-25,4,2,1,17,84.7,4.5,1.89,35.3,79.2,0.89,24.6,177.4,313.1,1757.0,2449,98,18.82,1.0757,98.9,0,2021,7,6,None,None,Low,52,0
HEMM-G002,Grader,2023-02-26,4,1,2,4,101.0,4.82,2.16,24.7,78.9,0.93,24.6,180.2,295.1,1771.0,422,102,20.95,1.2196,90.3,0,2023,2,6,None,None,High,98,0
HEMM-D005,Dumper,2022-05-24,2,1,2,9,96.6,4.6,7.15,48.7,52.1,0.79,24.1,198.0,296.1,1869.0,2536,85,21.0,3.8256,66.8,1,2022,5,1,Tyre Burst,Tyres,Critical,0,1
HEMM-SC01,Scraper,2022-11-25,5,2,0,3,93.4,4.83,1.65,34.5,82.1,0.8,24.4,171.9,326.0,1925.0,3514,22,19.34,0.8571,95.8,0,2022,11,4,None,None,Low,97,0
HEMM-DR02,Drill Rig,2021-12-01,1,0,1,11,85.5,4.28,5.11,33.6,60.8,0.77,24.5,188.3,362.0,1814.0,8046,24,19.98,2.817,80.8,1,2021,12,2,Tyre Burst,Tyres,Critical,4,1
HEMM-D001,Dumper,2021-04-02,2,1,2,18,95.9,4.9,2.04,46.6,82.4,0.82,23.5,174.3,316.1,1707.0,5061,18,19.57,1.1951,94.4,0,2021,4,4,None,None,Low,91,0
HEMM-DR01,Drill Rig,2021-10-18,1,1,0,8,81.2,4.25,2.41,41.5,78.8,0.83,24.1,168.2,327.0,1831.0,593,34,19.11,1.3162,96.2,0,2021,10,0,None,None,Low,146,0
HEMM-G001,Grader,2022-08-11,4,1,2,13,79.5,4.82,1.16,35.2,88.0,1.0,24.4,178.2,336.6,1903.0,11451,118,16.49,0.6096,100.0,0,2022,8,3,None,None,Medium,109,0
HEMM-D004,Dumper,2023-10-05,2,1,0,4,89.7,4.77,2.47,38.1,85.2,0.99,24.9,170.9,301.7,1826.0,3878,18,18.81,1.3527,96.2,0,2023,10,3,None,None,Low,55,0
HEMM-B003,Dozer,2021-08-31,0,0,1,3,88.0,2.82,1.76,38.1,77.3,0.79,23.8,148.7,313.8,1731.0,910,82,31.21,1.0168,88.2,1,2021,8,1,Hydraulic Failure,Hydraulics,Critical,5,1
HEMM-DR01,Drill Rig,2021-11-04,1,2,0,10,78.9,4.69,2.05,34.7,78.2,0.87,24.7,184.3,316.1,1872.0,10436,109,16.82,1.0951,98.3,0,2021,11,3,None,None,Medium,168,0
HEMM-D004,Dumper,2022-07-10,2,0,2,12,78.1,4.3,2.07,26.7,84.6,0.94,24.3,180.2,338.0,1892.0,4548,108,18.16,1.0941,98.8,0,2022,7,6,None,None,Low,175,0
HEMM-D001,Dumper,2021-11-01,2,2,0,5,85.6,4.83,1.79,39.2,86.4,0.89,23.9,194.9,295.7,1820.0,5447,23,17.72,0.9835,99.7,0,2021,11,0,None,None,Low,128,0
HEMM-L001,Wheel Loader,2021-05-18,6,1,0,19,94.0,2.5,1.42,34.1,82.7,0.95,25.3,108.5,310.4,1745.0,7203,98,37.6,0.8138,85.5,1,2021,5,1,Hydraulic Failure,Hydraulics,Critical,5,1
HEMM-E001,Excavator,2023-02-28,3,0,0,11,82.5,4.69,1.65,37.3,78.4,0.95,25.1,181.5,295.2,1705.0,8297,59,17.59,0.9677,98.6,0,2023,2,1,None,None,Medium,109,0
HEMM-DR01,Drill Rig,2022-11-14,1,1,2,8,85.2,5.03,1.35,45.5,81.0,0.86,24.9,170.4,311.6,1713.0,6478,58,16.94,0.7881,99.5,0,2022,11,0,None,None,Low,74,0
HEMM-SC01,Scraper,2023-10-06,5,2,1,18,83.2,3.96,2.08,32.1,80.0,0.97,24.6,174.4,307.2,1760.0,3970,54,21.01,1.1818,96.3,0,2023,10,4,None,None,Low,49,0
HEMM-DR01,Drill Rig,2023-12-16,1,2,1,8,101.6,4.69,2.49,36.3,78.1,0.95,24.0,181.7,293.3,1734.0,11719,16,21.66,1.436,88.7,0,2023,12,5,None,None,High,111,0
HEMM-E002,Excavator,2021-02-05,3,0,1,18,103.1,4.46,2.52,59.0,87.5,0.87,23.8,198.6,314.1,1740.0,7964,22,23.12,1.4483,89.2,0,2021,2,4,Fuel System Failure,Fuel System,Critical,5,1
HEMM-D005,Dumper,2022-08-27,2,0,1,5,92.4,5.38,2.05,43.0,82.2,1.0,24.7,172.1,347.9,1724.0,9235,58,17.17,1.1891,96.1,0,2022,8,5,None,None,Medium,132,0
HEMM-E003,Excavator,2021-04-25,3,2,2,5,82.1,3.72,5.9,37.7,83.9,0.81,24.0,194.3,320.0,1637.0,2120,94,22.07,3.6042,84.4,1,2021,4,6,Transmission Failure,Transmission,Critical,0,1
HEMM-G001,Grader,2021-04-21,4,2,1,4,84.6,4.42,1.79,41.0,81.8,0.83,24.4,182.9,321.7,1662.0,11058,79,19.14,1.077,99.5,0,2021,4,2,None,None,Medium,171,0
HEMM-E001,Excavator,2021-03-03,3,1,1,12,82.7,2.22,2.14,39.9,84.5,0.81,24.4,140.5,328.3,1819.0,2514,15,37.25,1.1765,88.2,1,2021,3,2,Hydraulic Failure,Hydraulics,Critical,6,1
HEMM-E001,Excavator,2023-08-21,3,2,0,5,84.2,4.51,2.47,26.7,81.4,1.0,24.6,170.8,329.1,1819.0,8841,94,18.67,1.3579,98.4,0,2023,8,0,None,None,Medium,170,0
HEMM-B003,Dozer,2023-06-29,0,2,1,1,92.5,3.69,2.02,46.0,83.7,0.84,24.7,120.1,315.3,1911.0,4898,19,25.07,1.057,92.1,0,2023,6,3,Hydraulic Failure,Hydraulics,Critical,0,1
HEMM-L002,Wheel Loader,2021-11-25,6,1,0,13,85.6,4.92,2.44,32.5,81.5,0.83,25.1,169.5,306.1,1858.0,7140,92,17.4,1.3132,98.2,0,2021,11,3,None,None,Low,81,0
HEMM-B001,Dozer,2023-10-25,0,0,0,8,72.8,4.0,1.98,34.5,83.4,0.83,25.3,179.5,318.7,1729.0,7141,25,18.2,1.1452,97.5,0,2023,10,2,None,None,Low,43,0
HEMM-L002,Wheel Loader,2023-02-13,6,1,1,7,92.3,4.16,2.61,22.5,81.5,0.75,25.2,162.5,351.2,1844.0,6760,84,22.19,1.4154,92.6,0,2023,2,0,None,None,Low,156,0
HEMM-E001,Excavator,2021-06-08,3,2,2,15,72.9,5.16,2.21,44.8,85.5,0.84,24.5,185.1,293.3,1700.0,8021,45,14.13,1.3,99.4,0,2021,6,1,None,None,Medium,105,0
HEMM-G002,Grader,2021-12-04,4,1,1,12,101.3,4.29,2.13,40.1,82.9,0.83,24.9,189.9,328.9,1620.0,10794,59,23.61,1.3148,90.4,0,2021,12,5,None,None,High,65,0
HEMM-D004,Dumper,2021-06-09,2,0,1,20,95.4,4.47,2.11,39.3,81.8,0.85,25.2,179.6,345.6,1805.0,5696,8,21.34,1.169,94.2,0,2021,6,2,None,None,Low,36,0
HEMM-SC01,Scraper,2021-08-07,5,1,0,7,71.8,4.65,2.14,41.3,78.3,0.93,24.4,167.4,314.2,1807.0,9983,6,15.44,1.1843,98.1,0,2021,8,5,None,None,Medium,170,0
HEMM-E002,Excavator,2021-03-08,3,1,2,9,119.2,4.54,2.28,37.5,82.4,0.6,24.0,179.1,423.6,1798.0,1593,77,26.26,1.2681,82.1,1,2021,3,0,Engine Overheat,Engine,Critical,7,1
HEMM-D002,Dumper,2022-10-07,2,1,0,10,86.9,4.91,2.25,40.8,78.7,0.9,24.7,174.4,317.9,1686.0,338,50,17.7,1.3345,97.0,0,2022,10,4,None,None,Low,157,0
HEMM-L002,Wheel Loader,2022-02-04,6,0,2,13,99.4,4.68,2.07,47.9,72.7,0.97,24.1,168.1,303.2,1724.0,6030,21,21.24,1.2007,88.9,0,2022,2,4,None,None,Low,139,0
HEMM-B003,Dozer,2023-04-15,0,2,1,17,119.6,4.85,2.18,27.8,83.8,0.61,24.8,176.9,328.4,1787.0,1854,69,24.66,1.2199,82.2,1,2023,4,5,Cooling System Failure,Cooling System,Critical,6,1
HEMM-D002,Dumper,2022-08-18,2,1,1,5,74.2,4.01,1.87,45.8,84.9,0.89,24.9,175.7,329.4,1849.0,11380,64,18.5,1.0114,97.6,0,2022,8,3,None,None,Medium,91,0
HEMM-D003,Dumper,2022-04-20,2,1,2,5,79.7,4.98,2.0,39.6,86.0,0.98,25.0,180.0,285.2,1764.0,11972,25,16.0,1.1338,100.0,0,2022,4,2,None,None,Medium,148,0
HEMM-L002,Wheel Loader,2022-12-01,6,0,0,5,83.6,5.11,2.05,38.4,78.6,0.89,25.0,178.9,337.2,1763.0,5754,42,16.36,1.1628,98.5,0,2022,12,3,None,None,Low,71,0
HEMM-DR01,Drill Rig,2021-03-23,1,2,2,13,100.7,4.53,1.75,34.4,80.4,0.94,24.2,173.1,332.3,1641.0,4117,31,22.23,1.0664,91.5,0,2021,3,1,None,None,High,117,0
HEMM-D005,Dumper,2023-10-16,2,1,0,1,76.0,4.14,1.77,32.6,84.4,0.99,24.8,178.1,345.2,1763.0,2536,103,18.36,1.004,98.2,0,2023,10,0,None,None,Low,86,0
HEMM-D003,Dumper,2023-10-19,2,1,0,15,106.5,4.61,1.83,50.7,85.2,0.79,25.5,166.1,334.6,1886.0,5339,26,23.1,0.9703,89.2,0,2023,10,3,Fuel System Failure,Fuel System,Critical,4,1
HEMM-G001,Grader,2021-07-02,4,1,0,6,90.4,4.63,2.51,38.2,74.7,0.81,23.6,184.5,343.4,1799.0,11843,103,19.52,1.3952,92.8,0,2021,7,4,None,None,Medium,129,0
HEMM-L001,Wheel Loader,2022-06-09,6,0,0,5,78.7,3.21,5.77,36.4,81.1,0.99,24.3,162.8,326.0,1588.0,2231,77,24.52,3.6335,81.9,1,2022,6,3,Transmission Failure,Transmission,Critical,4,1
HEMM-DR01,Drill Rig,2021-09-22,1,0,2,12,85.3,4.2,2.45,32.9,78.3,0.92,25.1,188.8,301.3,1879.0,8596,113,20.31,1.3039,95.5,0,2021,9,2,None,None,Medium,74,0
HEMM-G001,Grader,2021-06-20,4,2,0,14,79.1,4.3,1.55,42.5,82.5,0.76,25.0,170.8,297.2,1878.0,8489,62,18.4,0.8253,99.0,0,2021,6,6,None,None,Medium,168,0
HEMM-D002,Dumper,2021-04-27,2,2,2,8,80.9,4.52,2.17,37.6,78.3,0.89,19.9,176.8,321.3,1821.0,11664,110,17.9,1.1917,98.0,0,2021,4,1,Electrical Fault,Electrical,Critical,1,1
HEMM-G002,Grader,2021-11-21,4,2,0,13,74.6,5.2,1.51,42.8,80.1,0.93,25.1,171.7,312.8,1611.0,1395,33,14.35,0.9373,99.2,0,2021,11,6,None,None,Low,148,0
HEMM-D003,Dumper,2022-12-16,2,0,0,15,70.7,4.99,7.16,47.3,55.9,0.92,24.8,195.1,319.1,1700.0,10726,73,14.17,4.2118,74.1,1,2022,12,4,Tyre Burst,Tyres,Critical,2,1
HEMM-G002,Grader,2023-06-07,4,1,0,13,84.9,4.53,2.61,36.9,75.5,0.89,24.5,199.4,342.1,1749.0,5585,13,18.74,1.4923,95.6,0,2023,6,2,None,None,Low,165,0
HEMM-L001,Wheel Loader,2022-03-12,6,2,0,16,117.1,4.28,2.07,42.5,83.9,0.45,25.3,194.6,330.8,1826.0,2073,40,27.36,1.1336,82.6,1,2022,3,5,Cooling System Failure,Cooling System,Critical,2,1
HEMM-D005,Dumper,2022-03-14,2,0,0,19,82.6,3.57,6.66,47.5,79.8,0.77,24.8,178.7,325.7,1548.0,713,81,23.14,4.3023,80.5,1,2022,3,0,Transmission Failure,Transmission,Critical,5,1
HEMM-L001,Wheel Loader,2022-03-14,6,1,2,7,83.2,3.87,2.14,31.6,92.8,0.78,23.4,173.6,320.5,1767.0,575,102,21.5,1.2111,96.4,0,2022,3,0,None,None,Low,117,0
HEMM-B001,Dozer,2021-12-27,0,1,0,5,91.5,3.66,5.95,36.2,76.9,0.79,23.8,208.2,286.9,1528.0,1334,40,25.0,3.894,78.7,1,2021,12,0,Transmission Failure,Transmission,Critical,7,1
HEMM-L002,Wheel Loader,2022-03-15,6,2,1,9,104.1,4.42,2.83,49.4,82.8,0.84,23.6,168.7,304.0,1974.0,3215,111,23.55,1.4336,87.6,0,2022,3,1,Fuel System Failure,Fuel System,Critical,6,1
HEMM-B002,Dozer,2021-12-03,0,1,0,12,77.1,4.41,1.67,43.9,82.4,0.76,24.1,171.5,344.7,1754.0,7066,66,17.48,0.9521,99.6,0,2021,12,4,None,None,Low,135,0
HEMM-E001,Excavator,2023-06-14,3,0,1,19,84.3,4.52,1.95,38.6,80.4,0.83,24.9,184.4,297.9,1666.0,6575,110,18.65,1.1705,99.4,0,2023,6,2,None,None,Low,139,0
HEMM-E002,Excavator,2021-06-09,3,2,0,19,92.1,4.56,1.75,29.8,81.5,0.79,24.7,182.0,318.3,1789.0,10300,23,20.2,0.9782,96.2,0,2021,6,2,None,None,Medium,154,0
HEMM-B003,Dozer,2021-01-30,0,1,0,15,110.9,5.16,2.34,31.9,81.7,0.94,19.5,176.0,363.3,1675.0,2616,68,21.49,1.397,85.9,1,2021,1,5,Electrical Fault,Electrical,Critical,6,1
HEMM-L002,Wheel Loader,2021-01-08,6,0,2,5,80.0,4.64,2.45,42.7,77.8,1.0,24.5,174.7,302.1,1885.0,10592,62,17.24,1.2997,97.0,0,2021,1,4,None,None,Medium,100,0
HEMM-D004,Dumper,2021-03-16,2,1,2,7,86.8,4.78,1.75,37.6,80.5,0.78,23.9,178.0,295.3,1758.0,7084,94,18.16,0.9954,98.5,0,2021,3,1,None,None,Low,88,0
HEMM-G002,Grader,2022-03-19,4,0,2,7,68.4,4.72,2.07,38.1,86.7,0.94,24.8,175.1,324.2,1865.0,3331,91,14.49,1.1099,99.8,0,2022,3,5,None,None,Low,90,0
HEMM-G001,Grader,2023-01-16,4,1,1,10,91.4,4.69,1.75,35.5,79.5,0.82,24.0,190.6,295.3,1788.0,5229,69,19.49,0.9787,95.8,0,2023,1,0,None,None,Low,105,0
HEMM-DR02,Drill Rig,2023-04-28,1,0,2,12,87.6,3.82,2.42,29.0,80.6,0.84,24.5,203.6,335.2,1576.0,5970,111,22.93,1.5355,93.5,0,2023,4,4,None,None,Low,144,0
HEMM-B003,Dozer,2021-08-21,0,1,1,15,69.7,4.7,2.35,42.3,79.5,0.77,24.5,185.6,330.1,1891.0,7218,52,14.83,1.2427,98.0,0,2021,8,5,None,None,Low,130,0
HEMM-E001,Excavator,2023-06-12,3,0,2,10,88.8,4.21,1.08,43.3,78.2,0.98,24.8,178.7,374.4,2003.0,11006,93,21.09,0.5392,95.1,0,2023,6,0,None,None,Medium,141,0
HEMM-B002,Dozer,2021-07-23,0,1,1,4,79.2,3.92,2.27,38.4,76.5,0.75,25.1,179.9,327.7,1808.0,1668,88,20.2,1.2555,94.1,0,2021,7,4,None,None,Low,172,0
HEMM-DR01,Drill Rig,2021-08-01,1,0,2,20,90.6,4.1,2.47,39.3,89.6,0.92,24.3,184.2,309.1,1814.0,9124,17,22.1,1.3616,93.8,0,2021,8,6,None,None,Medium,69,0
HEMM-D002,Dumper,2022-08-17,2,0,0,7,79.7,5.34,1.59,38.7,84.4,0.76,24.8,173.5,316.5,1867.0,3851,104,14.93,0.8516,100.0,0,2022,8,2,None,None,Low,39,0
HEMM-D004,Dumper,2022-02-05,2,0,0,4,85.35,4.08,2.35,42.7,85.9,0.86,24.2,198.5,311.7,1595.0,5944,106,20.92,1.4734,96.7,0,2022,2,5,None,None,Low,87,0
HEMM-G002,Grader,2021-01-16,4,0,0,8,73.8,3.83,2.57,41.0,80.0,0.88,25.4,196.6,328.8,1846.0,8515,41,19.27,1.3922,94.1,0,2021,1,5,None,None,Medium,66,0
HEMM-B001,Dozer,2022-09-22,0,0,0,8,93.3,2.88,1.21,42.3,80.5,0.76,25.3,117.9,331.8,1790.0,268,120,32.4,0.676,87.2,1,2022,9,3,Hydraulic Failure,Hydraulics,Critical,0,1
HEMM-G001,Grader,2023-11-29,4,2,1,20,68.6,4.67,2.28,36.5,73.1,0.76,23.9,190.0,312.2,1724.0,5401,47,14.69,1.3225,95.6,0,2023,11,2,None,None,Low,63,0
HEMM-DR01,Drill Rig,2022-05-11,1,2,2,13,90.7,3.05,2.84,40.8,78.9,0.84,24.2,169.7,353.4,1847.0,3356,83,29.74,1.5376,86.1,0,2022,5,2,None,None,High,132,0
HEMM-D002,Dumper,2023-05-29,2,1,0,13,82.6,4.88,2.2,41.6,79.5,0.91,24.8,181.4,327.7,1978.0,3046,56,16.93,1.1122,98.4,0,2023,5,0,None,None,Low,52,0
HEMM-DR01,Drill Rig,2022-04-19,1,1,2,5,85.8,5.07,2.33,35.3,88.8,0.97,24.4,179.2,346.8,1909.0,8461,20,16.92,1.2205,98.6,0,2022,4,1,None,None,Medium,154,0
HEMM-G002,Grader,2022-06-17,4,2,1,6,118.2,4.4,2.48,52.7,83.1,0.5,24.5,174.6,356.4,1880.0,5482,31,26.86,1.3191,81.5,1,2022,6,4,Engine Overheat,Engine,Critical,6,1
HEMM-D005,Dumper,2021-02-26,2,2,0,18,120.8,4.35,1.84,28.6,85.4,0.37,24.2,187.2,319.5,1808.0,1490,78,27.77,1.0177,81.4,1,2021,2,4,Cooling System Failure,Cooling System,Critical,2,1
HEMM-G001,Grader,2022-01-18,4,1,2,8,84.9,4.02,1.29,42.2,83.9,0.93,24.8,183.6,353.4,1712.0,5064,29,21.12,0.7535,97.6,0,2022,1,1,None,None,Low,107,0
HEMM-G002,Grader,2022-06-18,4,2,1,2,81.1,4.49,1.89,40.0,87.6,0.76,24.3,184.2,299.1,1819.0,4705,15,18.06,1.039,100.0,0,2022,6,5,None,None,Low,164,0
HEMM-D004,Dumper,2021-08-16,2,0,1,20,86.9,4.22,2.28,36.0,81.7,0.77,23.4,189.3,296.5,1712.0,2210,18,20.59,1.3318,96.7,0,2021,8,0,None,None,Low,174,0
HEMM-E001,Excavator,2021-07-10,3,1,1,16,91.5,4.5,2.2,43.2,89.5,0.87,24.7,189.9,331.8,1862.0,6121,112,20.33,1.1815,96.2,0,2021,7,5,None,None,Low,114,0
HEMM-L001,Wheel Loader,2021-02-14,6,0,1,3,76.0,4.46,2.7,42.1,86.8,0.96,24.3,184.8,325.7,1739.0,8171,85,17.04,1.5526,97.7,0,2021,2,6,None,None,Medium,146,0
HEMM-DR01,Drill Rig,2023-02-08,1,0,0,15,122.4,3.86,1.76,44.3,84.5,0.53,24.4,168.5,408.2,1635.0,2839,28,31.71,1.0765,78.1,1,2023,2,2,Engine Overheat,Engine,Critical,2,1
HEMM-D004,Dumper,2022-12-04,2,0,2,16,93.7,4.55,7.25,43.0,35.7,0.86,24.6,181.8,324.8,1828.0,10259,81,20.59,3.9661,61.4,1,2022,12,6,Tyre Burst,Tyres,Critical,4,1
HEMM-E002,Excavator,2021-03-02,3,2,1,1,77.3,4.0,1.41,38.0,89.2,0.89,25.0,187.3,306.0,1755.0,8686,70,19.32,0.8034,97.5,0,2021,3,1,None,None,Medium,152,0
HEMM-G001,Grader,2021-08-24,4,1,1,1,85.35,4.54,1.75,38.5,72.8,0.88,21.2,163.4,308.1,1852.0,5566,22,18.8,0.9449,96.1,0,2021,8,1,Electrical Fault,Electrical,Critical,2,1
HEMM-B001,Dozer,2023-09-14,0,1,2,3,86.8,4.65,1.8,39.9,83.9,0.96,24.4,162.4,323.1,1799.0,5910,95,18.67,1.0006,99.1,0,2023,9,3,None,None,Low,44,0
HEMM-DR02,Drill Rig,2023-10-13,1,0,0,17,76.7,3.51,5.17,31.3,81.6,0.8,24.6,185.9,315.8,1543.0,6752,29,21.85,3.3506,85.4,1,2023,10,4,Transmission Failure,Transmission,Critical,4,1
HEMM-D004,Dumper,2022-10-01,2,1,0,7,85.5,3.95,2.04,34.4,76.2,0.91,23.5,168.5,289.2,1839.0,8192,60,21.65,1.1093,94.6,0,2022,10,5,None,None,Medium,62,0
HEMM-B001,Dozer,2022-10-15,0,2,0,4,85.7,4.43,2.5,32.4,82.3,0.96,25.7,186.2,326.6,1709.0,10149,54,19.35,1.4628,97.8,0,2022,10,5,None,None,Medium,66,0
HEMM-G001,Grader,2023-02-05,4,2,1,3,74.6,4.34,1.64,35.4,81.1,0.79,24.3,188.6,326.7,1714.0,7563,26,17.19,0.9568,98.8,0,2023,2,6,None,None,Low,128,0
HEMM-B001,Dozer,2023-04-20,0,0,0,20,81.7,4.35,1.58,39.3,86.4,0.86,24.8,188.4,322.5,1661.0,10769,72,18.78,0.9512,99.2,0,2023,4,3,None,None,Medium,130,0
HEMM-D004,Dumper,2022-01-04,2,0,1,14,106.5,5.23,1.62,56.8,77.1,0.91,23.7,167.4,327.8,1975.0,3246,50,20.36,0.8203,87.3,0,2022,1,1,Fuel System Failure,Fuel System,Critical,5,1
HEMM-D005,Dumper,2022-10-06,2,1,1,1,94.3,4.96,2.27,32.4,83.3,0.85,24.8,193.4,304.5,1865.0,5419,93,19.01,1.2172,94.5,0,2022,10,3,None,None,Low,76,0
HEMM-E002,Excavator,2023-08-12,3,2,1,11,96.7,4.81,2.29,44.7,85.6,0.77,24.0,178.2,360.6,1623.0,4011,76,20.1,1.411,93.3,0,2023,8,5,None,None,Low,112,0
HEMM-E002,Excavator,2023-12-16,3,1,2,4,88.6,4.0,2.38,37.0,84.2,0.75,25.2,178.5,340.4,1799.0,9390,40,22.15,1.323,94.6,0,2023,12,5,None,None,Medium,64,0
HEMM-D003,Dumper,2023-05-14,2,2,0,14,91.1,4.45,2.21,42.3,83.0,0.96,23.6,178.5,319.3,1687.0,5406,109,20.47,1.31,96.1,0,2023,5,6,None,None,Low,148,0
HEMM-D002,Dumper,2023-10-09,2,0,1,2,97.1,4.19,2.17,56.5,81.4,0.94,25.1,182.7,293.2,1779.0,4696,58,23.17,1.2198,91.6,0,2023,10,0,Fuel System Failure,Fuel System,Critical,2,1
HEMM-G002,Grader,2022-04-30,4,2,2,1,80.2,4.43,1.89,36.4,85.0,0.8,24.0,191.6,344.1,1716.0,4870,7,18.1,1.1014,99.6,0,2022,4,5,None,None,Low,101,0
HEMM-D001,Dumper,2023-08-04,2,0,2,5,86.1,4.87,1.32,39.4,83.0,0.79,25.1,178.4,291.2,1808.0,6799,9,17.68,0.7301,99.4,0,2023,8,4,None,None,Low,178,0
HEMM-D002,Dumper,2022-11-22,2,2,1,1,101.9,4.81,1.89,45.6,78.2,0.9,24.5,178.3,305.7,1854.0,1337,65,21.19,1.0194,90.0,0,2022,11,1,None,None,High,31,0
HEMM-DR01,Drill Rig,2022-09-09,1,0,1,11,83.8,4.81,1.77,35.7,87.6,0.82,24.4,204.9,326.1,1665.0,5865,56,17.42,1.0631,100.0,0,2022,9,4,None,None,Low,119,0
HEMM-B003,Dozer,2023-10-09,0,2,2,2,83.3,4.93,2.53,33.6,81.3,0.98,23.2,182.1,294.3,1837.0,6644,43,16.9,1.3772,98.1,0,2023,10,0,None,None,Low,155,0
HEMM-L001,Wheel Loader,2021-09-06,6,0,1,20,75.8,2.7,2.44,28.4,81.2,0.95,24.9,133.0,307.9,1603.0,1883,8,28.07,1.5221,89.4,1,2021,9,0,Hydraulic Failure,Hydraulics,Critical,0,1
HEMM-D004,Dumper,2022-10-24,2,2,1,14,74.9,4.14,2.58,35.7,86.4,0.84,24.5,195.2,324.4,1894.0,3908,26,18.09,1.3622,96.5,0,2022,10,0,None,None,Low,46,0
HEMM-G001,Grader,2021-01-11,4,2,1,2,84.6,4.48,5.76,44.2,38.3,0.86,24.7,183.6,357.7,1752.0,4454,118,18.88,3.2877,71.1,1,2021,1,0,Tyre Burst,Tyres,Critical,4,1
HEMM-B001,Dozer,2022-11-06,0,2,2,20,111.2,3.25,2.09,43.8,80.8,0.41,24.4,174.8,302.2,1866.0,6418,39,34.22,1.12,79.9,1,2022,11,6,Cooling System Failure,Cooling System,Critical,2,1
HEMM-D004,Dumper,2021-09-16,2,0,0,5,80.1,4.34,1.31,41.5,83.9,0.85,25.5,183.9,295.8,1836.0,9770,118,18.46,0.7135,99.2,0,2021,9,3,None,None,Medium,51,0
HEMM-D004,Dumper,2023-12-05,2,2,2,8,94.4,3.53,2.1,39.3,81.9,0.94,23.8,157.1,362.8,1800.0,9668,66,26.74,1.1667,90.1,0,2023,12,1,None,None,Medium,143,0
HEMM-B001,Dozer,2022-10-22,0,2,0,16,76.1,4.99,2.42,36.7,82.8,0.79,24.5,177.8,288.0,1865.0,3900,16,15.25,1.2976,98.7,0,2022,10,5,None,None,Low,54,0
HEMM-D003,Dumper,2022-12-24,2,2,2,8,91.7,3.35,1.95,38.0,72.1,0.88,25.1,190.1,294.7,1621.0,11004,87,27.37,1.203,86.9,0,2022,12,5,None,None,High,76,0
HEMM-D003,Dumper,2021-06-03,2,0,2,2,85.4,4.16,1.74,36.7,88.7,0.87,25.3,169.9,291.1,1726.0,3681,6,20.53,1.0081,98.1,0,2021,6,3,None,None,Low,50,0
HEMM-G002,Grader,2022-01-20,4,0,2,4,70.6,4.11,1.47,29.5,81.8,0.76,24.4,186.1,344.6,1772.0,5777,31,17.18,0.8296,98.0,0,2022,1,3,None,None,Low,31,0
HEMM-L002,Wheel Loader,2022-10-04,6,0,2,15,88.2,3.53,6.21,30.5,82.9,0.82,24.1,180.4,313.1,1853.0,10936,24,24.99,3.3513,80.9,1,2022,10,1,Brake Failure,Brakes,Critical,2,1
HEMM-G001,Grader,2023-03-01,4,0,0,20,85.35,4.51,1.59,34.4,82.0,0.9,24.8,187.5,327.9,1768.0,8612,30,18.92,0.8993,99.8,0,2023,3,2,None,None,Medium,173,0
HEMM-B001,Dozer,2023-05-17,0,1,1,10,85.5,4.46,7.15,38.2,38.4,0.96,24.9,175.1,320.6,1743.0,9657,87,19.17,4.1021,66.7,1,2023,5,2,Tyre Burst,Tyres,Critical,1,1
HEMM-E003,Excavator,2021-02-03,3,0,0,6,99.4,4.96,1.79,25.4,81.8,0.98,22.9,190.0,296.4,1885.0,4570,8,20.04,0.9496,92.7,0,2021,2,2,None,None,Low,82,0
HEMM-DR02,Drill Rig,2022-12-22,1,0,0,4,86.1,3.96,2.22,35.9,85.5,0.99,24.8,172.4,288.4,1922.0,9216,15,21.74,1.155,96.1,0,2022,12,3,None,None,Medium,96,0
HEMM-D005,Dumper,2023-03-24,2,2,1,14,89.1,5.09,2.15,40.2,85.1,0.76,23.8,174.2,321.0,1726.0,8521,47,17.5,1.2457,97.5,0,2023,3,4,None,None,Medium,112,0
HEMM-G001,Grader,2021-07-20,4,1,0,13,81.7,4.15,2.74,45.1,78.2,0.9,24.6,188.5,316.2,1814.0,7123,29,19.69,1.5105,94.5,0,2021,7,1,None,None,Low,165,0
HEMM-E001,Excavator,2022-07-20,3,2,0,20,86.7,4.78,3.17,44.0,88.1,0.93,24.4,173.4,287.7,1998.0,8287,71,18.14,1.5866,95.6,0,2022,7,2,Brake Failure,Brakes,Critical,0,1
HEMM-D004,Dumper,2022-03-26,2,1,0,2,90.2,4.49,1.77,39.5,82.0,0.98,23.9,186.9,309.2,1688.0,784,78,20.09,1.0486,97.4,0,2022,3,5,None,None,Low,128,0
HEMM-SC01,Scraper,2021-07-26,5,0,2,8,77.7,4.25,2.12,39.6,79.9,0.82,24.9,182.2,298.9,1732.0,10361,94,18.28,1.224,97.6,0,2021,7,0,None,None,Medium,160,0
HEMM-G002,Grader,2021-07-27,4,1,1,9,88.5,4.24,1.34,32.7,80.0,0.83,24.3,176.4,315.8,1754.0,8312,31,20.87,0.764,96.2,0,2021,7,1,None,None,Medium,157,0
HEMM-G001,Grader,2022-08-13,4,2,1,20,82.9,4.01,1.46,46.0,84.2,0.77,19.0,181.1,328.1,1776.0,4918,98,20.67,0.8221,97.6,0,2022,8,5,Electrical Fault,Electrical,Critical,7,1
HEMM-E003,Excavator,2021-12-15,3,0,0,3,82.1,4.26,1.73,39.6,92.5,0.82,24.9,177.3,315.9,1950.0,2930,28,19.27,0.8872,98.8,0,2021,12,2,None,None,Low,161,0
HEMM-D005,Dumper,2021-01-27,2,2,1,16,77.4,3.36,6.52,41.1,58.5,0.9,24.0,182.8,315.5,1899.0,7211,47,23.04,3.4334,71.3,1,2021,1,2,Tyre Burst,Tyres,Critical,4,1
HEMM-E001,Excavator,2021-01-20,3,2,1,12,71.5,4.65,1.44,33.0,83.2,0.79,25.0,187.3,317.3,1729.0,7963,79,15.38,0.8329,100.0,0,2021,1,2,None,None,Low,134,0
HEMM-E003,Excavator,2023-08-26,3,1,2,2,81.2,4.97,1.96,32.1,76.9,0.97,25.2,176.4,350.2,1843.0,484,77,16.34,1.0635,98.0,0,2023,8,5,None,None,Low,80,0
HEMM-E003,Excavator,2023-12-12,3,2,1,6,113.5,4.66,2.28,40.5,81.0,0.57,24.4,186.3,345.1,1932.0,2601,104,24.36,1.1801,84.5,1,2023,12,1,Cooling System Failure,Cooling System,Critical,5,1
HEMM-L001,Wheel Loader,2022-12-20,6,2,0,9,90.4,4.34,1.67,41.6,80.9,0.94,24.5,183.7,304.7,1685.0,11069,67,20.83,0.9911,96.1,0,2022,12,1,None,None,Medium,116,0
HEMM-D001,Dumper,2022-12-24,2,0,2,11,78.8,4.37,1.81,38.0,80.3,0.92,24.2,160.8,321.9,1697.0,8684,104,18.03,1.0666,98.7,0,2022,12,5,None,None,Medium,134,0
HEMM-L001,Wheel Loader,2021-08-19,6,0,1,17,86.4,4.63,2.51,39.9,81.0,0.76,24.8,172.4,299.5,1902.0,10682,7,18.66,1.3197,97.4,0,2021,8,3,None,None,Medium,79,0
HEMM-E003,Excavator,2021-10-18,3,0,2,16,76.5,4.15,1.87,41.3,87.1,0.95,24.9,187.5,325.9,1735.0,706,36,18.43,1.0778,98.2,0,2021,10,0,None,None,Low,45,0
HEMM-DR01,Drill Rig,2023-01-07,1,1,2,3,111.1,5.13,2.19,29.4,79.6,0.55,25.4,164.4,297.3,1774.0,3375,53,21.66,1.2345,85.4,1,2023,1,5,Cooling System Failure,Cooling System,Critical,4,1
HEMM-L002,Wheel Loader,2021-12-25,6,0,2,12,80.1,4.24,1.51,42.8,83.7,0.95,24.5,176.6,278.9,1712.0,5626,55,18.89,0.882,98.7,0,2021,12,5,None,None,Low,33,0
HEMM-B001,Dozer,2022-09-26,0,1,2,2,73.6,4.57,1.74,38.6,80.5,0.78,24.5,202.8,352.7,1894.0,9694,71,16.11,0.9187,99.4,0,2022,9,0,None,None,Medium,55,0
HEMM-D004,Dumper,2023-06-07,2,0,1,19,80.5,5.33,2.76,38.0,89.8,0.83,25.2,171.9,318.5,1938.0,5885,41,15.1,1.4241,97.7,0,2023,6,2,None,None,Low,76,0
HEMM-L001,Wheel Loader,2021-10-29,6,0,2,5,77.0,4.4,2.35,44.1,92.3,0.9,24.3,184.6,316.9,1591.0,8771,42,17.5,1.4771,98.4,0,2021,10,4,None,None,Medium,86,0
HEMM-E001,Excavator,2022-09-14,3,0,0,10,88.4,4.51,4.17,39.1,83.7,0.96,25.0,182.2,306.2,1876.0,1258,107,19.6,2.2228,91.8,0,2022,9,2,Brake Failure,Brakes,Critical,0,1
HEMM-B002,Dozer,2021-09-10,0,1,0,16,82.9,4.76,1.49,34.1,79.6,0.86,23.8,186.3,337.5,1647.0,5210,5,17.42,0.9047,99.0,0,2021,9,4,None,None,Low,92,0
HEMM-D001,Dumper,2021-04-13,2,0,0,5,93.7,4.77,1.45,34.0,87.5,0.86,24.4,176.5,299.1,1863.0,5937,117,19.64,0.7783,95.6,0,2021,4,1,None,None,Low,106,0
HEMM-L002,Wheel Loader,2021-11-14,6,1,1,9,87.1,3.86,1.99,35.1,79.4,0.93,25.3,192.3,297.1,1948.0,2537,98,22.56,1.0216,94.7,0,2021,11,6,None,None,Low,152,0
HEMM-D003,Dumper,2022-08-19,2,1,1,2,88.2,4.71,2.03,42.6,85.7,0.91,24.5,196.4,324.8,1846.0,7952,50,18.73,1.0997,98.3,0,2022,8,4,None,None,Low,112,0
HEMM-G002,Grader,2023-05-16,4,0,2,4,82.4,4.27,1.75,43.0,80.1,0.84,24.3,195.7,331.0,1761.0,4480,43,19.3,0.9938,98.1,0,2023,5,1,None,None,Low,31,0
HEMM-DR01,Drill Rig,2022-10-23,1,2,1,5,98.4,4.06,2.18,35.8,80.3,0.81,23.9,181.8,323.4,1654.0,11395,103,24.24,1.318,89.9,0,2022,10,6,None,None,Medium,157,0
HEMM-DR01,Drill Rig,2022-02-13,1,0,2,10,77.2,4.3,2.33,42.6,79.3,0.98,24.8,193.4,323.2,1638.0,1602,43,17.95,1.4225,96.9,0,2022,2,6,None,None,Low,156,0
HEMM-DR02,Drill Rig,2022-01-11,1,0,2,14,81.4,4.99,1.84,43.5,79.9,0.86,25.0,173.4,323.5,1810.0,1773,22,16.31,1.0166,99.2,0,2022,1,1,None,None,Low,60,0
HEMM-B003,Dozer,2023-10-29,0,2,0,12,89.9,5.13,2.33,41.8,82.7,0.91,24.6,189.8,327.7,1598.0,7873,50,17.52,1.4581,96.6,0,2023,10,6,None,None,Low,98,0
HEMM-DR01,Drill Rig,2023-08-03,1,1,0,18,77.5,3.82,2.14,44.1,78.2,0.83,18.8,182.7,316.3,1676.0,632,103,20.29,1.2768,94.7,0,2023,8,3,Electrical Fault,Electrical,Critical,2,1
HEMM-E003,Excavator,2023-11-15,3,0,2,5,90.1,4.26,2.17,40.4,85.6,0.9,23.9,173.9,332.6,1825.0,10372,74,21.15,1.189,95.7,0,2023,11,2,None,None,Medium,44,0
HEMM-D002,Dumper,2023-03-16,2,1,0,13,81.1,4.82,1.87,38.6,88.1,0.84,24.9,182.0,290.5,1750.0,11178,5,16.83,1.0686,100.0,0,2023,3,3,None,None,Medium,121,0
HEMM-L002,Wheel Loader,2023-08-01,6,1,2,3,92.5,4.44,2.19,34.4,83.6,1.0,20.9,204.8,336.5,1776.0,1096,39,20.83,1.2331,95.4,0,2023,8,1,Electrical Fault,Electrical,Critical,1,1
HEMM-L001,Wheel Loader,2022-11-10,6,1,2,4,67.4,4.63,1.6,31.9,85.9,0.93,24.4,176.5,360.9,1757.0,9778,91,14.56,0.9106,100.0,0,2022,11,3,None,None,Medium,62,0
HEMM-D002,Dumper,2022-02-24,2,2,0,5,94.6,4.32,1.31,28.1,86.7,0.78,19.7,186.6,301.8,1668.0,9408,99,21.9,0.7854,94.3,0,2022,2,3,Electrical Fault,Electrical,Critical,2,1
HEMM-B002,Dozer,2021-01-14,0,0,1,20,78.8,4.15,5.19,46.1,47.7,0.99,23.8,175.6,326.7,1708.0,11468,30,18.99,3.0386,75.0,1,2021,1,3,Tyre Burst,Tyres,Critical,2,1
HEMM-L002,Wheel Loader,2021-07-18,6,1,1,7,75.2,5.38,1.38,35.9,82.7,0.87,24.1,177.3,329.9,1694.0,1897,65,13.98,0.8146,100.0,0,2021,7,6,None,None,Low,168,0
HEMM-DR02,Drill Rig,2023-03-12,1,1,0,4,90.4,4.33,1.97,35.4,81.2,0.96,24.0,194.1,334.6,1848.0,5113,56,20.88,1.066,96.1,0,2023,3,6,None,None,Low,101,0
HEMM-E003,Excavator,2022-06-18,3,2,1,15,83.7,4.25,2.24,33.1,82.6,0.84,23.9,192.0,295.6,1875.0,10983,83,19.69,1.1947,98.0,0,2022,6,5,None,None,Medium,53,0
HEMM-D001,Dumper,2022-01-14,2,1,2,8,81.6,4.63,1.77,27.2,75.3,0.86,23.6,182.9,350.5,1980.0,2997,70,17.62,0.8939,97.3,0,2022,1,4,None,None,Low,147,0
HEMM-E002,Excavator,2023-09-03,3,0,1,10,75.7,4.43,2.32,44.0,81.6,0.9,23.7,188.3,313.3,1834.0,4942,90,17.09,1.265,98.5,0,2023,9,6,None,None,Low,65,0
HEMM-L001,Wheel Loader,2023-01-23,6,2,2,9,68.7,4.53,2.25,34.6,79.6,0.82,24.8,184.5,313.9,1829.0,6609,54,15.17,1.2302,98.3,0,2023,1,0,None,None,Low,167,0
HEMM-DR02,Drill Rig,2023-05-04,1,0,0,5,130.9,4.41,2.59,49.4,80.6,0.62,24.3,161.6,401.8,1886.0,658,41,29.68,1.3733,74.3,1,2023,5,3,Engine Overheat,Engine,Critical,6,1
HEMM-B002,Dozer,2021-03-11,0,2,0,20,83.4,4.4,1.97,34.9,83.5,0.9,25.1,174.2,297.8,1795.0,7482,10,18.95,1.0975,99.5,0,2021,3,3,None,None,Low,97,0
HEMM-DR02,Drill Rig,2023-07-28,1,0,2,1,94.2,4.37,1.91,39.2,80.7,0.97,24.8,186.6,327.5,1715.0,2793,50,21.56,1.1137,94.2,0,2023,7,4,None,None,Low,110,0
HEMM-L002,Wheel Loader,2022-03-08,6,0,1,17,89.5,4.81,1.81,39.3,81.9,0.86,24.1,189.2,346.9,1747.0,6599,70,18.61,1.0361,97.7,0,2022,3,1,Fuel System Failure,Fuel System,Critical,2,1
HEMM-B003,Dozer,2023-07-31,0,2,2,5,80.5,4.8,1.85,41.0,83.7,0.79,23.9,183.9,320.2,1817.0,4760,105,16.77,1.0182,100.0,0,2023,7,0,None,None,Low,164,0
HEMM-G002,Grader,2021-05-20,4,2,2,16,83.5,4.56,2.0,41.7,83.9,0.85,23.7,176.5,292.7,1746.0,6368,65,18.31,1.1455,100.0,0,2021,5,3,None,None,Low,155,0
HEMM-L002,Wheel Loader,2023-12-13,6,0,2,5,86.7,4.79,2.52,38.3,80.7,0.94,24.1,207.5,321.6,1742.0,11632,46,18.1,1.4466,97.1,0,2023,12,2,None,None,Medium,122,0
HEMM-G001,Grader,2023-04-07,4,1,2,2,79.2,4.27,4.82,44.6,46.8,0.9,24.3,185.5,314.4,1623.0,683,114,18.55,2.9698,76.3,0,2023,4,4,Tyre Burst,Tyres,Critical,1,1
HEMM-L001,Wheel Loader,2023-09-03,6,0,1,8,81.0,4.77,2.94,47.9,82.9,0.76,23.4,163.6,327.7,1797.0,4076,18,16.98,1.6361,97.2,0,2023,9,6,None,None,Low,43,0
HEMM-G002,Grader,2023-05-11,4,1,1,2,102.9,4.04,1.9,30.5,80.7,0.38,24.9,180.5,342.8,1913.0,10225,37,25.47,0.9932,88.2,0,2023,5,3,Cooling System Failure,Cooling System,Critical,1,1
HEMM-G001,Grader,2021-03-02,4,1,0,11,85.9,5.28,1.87,37.2,85.1,0.81,24.5,180.5,333.3,1821.0,1963,94,16.27,1.0269,99.6,0,2021,3,1,None,None,Low,95,0
HEMM-SC01,Scraper,2022-02-14,5,1,2,9,97.5,4.17,2.18,43.2,82.0,0.98,23.4,167.2,353.2,1764.0,8246,61,23.38,1.2358,91.6,0,2022,2,0,None,None,Medium,130,0
HEMM-E002,Excavator,2021-11-28,3,0,2,17,79.6,4.76,5.11,33.6,79.3,0.95,24.9,177.9,345.9,1926.0,3350,16,16.72,2.6532,89.6,1,2021,11,6,Brake Failure,Brakes,Critical,1,1
HEMM-D002,Dumper,2021-10-15,2,1,2,12,82.6,4.1,1.97,39.0,77.2,0.76,23.8,178.1,315.4,1892.0,6885,77,20.15,1.0412,96.1,0,2021,10,4,None,None,Low,81,0
HEMM-B003,Dozer,2022-01-15,0,2,1,17,97.0,4.42,2.59,42.3,85.3,0.99,24.4,178.0,314.6,1769.0,8329,29,21.95,1.4641,91.8,0,2022,1,5,None,None,Medium,147,0
HEMM-L001,Wheel Loader,2023-10-23,6,0,2,12,102.7,4.21,1.73,37.0,88.3,0.82,23.7,178.3,323.4,1710.0,10333,120,24.39,1.0117,89.7,0,2023,10,0,None,None,High,71,0
HEMM-D003,Dumper,2023-06-18,2,0,1,13,82.4,4.18,6.32,33.0,55.5,0.92,24.6,183.4,342.6,1827.0,1361,77,19.71,3.4592,74.8,1,2023,6,6,Tyre Burst,Tyres,Critical,4,1
HEMM-D004,Dumper,2023-10-19,2,1,0,2,88.2,4.44,1.62,45.5,85.7,1.0,19.1,188.9,325.9,1707.0,10054,74,19.86,0.949,98.1,0,2023,10,3,Electrical Fault,Electrical,Critical,4,1
HEMM-G002,Grader,2023-01-03,4,1,2,6,71.3,4.42,1.57,37.6,80.1,0.89,24.7,161.6,317.9,1825.0,4919,14,16.13,0.8603,98.8,0,2023,1,1,None,None,Low,83,0
HEMM-L002,Wheel Loader,2023-10-22,6,0,2,13,83.2,4.14,1.94,45.0,80.2,0.99,25.0,183.6,330.8,1864.0,10335,12,20.1,1.0408,97.5,0,2023,10,6,None,None,Medium,125,0
HEMM-D004,Dumper,2023-08-23,2,0,0,1,85.0,4.68,1.06,33.0,77.3,0.75,25.0,190.1,336.7,1834.0,728,48,18.16,0.578,98.1,0,2023,8,2,None,None,Low,52,0
HEMM-B003,Dozer,2021-05-02,0,1,2,7,99.9,4.73,2.36,38.5,80.0,0.83,24.0,176.2,317.6,1703.0,9163,109,21.12,1.3858,90.7,0,2021,5,6,None,None,Medium,149,0
HEMM-D002,Dumper,2022-04-28,2,0,2,3,76.7,4.47,1.65,34.4,87.2,0.81,24.0,183.6,302.1,1827.0,9438,120,17.16,0.9031,99.8,0,2022,4,3,None,None,Medium,173,0
HEMM-D002,Dumper,2022-12-10,2,1,2,14,85.9,3.97,1.34,41.6,81.2,0.8,24.9,194.2,324.4,1800.0,10000,99,21.64,0.7444,96.6,0,2022,12,5,None,None,Medium,128,0
HEMM-SC01,Scraper,2023-09-08,5,1,1,9,81.8,4.67,1.87,30.3,85.9,0.93,25.2,169.7,331.9,2042.0,883,18,17.52,0.9158,100.0,0,2023,9,4,None,None,Low,173,0
HEMM-E003,Excavator,2022-12-19,3,0,1,16,130.5,4.21,1.91,47.3,68.0,0.54,23.9,178.2,387.6,1655.0,5171,105,31.0,1.1541,70.2,1,2022,12,0,Engine Overheat,Engine,Critical,0,1
HEMM-E002,Excavator,2023-12-31,3,2,2,13,111.6,5.45,2.09,46.5,75.6,0.65,24.5,190.3,390.6,1667.0,11372,92,20.48,1.2537,83.9,1,2023,12,6,Engine Overheat,Engine,Critical,7,1
HEMM-G002,Grader,2023-02-12,4,2,0,5,82.0,4.78,2.07,30.5,79.1,0.9,24.1,178.0,334.3,1507.0,7240,94,17.15,1.3736,98.6,0,2023,2,6,None,None,Low,62,0
HEMM-D004,Dumper,2023-06-16,2,1,1,20,95.7,4.42,2.22,44.8,86.5,0.78,25.0,179.3,335.0,1733.0,6224,50,21.65,1.281,93.6,0,2023,6,4,None,None,Low,79,0
HEMM-D002,Dumper,2022-05-03,2,1,1,3,86.2,4.22,1.92,40.1,86.1,0.94,23.8,190.4,320.1,1823.0,9843,6,20.43,1.0532,98.0,0,2022,5,1,None,None,Medium,75,0
HEMM-SC01,Scraper,2021-04-04,5,1,1,8,83.6,4.53,1.92,41.3,82.3,0.75,19.3,172.7,326.2,1823.0,1131,14,18.45,1.0532,100.0,0,2021,4,6,Electrical Fault,Electrical,Critical,2,1
HEMM-D002,Dumper,2022-10-06,2,0,1,20,77.3,4.43,2.97,37.6,86.5,0.89,25.0,169.6,335.5,1855.0,10934,118,17.45,1.6011,96.7,0,2022,10,3,None,None,Medium,129,0
HEMM-D005,Dumper,2023-03-26,2,0,1,4,83.2,4.31,1.96,43.9,89.3,0.91,24.4,172.1,342.2,1850.0,10957,14,19.3,1.0595,99.0,0,2023,3,6,None,None,Medium,148,0
HEMM-SC01,Scraper,2022-02-26,5,0,2,12,89.3,4.91,1.64,42.7,79.2,0.99,24.0,183.6,365.8,1785.0,3809,61,18.19,0.9188,96.7,0,2022,2,5,None,None,Low,132,0
HEMM-G001,Grader,2022-08-23,4,2,0,8,87.9,4.47,2.03,38.1,84.7,0.98,25.1,170.6,366.3,1769.0,8831,119,19.66,1.1475,98.3,0,2022,8,1,None,None,Medium,105,0
HEMM-SC01,Scraper,2023-10-29,5,1,0,2,78.3,5.21,2.17,34.5,88.9,0.85,24.8,178.1,311.1,1878.0,5879,120,15.03,1.1555,99.5,0,2023,10,6,None,None,Low,71,0
HEMM-L001,Wheel Loader,2022-07-27,6,1,2,7,96.4,4.03,1.94,35.3,85.7,0.86,25.2,176.2,349.5,1790.0,2446,112,23.92,1.0838,92.0,0,2022,7,2,None,None,Low,87,0
HEMM-SC01,Scraper,2022-03-08,5,1,1,12,93.5,3.85,1.9,40.0,85.1,0.79,25.0,157.2,269.4,1901.0,2525,9,24.29,0.9995,92.5,0,2022,3,1,None,None,Low,93,0
HEMM-DR02,Drill Rig,2021-08-22,1,1,0,16,79.3,4.43,2.18,39.0,89.3,0.81,24.7,183.6,349.6,1627.0,753,39,17.9,1.3399,99.1,0,2021,8,6,None,None,Low,136,0
HEMM-B002,Dozer,2021-06-23,0,1,0,9,81.9,2.75,7.22,41.3,87.1,0.78,23.9,179.9,324.9,1427.0,10190,54,29.78,5.0596,75.6,1,2021,6,2,Transmission Failure,Transmission,Critical,6,1
HEMM-DR02,Drill Rig,2021-04-01,1,1,2,7,87.6,4.26,2.55,38.2,80.3,0.8,23.8,204.5,349.1,2016.0,6414,28,20.56,1.2649,95.2,0,2021,4,3,None,None,Low,73,0
HEMM-D002,Dumper,2022-09-17,2,1,2,18,88.3,4.48,1.7,33.7,79.0,0.99,25.3,189.6,299.6,1915.0,5898,8,19.71,0.8877,97.0,0,2022,9,5,None,None,Low,146,0
HEMM-B003,Dozer,2022-06-22,0,2,2,7,90.4,4.8,1.51,37.5,79.3,0.98,24.2,189.9,315.6,1855.0,648,48,18.83,0.814,96.2,0,2022,6,2,None,None,Low,64,0
HEMM-DR01,Drill Rig,2023-05-26,1,2,0,2,86.3,4.84,2.05,34.4,83.1,0.94,24.3,166.9,329.4,1741.0,1989,75,17.83,1.1775,99.2,0,2023,5,4,None,None,Low,92,0
HEMM-B002,Dozer,2024-01-01,0,0,2,14,97.2,4.46,2.38,40.0,82.4,0.86,25.5,194.6,336.0,1712.0,9581,97,21.79,1.3902,92.6,0,2024,1,0,None,None,Medium,139,0
HEMM-B001,Dozer,2021-11-29,0,0,1,15,83.0,4.05,1.75,42.4,77.0,0.81,25.4,194.4,321.4,1829.0,4103,21,20.49,0.9568,95.8,0,2021,11,0,None,None,Low,170,0
HEMM-B001,Dozer,2021-06-25,0,1,2,18,87.2,3.89,1.72,36.0,77.4,0.99,24.1,167.7,315.3,1595.0,5046,48,22.42,1.0784,94.0,0,2021,6,4,None,None,Low,172,0
HEMM-B001,Dozer,2023-01-11,0,0,2,9,107.8,4.63,2.09,46.8,88.5,0.85,24.9,189.3,299.0,1821.0,10899,108,23.28,1.1477,88.3,0,2023,1,2,Fuel System Failure,Fuel System,Critical,4,1
HEMM-B001,Dozer,2022-01-02,0,0,1,15,88.8,4.29,1.75,47.0,75.6,0.8,25.1,161.9,299.6,1767.0,482,61,20.7,0.9904,94.5,0,2022,1,6,None,None,Low,143,0
HEMM-G001,Grader,2023-09-11,4,2,1,18,91.6,4.34,1.74,40.9,80.3,0.85,24.0,178.1,328.2,1802.0,3769,57,21.11,0.9656,95.2,0,2023,9,0,None,None,Low,161,0
HEMM-D003,Dumper,2022-07-21,2,2,0,18,93.9,4.16,1.81,32.9,77.6,0.79,19.9,180.1,327.9,1782.0,5345,13,22.57,1.0157,92.1,0,2022,7,3,Electrical Fault,Electrical,Critical,4,1
HEMM-L001,Wheel Loader,2021-09-18,6,1,2,6,95.7,4.61,2.11,36.8,85.2,0.77,25.0,180.6,313.8,1825.0,2606,116,20.76,1.1562,94.3,0,2021,9,5,None,None,Low,138,0
HEMM-E003,Excavator,2021-08-23,3,2,2,2,93.4,5.09,1.8,29.4,82.7,0.84,24.4,185.6,295.8,1744.0,3218,92,18.35,1.0321,95.8,0,2021,8,0,None,None,Low,123,0
HEMM-B003,Dozer,2021-03-27,0,2,0,8,93.4,4.17,2.18,42.4,77.7,0.78,24.4,171.7,359.3,1825.0,1196,96,22.4,1.1945,91.9,0,2021,3,5,None,None,Low,143,0
HEMM-D001,Dumper,2022-12-25,2,2,0,2,81.7,5.37,6.96,34.6,40.9,0.96,24.8,186.6,342.2,1789.0,10039,35,15.21,3.8904,68.7,1,2022,12,6,Tyre Burst,Tyres,Critical,7,1
HEMM-L002,Wheel Loader,2021-06-08,6,1,0,7,81.3,4.31,2.18,35.4,75.5,0.77,24.6,166.5,303.2,1841.0,5537,78,18.86,1.1841,95.9,0,2021,6,1,None,None,Low,154,0
HEMM-DR01,Drill Rig,2021-05-27,1,2,1,14,85.1,5.43,1.91,38.4,91.0,0.79,24.7,195.2,327.2,1732.0,4838,23,15.67,1.1028,100.0,0,2021,5,3,None,None,Low,31,0
HEMM-G001,Grader,2022-11-18,4,0,2,12,135.1,4.04,2.7,53.4,82.2,0.64,24.3,173.8,403.2,1896.0,7911,42,33.44,1.4241,70.6,1,2022,11,4,Engine Overheat,Engine,Critical,5,1
HEMM-B002,Dozer,2021-11-04,0,2,1,1,76.9,4.17,1.92,32.5,77.1,0.8,24.2,188.5,302.3,1624.0,1940,82,18.44,1.1823,96.4,0,2021,11,3,None,None,Low,61,0
HEMM-L002,Wheel Loader,2023-11-07,6,2,2,12,77.4,3.11,5.19,36.0,80.7,0.95,24.6,179.7,337.5,1434.0,3720,53,24.89,3.6192,83.0,1,2023,11,1,Transmission Failure,Transmission,Critical,2,1
HEMM-D003,Dumper,2021-06-08,2,1,2,19,92.3,4.15,1.85,32.7,76.4,0.99,24.6,198.9,338.3,1803.0,8449,78,22.24,1.0261,92.4,0,2021,6,1,None,None,Medium,37,0
HEMM-DR01,Drill Rig,2021-09-06,1,2,2,2,79.1,4.2,2.01,48.6,87.1,0.76,25.0,180.5,306.7,1850.0,10146,65,18.83,1.0865,98.5,0,2021,9,0,None,None,Medium,132,0
HEMM-DR02,Drill Rig,2022-10-12,1,0,1,7,75.7,4.25,1.19,39.5,84.5,0.77,24.5,174.7,313.3,1873.0,9624,42,17.81,0.6353,98.8,0,2022,10,2,None,None,Medium,131,0
HEMM-G001,Grader,2022-04-18,4,0,1,11,79.8,4.32,1.76,45.6,74.3,0.84,24.8,176.2,284.0,1859.0,2090,93,18.47,0.9467,96.0,0,2022,4,0,None,None,Low,35,0
HEMM-DR01,Drill Rig,2023-01-12,1,1,1,12,69.1,4.33,1.73,43.3,81.0,0.82,24.5,188.5,294.0,1881.0,9382,69,15.96,0.9197,98.8,0,2023,1,3,None,None,Medium,155,0
HEMM-L001,Wheel Loader,2022-04-17,6,0,1,14,82.7,4.57,2.67,48.5,86.3,0.75,24.3,165.0,322.1,1833.0,3964,77,18.1,1.4566,98.0,0,2022,4,6,None,None,Low,130,0
HEMM-E003,Excavator,2023-04-15,3,2,2,19,87.6,4.65,1.59,39.2,89.1,0.93,24.5,170.9,328.7,1867.0,11110,22,18.84,0.8516,98.7,0,2023,4,5,None,None,Medium,138,0
HEMM-B002,Dozer,2022-12-01,0,0,0,4,90.8,4.39,2.47,33.6,87.8,0.8,24.6,204.5,313.2,1846.0,1535,57,20.68,1.338,95.1,0,2022,12,3,None,None,Low,140,0
HEMM-D005,Dumper,2023-10-10,2,2,0,7,80.6,3.7,5.5,43.4,83.2,0.97,24.9,181.8,352.8,1523.0,3147,117,21.78,3.6113,85.5,1,2023,10,1,Transmission Failure,Transmission,Critical,1,1
HEMM-B001,Dozer,2023-08-21,0,2,1,4,86.5,4.34,1.72,55.8,84.3,0.77,24.4,176.8,338.9,1835.0,2270,116,19.93,0.9373,98.4,0,2023,8,0,None,None,Low,172,0
HEMM-D001,Dumper,2021-12-08,2,1,2,5,89.7,4.64,1.63,44.1,85.2,0.93,25.1,187.1,288.3,1850.0,8636,115,19.33,0.8811,97.6,0,2021,12,2,None,None,Medium,161,0
HEMM-DR01,Drill Rig,2022-12-27,1,1,1,13,87.5,4.38,2.28,34.0,87.0,0.98,24.1,180.7,319.6,1673.0,11618,76,19.98,1.3628,97.3,0,2022,12,1,None,None,Medium,46,0
HEMM-D004,Dumper,2022-11-21,2,0,1,19,87.3,4.73,2.12,38.8,84.4,0.76,24.2,183.1,342.3,1868.0,10173,83,18.46,1.1349,98.5,0,2022,11,0,None,None,Medium,44,0
HEMM-D002,Dumper,2021-06-01,2,2,2,12,94.3,4.14,1.84,30.6,75.7,0.8,24.2,185.0,337.1,1799.0,7554,57,22.78,1.0228,91.0,0,2021,6,1,None,None,Low,161,0
HEMM-DR01,Drill Rig,2022-08-16,1,0,2,5,76.9,4.93,2.5,35.3,81.3,0.96,24.3,169.0,311.2,2048.0,3205,97,15.6,1.2207,98.2,0,2022,8,1,None,None,Low,150,0
HEMM-L002,Wheel Loader,2021-06-21,6,1,0,1,78.9,4.61,2.32,48.8,84.3,0.9,23.9,183.2,325.0,1538.0,9924,80,17.11,1.5085,99.0,0,2021,6,0,None,None,Medium,66,0
HEMM-DR02,Drill Rig,2023-02-16,1,0,2,15,106.8,4.55,2.44,37.8,79.8,0.95,24.5,197.8,337.5,1857.0,3095,70,23.47,1.3139,86.9,0,2023,2,3,None,None,High,87,0
HEMM-D004,Dumper,2022-04-21,2,0,2,16,79.2,4.84,2.44,35.9,78.2,0.83,24.9,170.1,330.6,1773.0,5788,11,16.36,1.3762,97.2,0,2022,4,3,None,None,Low,156,0
HEMM-L002,Wheel Loader,2023-11-07,6,0,0,10,79.5,4.17,1.58,35.1,83.2,0.86,24.4,186.1,352.4,1755.0,5488,54,19.06,0.9003,98.4,0,2023,11,1,None,None,Low,89,0
HEMM-D005,Dumper,2021-03-27,2,2,0,7,93.6,4.45,2.27,34.8,83.9,0.9,24.3,198.4,338.3,1867.0,7253,71,21.03,1.2159,94.6,0,2021,3,5,None,None,Low,149,0
HEMM-B003,Dozer,2021-07-23,0,0,0,10,81.9,4.36,2.07,44.8,81.8,0.83,25.3,171.9,326.8,1842.0,2913,20,18.78,1.1238,99.0,0,2021,7,4,None,None,Low,161,0
HEMM-DR02,Drill Rig,2022-04-04,1,1,1,10,77.7,4.48,2.17,36.2,89.7,0.8,25.0,181.7,323.1,1887.0,4450,82,17.34,1.15,99.4,0,2022,4,0,None,None,Low,103,0
HEMM-B001,Dozer,2021-10-16,0,1,2,7,85.4,3.89,2.74,47.1,87.1,0.91,23.9,184.6,332.7,1691.0,9246,112,21.95,1.6203,94.5,0,2021,10,5,None,None,Medium,172,0
HEMM-D001,Dumper,2021-03-23,2,2,0,18,84.9,3.86,2.01,38.3,83.0,0.91,24.2,187.0,304.7,1798.0,3397,5,21.99,1.1179,96.8,0,2021,3,1,None,None,Low,176,0
HEMM-D001,Dumper,2023-01-27,2,1,2,10,78.0,4.32,1.61,40.4,79.6,0.76,24.0,186.6,312.8,1578.0,9557,59,18.06,1.0203,98.1,0,2023,1,4,None,None,Medium,143,0
HEMM-D005,Dumper,2023-07-19,2,0,1,4,90.7,4.12,1.91,40.0,80.6,0.82,24.4,192.6,322.7,1879.0,11935,95,22.01,1.0165,94.7,0,2023,7,2,None,None,Medium,54,0
HEMM-DR01,Drill Rig,2023-10-08,1,0,2,3,73.4,4.54,1.26,40.2,77.8,0.78,24.1,185.6,302.4,1614.0,2441,40,16.17,0.7807,98.3,0,2023,10,6,None,None,Low,71,0
HEMM-G001,Grader,2021-06-11,4,2,1,8,80.2,5.03,1.86,33.3,82.9,0.76,24.1,184.0,331.1,1791.0,1418,46,15.94,1.0385,100.0,0,2021,6,4,None,None,Low,165,0
HEMM-B001,Dozer,2023-07-18,0,2,1,17,73.0,4.64,2.19,43.4,80.7,0.76,24.2,186.3,318.8,1616.0,11211,104,15.73,1.3552,98.9,0,2023,7,1,None,None,Medium,122,0
HEMM-B003,Dozer,2021-03-20,0,0,2,4,107.1,5.01,1.6,35.4,79.9,0.88,25.2,187.1,325.0,1795.0,11752,106,21.38,0.8914,88.1,0,2021,3,5,None,None,High,107,0
HEMM-SC01,Scraper,2021-03-14,5,2,2,1,85.2,4.2,2.43,35.4,82.5,0.82,24.8,196.8,358.5,1769.0,4229,22,20.29,1.3737,97.1,0,2021,3,6,None,None,Low,107,0
HEMM-E003,Excavator,2022-02-05,3,0,1,16,78.7,3.87,1.28,40.2,78.3,0.82,24.4,180.8,307.9,1725.0,2681,67,20.34,0.742,95.4,0,2022,2,5,None,None,Low,111,0
HEMM-B002,Dozer,2021-09-27,0,1,2,3,90.0,4.3,1.79,37.7,82.4,0.83,25.0,181.0,320.8,1995.0,8659,114,20.93,0.8972,96.5,0,2021,9,0,None,None,Medium,30,0
HEMM-D001,Dumper,2023-06-09,2,1,1,16,81.1,5.06,1.11,37.6,80.9,0.88,24.5,180.2,327.1,1866.0,9337,83,16.03,0.5949,99.6,0,2023,6,4,None,None,Medium,161,0
HEMM-D002,Dumper,2023-05-07,2,2,2,9,83.2,4.8,1.6,39.7,81.2,0.88,24.3,187.0,316.4,1814.0,10249,53,17.33,0.882,99.7,0,2023,5,6,None,None,Medium,97,0
HEMM-G001,Grader,2023-09-19,4,2,1,6,90.9,4.3,2.04,42.6,79.2,0.9,25.3,167.9,271.2,1716.0,5116,112,21.14,1.1888,94.8,0,2023,9,1,None,None,Low,76,0
HEMM-L001,Wheel Loader,2023-10-01,6,2,2,13,81.4,5.03,1.64,44.7,75.5,0.91,24.7,154.5,316.3,1976.0,9995,50,16.18,0.83,97.4,0,2023,10,6,None,None,Medium,173,0
HEMM-D004,Dumper,2022-03-25,2,1,0,10,80.4,4.96,1.93,36.3,83.0,0.92,23.5,171.7,336.3,1682.0,7074,62,16.21,1.1474,100.0,0,2022,3,4,None,None,Low,47,0
HEMM-DR01,Drill Rig,2021-08-26,1,1,1,15,76.2,3.82,1.42,24.8,80.5,0.96,23.6,176.8,330.4,1840.0,5424,89,19.95,0.7717,96.0,0,2021,8,3,None,None,Low,138,0
HEMM-G002,Grader,2021-09-20,4,0,2,16,77.3,4.15,1.99,41.7,80.7,0.97,24.2,195.9,295.0,1718.0,10047,57,18.63,1.1583,97.7,0,2021,9,0,None,None,Medium,50,0
HEMM-B002,Dozer,2022-07-03,0,2,2,7,80.4,4.96,2.64,42.0,82.1,0.88,24.5,182.8,318.4,1698.0,6901,12,16.21,1.5548,98.1,0,2022,7,6,None,None,Low,41,0
HEMM-B001,Dozer,2022-10-13,0,0,0,13,92.0,4.08,2.27,40.7,86.8,0.91,24.1,179.1,330.8,2137.0,7440,59,22.55,1.0622,93.6,0,2022,10,3,None,None,Low,133,0
HEMM-D002,Dumper,2022-07-04,2,0,1,8,82.5,4.59,1.96,31.5,80.8,0.88,24.5,174.7,285.4,1915.0,5767,86,17.97,1.0235,99.5,0,2022,7,0,None,None,Low,172,0
HEMM-DR01,Drill Rig,2022-03-30,1,2,2,6,82.8,2.63,2.04,33.7,83.8,0.86,24.3,128.2,346.4,1688.0,8982,31,31.48,1.2085,90.5,1,2022,3,2,Hydraulic Failure,Hydraulics,Critical,5,1
HEMM-SC01,Scraper,2021-02-10,5,2,2,1,78.7,3.89,2.18,27.6,77.5,0.76,24.0,180.3,323.4,1920.0,6412,16,20.23,1.1354,94.6,0,2021,2,2,None,None,Low,155,0
HEMM-G001,Grader,2021-05-10,4,2,0,2,85.35,4.34,1.68,37.6,78.1,0.76,25.0,179.6,338.5,1898.0,8697,31,19.67,0.8851,97.5,0,2021,5,0,None,None,Medium,172,0
HEMM-E001,Excavator,2023-03-22,3,2,1,8,77.1,4.78,1.91,42.1,81.8,0.83,24.5,164.5,290.6,1956.0,4954,107,16.13,0.9765,99.9,0,2023,3,2,None,None,Low,179,0
HEMM-B003,Dozer,2023-04-27,0,1,1,18,89.4,4.76,2.53,32.7,90.6,0.92,24.9,191.2,323.9,1879.0,4274,6,18.78,1.3465,96.2,0,2023,4,3,None,None,Low,131,0
HEMM-L002,Wheel Loader,2021-07-29,6,2,1,13,86.7,4.88,1.55,32.5,83.7,0.79,25.5,186.0,318.3,1850.0,8144,10,17.77,0.8378,99.2,0,2021,7,3,None,None,Medium,144,0
HEMM-D001,Dumper,2022-04-17,2,2,2,8,87.3,3.83,5.81,39.8,77.3,0.82,25.4,191.8,315.9,1321.0,753,39,22.79,4.3982,82.2,1,2022,4,6,Transmission Failure,Transmission,Critical,6,1
HEMM-D005,Dumper,2022-07-07,2,1,2,3,91.3,4.42,2.3,46.8,79.7,0.92,23.8,162.0,295.6,1730.0,1410,69,20.66,1.3295,94.6,0,2022,7,3,None,None,Low,115,0
HEMM-DR01,Drill Rig,2021-02-11,1,1,1,18,88.2,4.02,1.48,25.5,85.7,0.77,24.4,185.5,329.4,1793.0,10110,24,21.94,0.8254,96.0,0,2021,2,3,None,None,Medium,130,0
HEMM-G002,Grader,2022-02-02,4,2,2,10,90.4,4.74,2.04,37.5,80.4,0.89,24.4,193.8,309.8,1955.0,5503,59,19.07,1.0435,96.5,0,2022,2,2,None,None,Low,67,0
HEMM-B002,Dozer,2022-07-16,0,0,2,7,80.0,4.87,2.02,33.4,87.7,0.99,24.6,181.3,307.8,1812.0,1833,38,16.43,1.1148,99.9,0,2022,7,5,None,None,Low,44,0
HEMM-G002,Grader,2022-08-20,4,0,2,3,87.0,5.03,1.28,42.1,87.5,0.93,25.3,174.9,316.2,1780.0,3841,57,17.3,0.7191,99.0,0,2022,8,5,None,None,Low,53,0
HEMM-B002,Dozer,2023-12-29,0,2,0,8,83.7,5.35,2.29,34.2,78.7,0.8,23.9,176.7,355.3,2011.0,6465,7,15.64,1.1387,97.8,0,2023,12,4,None,None,Low,74,0
HEMM-G001,Grader,2021-08-10,4,0,0,8,75.9,4.47,2.38,33.5,80.7,0.79,24.5,188.2,311.9,1821.0,9667,8,16.98,1.307,98.2,0,2021,8,1,None,None,Medium,155,0
HEMM-DR02,Drill Rig,2023-01-28,1,0,0,19,83.2,4.69,2.26,38.6,81.0,0.84,24.6,184.6,322.5,1795.0,1985,87,17.74,1.2591,98.8,0,2023,1,5,None,None,Low,46,0
HEMM-D003,Dumper,2021-07-15,2,2,0,6,82.4,4.04,1.69,33.5,90.4,0.98,26.0,158.2,347.4,1761.0,3602,115,20.4,0.9597,97.7,0,2021,7,3,None,None,Low,115,0
HEMM-D003,Dumper,2021-10-17,2,0,2,20,90.3,4.33,2.63,46.4,88.0,0.83,24.9,183.9,306.9,1779.0,7958,71,20.85,1.4784,94.6,0,2021,10,6,None,None,Low,96,0
HEMM-E003,Excavator,2021-05-01,3,0,2,9,79.3,5.36,2.12,35.9,77.6,0.98,25.2,177.4,313.9,1866.0,6947,44,14.79,1.1361,97.9,0,2021,5,5,None,None,Low,73,0
HEMM-D005,Dumper,2021-03-16,2,0,1,19,87.7,5.0,1.92,45.6,77.2,0.8,24.6,162.2,280.7,1735.0,10009,57,17.54,1.1066,96.7,0,2021,3,1,None,None,Medium,139,0
HEMM-E002,Excavator,2023-09-28,3,2,1,16,81.8,3.77,1.51,31.3,77.8,0.8,24.7,169.3,320.4,1884.0,5328,88,21.7,0.8015,94.7,0,2023,9,3,None,None,Low,154,0
HEMM-L001,Wheel Loader,2023-11-20,6,2,2,3,126.9,4.41,2.49,38.2,80.2,0.61,24.6,187.7,376.9,1869.0,1921,59,28.78,1.3323,76.4,1,2023,11,0,Engine Overheat,Engine,Critical,2,1
HEMM-E001,Excavator,2023-12-01,3,2,0,4,87.0,5.27,1.95,33.2,80.9,0.87,23.8,181.1,297.5,1770.0,2922,30,16.51,1.1017,98.6,0,2023,12,4,None,None,Low,50,0
HEMM-D004,Dumper,2021-03-21,2,0,2,16,96.1,4.54,2.75,37.8,77.0,0.98,24.5,190.9,307.1,1770.0,2997,85,21.17,1.5537,90.2,0,2021,3,6,None,None,Low,94,0
HEMM-SC01,Scraper,2023-05-07,5,0,0,1,91.2,4.46,2.14,31.8,75.0,0.86,24.6,185.0,305.6,1742.0,5061,20,20.45,1.2285,93.5,0,2023,5,6,None,None,Low,42,0
HEMM-B001,Dozer,2023-12-07,0,0,2,20,72.8,3.89,5.03,34.6,75.9,0.86,23.6,183.0,339.6,1915.0,6288,77,18.71,2.6266,85.4,1,2023,12,3,Brake Failure,Brakes,Critical,4,1
HEMM-G001,Grader,2023-11-30,4,2,1,9,81.8,3.9,1.7,41.8,92.3,0.87,24.1,175.9,330.9,1835.0,7935,64,20.97,0.9264,97.0,0,2023,11,3,None,None,Low,78,0
HEMM-D005,Dumper,2021-12-03,2,2,0,16,90.1,5.18,5.11,33.0,41.0,0.95,23.4,165.6,310.7,2013.0,360,45,17.39,2.5385,71.7,1,2021,12,4,Tyre Burst,Tyres,Critical,7,1
HEMM-D001,Dumper,2022-10-01,2,2,1,7,85.9,4.83,2.11,40.2,80.2,0.82,24.6,184.4,344.8,1832.0,3464,93,17.78,1.1517,98.5,0,2022,10,5,None,None,Low,136,0
HEMM-B003,Dozer,2021-07-13,0,1,1,20,82.8,5.01,1.29,45.9,82.2,0.76,24.1,175.5,284.7,1843.0,7879,81,16.53,0.6999,100.0,0,2021,7,1,Fuel System Failure,Fuel System,Critical,3,1
HEMM-D001,Dumper,2022-01-30,2,0,2,10,85.2,4.68,2.73,43.4,84.1,0.86,25.6,188.6,285.4,1862.0,7182,79,18.21,1.4662,97.7,0,2022,1,6,None,None,Low,121,0
HEMM-G002,Grader,2022-06-06,4,2,1,18,82.2,5.18,5.71,35.8,57.3,0.87,24.6,185.5,327.6,1789.0,10711,89,15.87,3.1917,79.0,1,2022,6,0,Tyre Burst,Tyres,Critical,2,1
HEMM-E002,Excavator,2022-07-28,3,1,1,9,84.8,4.83,2.4,40.3,80.4,0.82,24.5,194.6,305.3,1944.0,9435,18,17.56,1.2346,98.2,0,2022,7,3,None,None,Medium,156,0
HEMM-G002,Grader,2022-11-08,4,2,2,19,85.3,4.56,2.79,32.8,82.2,1.0,24.0,187.8,301.4,1993.0,10108,40,18.71,1.3999,97.5,0,2022,11,1,None,None,Medium,104,0
HEMM-L001,Wheel Loader,2022-03-05,6,1,1,1,78.4,4.29,1.92,43.0,78.0,0.91,25.2,173.0,303.9,1619.0,3998,32,18.28,1.1859,97.4,0,2022,3,5,None,None,Low,42,0
HEMM-D005,Dumper,2021-10-21,2,1,1,16,73.9,3.86,2.82,35.4,81.3,0.82,23.9,176.2,325.2,1823.0,204,46,19.15,1.5469,94.1,0,2021,10,3,None,None,Low,179,0
HEMM-D002,Dumper,2021-10-08,2,2,0,15,88.2,4.86,1.29,41.9,86.6,0.87,24.1,182.1,322.3,1901.0,7169,90,18.15,0.6786,98.4,0,2021,10,4,None,None,Low,134,0
HEMM-L002,Wheel Loader,2021-08-29,6,1,0,18,77.1,4.09,1.78,35.9,87.7,0.94,24.0,174.8,330.7,1676.0,6642,53,18.85,1.0621,98.0,0,2021,8,6,None,None,Low,62,0
HEMM-G001,Grader,2022-10-01,4,2,2,11,81.3,4.5,1.91,31.7,81.8,0.87,25.0,177.9,299.3,1837.0,8894,15,18.07,1.0397,99.9,0,2022,10,5,None,None,Medium,88,0
HEMM-E001,Excavator,2022-07-23,3,2,0,5,78.8,4.09,2.29,31.8,78.8,0.88,24.6,181.9,338.8,1862.0,7363,76,19.27,1.2299,95.8,0,2022,7,5,None,None,Low,80,0
HEMM-B001,Dozer,2021-09-04,0,2,1,14,133.6,4.57,2.21,38.7,79.8,0.54,23.5,180.0,349.7,2089.0,10883,49,29.23,1.0579,74.2,1,2021,9,5,Cooling System Failure,Cooling System,Critical,5,1
HEMM-G001,Grader,2023-05-19,4,1,1,20,91.1,5.17,2.69,28.6,85.4,0.83,25.3,177.8,323.4,1635.0,9371,117,17.62,1.6453,94.9,0,2023,5,4,None,None,Medium,90,0
HEMM-E001,Excavator,2021-01-22,3,1,1,15,101.3,4.25,1.34,58.8,80.6,0.94,23.7,186.3,323.6,1852.0,6114,72,23.84,0.7235,90.0,0,2021,1,4,Fuel System Failure,Fuel System,Critical,4,1
HEMM-D004,Dumper,2023-01-26,2,0,0,17,115.7,3.97,2.08,40.7,81.2,0.46,24.5,179.4,343.9,1903.0,412,82,29.14,1.093,81.4,1,2023,1,3,Cooling System Failure,Cooling System,Critical,4,1
HEMM-G002,Grader,2021-03-31,4,2,1,9,89.5,5.01,1.82,38.4,81.1,0.91,24.6,182.6,296.1,1900.0,4692,85,17.86,0.9579,97.4,0,2021,3,2,None,None,Low,137,0
HEMM-D001,Dumper,2023-08-23,2,2,0,15,81.2,5.12,2.28,40.0,78.8,0.78,23.6,184.9,313.5,1931.0,8233,27,15.86,1.1807,97.9,0,2023,8,2,None,None,Medium,38,0
HEMM-SC01,Scraper,2021-08-01,5,1,2,12,72.9,2.61,2.59,36.1,78.8,0.8,23.7,124.2,340.2,1719.0,672,83,27.93,1.5067,87.5,1,2021,8,6,Hydraulic Failure,Hydraulics,Critical,2,1
HEMM-D003,Dumper,2023-05-10,2,1,2,2,81.1,4.33,2.81,44.8,80.9,0.88,19.5,180.2,325.0,1800.0,7464,86,18.73,1.5611,96.3,0,2023,5,2,Electrical Fault,Electrical,Critical,1,1
HEMM-E002,Excavator,2021-02-04,3,0,2,11,85.2,4.41,1.41,39.4,83.2,0.97,24.5,186.9,297.5,1961.0,11821,26,19.32,0.719,99.4,0,2021,2,3,None,None,Medium,48,0
HEMM-G001,Grader,2023-11-24,4,1,2,13,84.9,4.54,2.55,38.9,92.5,0.82,25.2,186.6,318.9,1795.0,7021,112,18.7,1.4206,98.4,0,2023,11,4,None,None,Low,40,0
HEMM-D003,Dumper,2022-01-31,2,2,1,5,94.6,4.51,2.13,31.8,85.7,0.83,25.1,169.6,357.1,1524.0,4568,15,20.98,1.3976,94.8,0,2022,1,0,None,None,Low,45,0
HEMM-B001,Dozer,2022-02-11,0,2,2,17,83.1,4.56,2.13,45.3,77.1,0.85,25.1,181.8,320.0,1648.0,6905,27,18.22,1.2925,97.6,0,2022,2,4,None,None,Low,140,0
HEMM-D001,Dumper,2022-09-30,2,0,0,18,84.6,4.81,2.44,34.5,79.2,0.86,24.4,175.1,317.3,1560.0,5945,20,17.59,1.5641,97.6,0,2022,9,4,None,None,Low,87,0
HEMM-D003,Dumper,2023-08-07,2,1,2,4,101.7,4.66,2.74,47.3,75.6,0.6,24.5,184.4,354.4,1719.0,1683,28,21.82,1.5939,86.9,0,2023,8,0,Engine Overheat,Engine,Critical,5,1
HEMM-E001,Excavator,2021-01-22,3,1,2,12,74.4,4.28,1.74,40.5,77.8,0.87,24.9,169.5,323.9,1614.0,7742,15,17.38,1.0781,97.2,0,2021,1,4,None,None,Low,80,0
HEMM-B002,Dozer,2022-01-27,0,2,0,5,96.0,4.15,2.08,50.6,78.9,0.81,23.9,168.2,309.5,1728.0,5287,11,23.13,1.2037,91.3,0,2022,1,3,None,None,Low,32,0
HEMM-E001,Excavator,2022-07-26,3,1,1,19,78.7,4.84,2.45,36.0,84.0,0.94,24.6,179.3,305.7,1893.0,5369,57,16.26,1.2942,98.6,0,2022,7,1,None,None,Low,69,0
HEMM-B001,Dozer,2022-02-13,0,1,0,10,67.2,4.44,2.38,32.1,83.7,0.79,24.7,174.5,334.6,1889.0,4449,94,15.14,1.2599,98.6,0,2022,2,6,None,None,Low,53,0
HEMM-L001,Wheel Loader,2022-12-29,6,2,2,12,83.7,4.88,2.24,40.1,89.7,0.99,24.3,182.8,278.3,1934.0,5915,103,17.15,1.1582,99.3,0,2022,12,3,None,None,Low,116,0
HEMM-E001,Excavator,2021-03-17,3,2,2,13,84.2,4.29,1.67,35.9,88.1,0.84,24.0,198.0,351.0,1884.0,2751,73,19.63,0.8864,99.0,0,2021,3,2,None,None,Low,89,0
HEMM-DR01,Drill Rig,2022-12-12,1,2,2,10,104.7,4.76,1.76,47.4,82.1,0.89,24.5,165.0,306.5,1902.0,3598,48,22.0,0.9253,90.2,0,2022,12,0,None,None,High,150,0
HEMM-SC01,Scraper,2022-07-05,5,1,1,17,79.0,4.33,1.52,37.4,76.0,0.93,24.4,180.5,311.1,1838.0,3652,38,18.24,0.827,96.8,0,2022,7,1,None,None,Low,46,0
HEMM-D002,Dumper,2021-08-25,2,2,0,6,91.6,4.33,2.57,35.3,81.2,0.85,24.3,173.3,364.6,1812.0,7985,22,21.15,1.4183,93.8,0,2021,8,2,None,None,Low,174,0
HEMM-G001,Grader,2023-02-13,4,2,2,19,140.2,4.8,1.92,49.6,82.1,0.6,24.4,158.0,383.5,1777.0,754,46,29.21,1.0805,72.4,1,2023,2,0,Engine Overheat,Engine,Critical,5,1
HEMM-E001,Excavator,2023-05-14,3,0,1,11,90.4,3.86,1.9,37.7,85.4,0.85,24.0,161.4,305.8,1986.0,5716,87,23.42,0.9567,94.1,0,2023,5,6,None,None,Low,67,0
HEMM-G001,Grader,2022-09-20,4,1,1,15,88.9,4.59,2.28,42.4,75.0,0.96,24.1,178.9,337.9,1808.0,9158,28,19.37,1.2611,94.4,0,2022,9,1,None,None,Medium,166,0
HEMM-DR02,Drill Rig,2023-06-10,1,2,1,13,96.2,4.53,2.34,28.7,82.1,0.83,24.4,194.0,270.7,1610.0,7959,111,21.24,1.4534,93.4,0,2023,6,5,None,None,Low,104,0
HEMM-G001,Grader,2022-11-23,4,0,1,13,91.6,5.16,1.74,40.3,82.6,0.96,24.8,188.2,302.5,1751.0,5118,10,17.75,0.9937,96.7,0,2022,11,2,None,None,Low,45,0
HEMM-L002,Wheel Loader,2021-08-09,6,0,0,14,95.8,3.94,1.94,35.8,80.0,0.87,24.3,177.9,323.7,1940.0,4613,78,24.31,1.0,91.0,0,2021,8,0,None,None,Low,168,0
HEMM-E001,Excavator,2023-11-15,3,1,2,10,85.35,4.66,2.56,27.6,85.2,0.84,23.7,186.6,343.9,1744.0,9978,94,18.32,1.4679,98.1,0,2023,11,2,None,None,Medium,116,0
HEMM-D005,Dumper,2021-09-24,2,2,0,11,81.6,4.11,1.64,35.1,78.1,0.76,23.8,193.5,335.7,1985.0,1081,16,19.85,0.8262,96.5,0,2021,9,4,None,None,Low,73,0
HEMM-D005,Dumper,2022-12-10,2,0,1,13,75.0,4.74,1.28,33.1,92.0,0.98,24.3,174.0,311.0,1698.0,2908,63,15.82,0.7538,100.0,0,2022,12,5,None,None,Low,122,0
HEMM-E002,Excavator,2021-12-19,3,0,1,10,84.7,4.88,2.41,35.9,83.3,0.91,25.0,172.1,335.5,1690.0,1516,28,17.36,1.426,98.8,0,2021,12,6,None,None,Low,149,0
HEMM-DR01,Drill Rig,2021-07-04,1,2,2,8,86.0,4.09,1.5,39.3,83.9,0.9,24.2,163.2,367.7,1869.0,2725,92,21.03,0.8026,97.4,0,2021,7,6,None,None,Low,82,0
HEMM-G001,Grader,2021-01-11,4,0,0,6,88.5,4.95,1.74,46.5,78.7,0.9,25.3,174.7,316.2,1759.0,5847,17,17.88,0.9892,96.9,0,2021,1,0,None,None,Low,169,0
HEMM-G002,Grader,2022-03-12,4,0,1,13,70.9,4.54,1.83,40.3,85.2,0.97,23.5,161.9,290.9,1624.0,7793,95,15.62,1.1268,100.0,0,2022,3,5,None,None,Low,172,0
HEMM-D004,Dumper,2023-03-05,2,1,0,11,91.1,4.41,1.62,42.2,75.0,0.83,23.8,194.1,327.1,1896.0,2387,56,20.66,0.8544,93.7,0,2023,3,6,None,None,Low,30,0
HEMM-DR01,Drill Rig,2023-03-18,1,2,2,3,76.4,3.99,1.68,33.9,84.3,0.81,24.3,172.5,339.8,1876.0,5883,67,19.15,0.8955,97.4,0,2023,3,5,None,None,Low,137,0
HEMM-D001,Dumper,2022-03-31,2,2,0,6,80.4,4.88,1.07,45.9,84.8,0.99,24.2,188.5,339.7,1878.0,4052,52,16.48,0.5698,100.0,0,2022,3,3,None,None,Low,33,0
HEMM-D001,Dumper,2023-03-27,2,1,1,8,83.1,3.57,6.57,33.1,89.0,0.77,24.0,184.9,316.5,1324.0,2462,68,23.28,4.9622,81.6,1,2023,3,0,Transmission Failure,Transmission,Critical,4,1
HEMM-D003,Dumper,2022-11-27,2,0,0,6,91.1,4.56,1.35,35.1,78.6,0.88,24.3,182.6,328.6,1780.0,7174,24,19.98,0.7584,95.6,0,2022,11,6,None,None,Low,159,0
HEMM-L001,Wheel Loader,2021-03-13,6,0,0,14,86.1,5.17,1.71,33.2,90.4,0.99,25.1,176.4,328.8,1772.0,3141,25,16.65,0.965,99.4,0,2021,3,5,None,None,Low,176,0
HEMM-D004,Dumper,2023-08-11,2,1,1,12,82.3,4.14,1.71,44.7,79.5,0.93,24.3,175.0,306.0,1755.0,11440,98,19.88,0.9744,97.2,0,2023,8,4,None,None,Medium,122,0
HEMM-G002,Grader,2021-01-26,4,1,2,11,75.3,3.92,2.46,34.9,85.6,0.78,23.8,191.4,317.0,1726.0,2309,78,19.21,1.4253,95.7,0,2021,1,1,None,None,Low,48,0
HEMM-DR02,Drill Rig,2021-01-24,1,0,1,13,81.7,4.79,1.9,30.8,83.4,0.78,25.9,190.8,343.0,1654.0,7121,103,17.06,1.1487,100.0,0,2021,1,6,None,None,Low,138,0
HEMM-B001,Dozer,2021-08-26,0,2,0,15,86.2,4.04,2.17,33.7,76.0,0.94,23.7,197.8,319.9,2059.0,8425,52,21.34,1.0539,94.2,0,2021,8,3,None,None,Medium,174,0
HEMM-SC01,Scraper,2023-01-18,5,1,0,6,86.2,5.13,2.58,43.9,74.5,0.77,23.9,162.2,321.0,1926.0,7147,73,16.8,1.3396,94.7,0,2023,1,2,None,None,Low,134,0
HEMM-D003,Dumper,2021-11-04,2,1,0,11,81.5,4.55,1.74,41.4,80.2,0.88,24.4,158.2,319.5,1834.0,11792,80,17.91,0.9487,99.3,0,2021,11,3,None,None,Medium,78,0
HEMM-DR02,Drill Rig,2023-06-10,1,1,1,15,82.4,4.25,2.18,46.2,77.6,0.96,24.8,188.9,302.6,1768.0,4815,10,19.39,1.233,96.4,0,2023,6,5,None,None,Low,157,0
HEMM-DR02,Drill Rig,2023-01-22,1,1,0,20,85.6,4.18,2.53,42.7,86.9,0.84,24.8,175.0,309.1,1773.0,11445,52,20.48,1.427,96.5,0,2023,1,6,None,None,Medium,84,0
HEMM-B002,Dozer,2021-02-18,0,2,0,9,80.0,4.19,1.45,38.7,80.4,0.93,24.4,185.5,337.5,1706.0,3128,42,19.09,0.8499,97.8,0,2021,2,3,None,None,Low,66,0
HEMM-DR02,Drill Rig,2022-10-27,1,0,0,2,91.8,4.41,1.74,30.7,85.9,0.97,24.5,165.6,327.7,1834.0,9961,19,20.82,0.9487,96.1,0,2022,10,3,None,None,Medium,82,0
HEMM-SC01,Scraper,2023-03-23,5,1,1,6,123.0,4.92,1.74,31.0,77.6,0.62,24.8,179.7,351.0,1721.0,1577,73,25.0,1.011,79.2,1,2023,3,3,Cooling System Failure,Cooling System,Critical,2,1
HEMM-DR01,Drill Rig,2022-07-17,1,0,1,15,75.9,4.53,2.06,40.0,76.6,0.83,24.3,178.8,335.7,1765.0,11488,84,16.75,1.1671,97.7,0,2022,7,6,None,None,Medium,41,0
HEMM-L002,Wheel Loader,2023-07-28,6,1,1,3,99.5,2.59,5.32,43.2,83.4,0.76,24.5,172.6,306.0,1579.0,5550,52,38.42,3.3692,73.2,1,2023,7,4,Transmission Failure,Transmission,Critical,1,1
HEMM-L002,Wheel Loader,2021-06-11,6,0,1,10,68.2,4.66,1.82,37.3,87.0,0.8,24.7,182.0,312.5,1765.0,7122,56,14.64,1.0312,100.0,0,2021,6,4,None,None,Low,143,0
HEMM-B001,Dozer,2021-06-12,0,0,0,4,81.2,4.8,1.74,40.8,81.1,0.8,24.6,166.9,355.8,1746.0,3339,78,16.92,0.9966,99.6,0,2021,6,5,None,None,Low,62,0
HEMM-L002,Wheel Loader,2022-05-15,6,2,0,2,74.9,4.64,1.07,37.9,79.6,0.86,25.0,174.9,353.6,1861.0,6331,78,16.14,0.575,99.0,0,2022,5,6,None,None,Low,62,0
HEMM-DR01,Drill Rig,2022-07-17,1,2,2,6,93.9,3.69,2.0,41.4,83.1,0.79,24.9,129.6,304.6,1790.0,4735,69,25.45,1.1173,91.5,0,2022,7,6,Hydraulic Failure,Hydraulics,Critical,6,1
HEMM-B002,Dozer,2022-07-13,0,1,0,14,88.1,4.15,1.47,37.2,79.9,0.81,24.7,182.4,292.6,1803.0,3593,7,21.23,0.8153,95.9,0,2022,7,2,None,None,Low,39,0
HEMM-B001,Dozer,2022-07-01,0,0,1,20,93.6,5.14,2.9,39.6,77.9,0.81,24.6,180.7,324.6,1675.0,10601,45,18.21,1.7313,91.4,0,2022,7,4,None,None,Medium,123,0
HEMM-D001,Dumper,2022-10-27,2,1,2,3,90.2,4.48,2.42,36.8,83.8,0.96,23.7,179.7,336.6,1714.0,10216,41,20.13,1.4119,96.0,0,2022,10,3,None,None,Medium,139,0
HEMM-DR02,Drill Rig,2023-05-12,1,2,0,20,77.4,3.96,2.21,43.1,84.6,0.86,24.7,188.2,316.3,1607.0,5586,74,19.55,1.3752,96.7,0,2023,5,4,None,None,Low,68,0
HEMM-SC01,Scraper,2021-01-26,5,0,0,11,90.5,4.17,3.9,38.5,79.1,0.75,24.5,179.7,340.0,1762.0,5437,49,21.7,2.2134,88.7,0,2021,1,1,Brake Failure,Brakes,Critical,7,1
HEMM-SC01,Scraper,2021-12-15,5,2,1,13,87.8,4.71,2.42,32.3,89.4,0.85,25.0,188.7,330.1,1801.0,4389,56,18.64,1.3437,97.3,0,2021,12,2,None,None,Low,50,0
HEMM-D003,Dumper,2023-09-24,2,2,2,12,63.0,4.46,2.66,40.5,84.6,0.8,25.1,173.1,316.7,1847.0,1561,31,14.13,1.4402,97.8,0,2023,9,6,None,None,Low,152,0
HEMM-G001,Grader,2022-09-15,4,0,0,11,106.7,4.31,1.71,46.9,81.3,0.8,24.7,170.7,343.8,1820.0,7597,91,24.76,0.9396,87.9,0,2022,9,3,Fuel System Failure,Fuel System,Critical,2,1
HEMM-DR01,Drill Rig,2023-05-01,1,1,0,10,72.9,4.65,1.9,38.3,78.9,0.89,24.7,180.8,317.4,1720.0,9316,100,15.68,1.1047,98.8,0,2023,5,0,None,None,Medium,53,0
HEMM-G002,Grader,2021-09-27,4,0,0,20,86.3,4.82,2.04,38.0,83.3,0.81,24.1,188.7,335.1,1851.0,2223,17,17.9,1.1021,99.2,0,2021,9,0,None,None,Low,39,0
HEMM-D004,Dumper,2022-08-16,2,1,0,6,76.6,4.7,2.66,39.2,81.8,0.87,23.9,187.1,348.4,1792.0,6771,75,16.3,1.4844,97.9,0,2022,8,1,None,None,Low,143,0
HEMM-E002,Excavator,2023-05-07,3,2,0,9,91.5,4.33,1.63,46.6,84.6,0.96,24.5,185.9,279.6,1948.0,5433,103,21.13,0.8368,95.9,0,2023,5,6,None,None,Low,158,0
HEMM-B003,Dozer,2023-10-26,0,2,0,18,84.6,4.25,2.16,36.1,80.1,0.83,24.8,190.4,337.7,1777.0,6625,33,19.91,1.2155,97.5,0,2023,10,3,None,None,Low,40,0
HEMM-DR02,Drill Rig,2022-08-10,1,0,0,6,116.9,4.17,2.16,35.7,81.2,0.6,24.6,191.0,269.5,1849.0,3110,56,28.03,1.1682,81.6,1,2022,8,2,Cooling System Failure,Cooling System,Critical,5,1
HEMM-E001,Excavator,2021-07-21,3,0,0,19,94.7,4.08,1.77,41.5,84.7,0.81,24.8,172.3,348.9,1768.0,10900,58,23.21,1.0011,93.1,0,2021,7,2,None,None,Medium,47,0
HEMM-D001,Dumper,2022-04-05,2,1,1,20,89.0,4.85,2.13,26.6,83.8,0.97,24.2,177.7,349.0,1772.0,10356,69,18.35,1.202,97.6,0,2022,4,1,None,None,Medium,135,0
HEMM-DR01,Drill Rig,2021-02-16,1,0,2,20,98.8,5.13,1.93,39.9,80.2,0.84,23.6,187.9,346.5,1869.0,4295,26,19.26,1.0326,92.4,0,2021,2,1,None,None,Low,78,0
HEMM-D003,Dumper,2023-01-29,2,1,2,20,89.4,4.61,1.98,41.5,78.3,0.88,24.5,193.4,337.5,1874.0,10917,54,19.39,1.0566,96.3,0,2023,1,6,None,None,Medium,78,0
HEMM-E002,Excavator,2021-11-27,3,0,0,12,85.35,5.22,1.82,37.4,81.9,0.8,23.3,180.3,293.9,1653.0,4120,27,16.35,1.101,99.8,0,2021,11,5,None,None,Low,47,0
HEMM-E002,Excavator,2022-10-23,3,1,1,10,88.9,4.17,2.59,42.8,89.6,0.88,24.8,201.3,333.8,1826.0,1261,119,21.32,1.4184,94.6,0,2022,10,6,None,None,Low,59,0
HEMM-DR02,Drill Rig,2023-07-30,1,1,1,20,88.2,4.58,1.83,41.8,86.6,0.88,23.8,194.2,324.1,1861.0,7468,35,19.26,0.9833,98.4,0,2023,7,6,None,None,Low,177,0
HEMM-L002,Wheel Loader,2021-08-16,6,2,0,11,84.3,4.44,2.37,40.3,82.3,1.0,25.1,178.3,301.2,1654.0,2809,36,18.99,1.4329,98.6,0,2021,8,0,None,None,Low,117,0
HEMM-D003,Dumper,2021-01-15,2,2,0,2,94.3,4.77,1.72,33.6,79.4,0.78,24.0,165.8,291.9,1854.0,11374,91,19.77,0.9277,94.3,0,2021,1,4,None,None,Medium,147,0
HEMM-L001,Wheel Loader,2023-03-01,6,1,2,14,89.4,4.03,2.41,40.6,75.6,0.99,24.9,179.2,316.1,1833.0,4460,118,22.18,1.3148,91.7,0,2023,3,2,None,None,Low,110,0
HEMM-SC01,Scraper,2021-02-18,5,0,0,16,87.2,5.38,1.85,45.8,79.0,0.87,24.6,184.0,278.7,1696.0,1179,42,16.21,1.0908,97.7,0,2021,2,3,None,None,Low,113,0
HEMM-D002,Dumper,2023-01-15,2,0,0,17,95.2,5.51,2.05,35.0,77.4,0.89,24.0,170.5,332.6,1799.0,10509,88,17.28,1.1395,92.9,0,2023,1,6,None,None,Medium,96,0
HEMM-D004,Dumper,2021-08-01,2,1,1,9,80.2,4.28,1.99,37.6,88.9,0.83,24.4,174.0,306.4,1783.0,9699,101,18.74,1.1161,98.9,0,2021,8,6,None,None,Medium,42,0
HEMM-G001,Grader,2023-04-26,4,2,0,11,86.8,4.79,1.96,31.9,80.6,0.89,25.4,191.6,308.7,1789.0,2525,36,18.12,1.0956,98.5,0,2023,4,2,None,None,Low,178,0
HEMM-D004,Dumper,2022-11-07,2,2,2,3,84.0,4.03,2.25,38.3,82.4,0.89,24.5,172.8,308.0,1785.0,7707,120,20.84,1.2605,96.9,0,2022,11,0,None,None,Low,136,0
HEMM-E003,Excavator,2022-06-17,3,0,0,10,76.0,5.05,2.17,39.7,78.4,0.99,24.7,173.1,339.6,1745.0,11491,61,15.05,1.2436,98.0,0,2022,6,4,None,None,Medium,152,0
HEMM-B001,Dozer,2022-07-18,0,2,2,2,103.5,4.07,2.51,38.3,79.6,0.95,23.8,155.7,333.9,1808.0,2494,23,25.43,1.3883,86.1,0,2022,7,0,None,None,High,42,0
HEMM-E003,Excavator,2023-01-30,3,2,0,12,87.5,4.83,2.06,36.2,87.3,0.99,24.1,165.9,303.7,1876.0,11894,42,18.12,1.0981,98.6,0,2023,1,0,None,None,Medium,109,0
HEMM-E001,Excavator,2022-09-17,3,0,1,15,93.6,4.47,1.55,34.6,79.2,0.93,24.5,168.0,309.8,1844.0,11230,42,20.94,0.8406,94.4,0,2022,9,5,None,None,Medium,156,0
HEMM-D005,Dumper,2021-10-28,2,2,2,10,85.3,5.11,1.98,40.5,83.2,0.8,24.3,187.8,317.8,1822.0,6495,37,16.69,1.0867,99.8,0,2021,10,3,None,None,Low,92,0
HEMM-E002,Excavator,2022-09-13,3,1,0,19,87.0,4.54,1.33,35.9,82.2,0.9,24.4,168.6,315.3,1740.0,397,38,19.16,0.7644,99.0,0,2022,9,1,None,None,Low,81,0
HEMM-L002,Wheel Loader,2023-04-12,6,0,2,20,99.9,4.07,2.2,51.3,80.7,0.83,23.5,192.9,315.9,1737.0,2991,49,24.55,1.2666,89.3,0,2023,4,2,Fuel System Failure,Fuel System,Critical,5,1
HEMM-G002,Grader,2023-09-21,4,2,1,6,75.4,5.43,1.15,42.3,83.4,0.98,24.3,181.4,327.3,1739.0,8805,66,13.89,0.6613,100.0,0,2023,9,3,None,None,Medium,128,0
HEMM-G002,Grader,2021-01-30,4,2,0,3,64.8,4.29,1.84,43.8,83.2,0.8,24.5,189.4,316.2,1792.0,5809,33,15.1,1.0268,99.0,0,2021,1,5,None,None,Low,41,0
HEMM-D005,Dumper,2022-07-24,2,2,0,4,81.4,5.0,1.77,36.7,79.1,0.94,24.1,185.4,356.6,1966.0,10849,30,16.28,0.9003,98.8,0,2022,7,6,None,None,Medium,90,0
HEMM-D001,Dumper,2023-12-10,2,1,1,7,70.6,4.55,1.63,35.7,86.4,0.94,24.7,183.5,346.3,1891.0,6156,90,15.52,0.862,100.0,0,2023,12,6,None,None,Low,173,0
HEMM-D004,Dumper,2022-11-06,2,2,2,3,75.0,4.55,1.23,30.6,78.6,0.96,24.8,173.8,281.8,1860.0,4647,75,16.48,0.6613,98.6,0,2022,11,6,None,None,Low,145,0
HEMM-SC01,Scraper,2021-06-12,5,1,1,15,95.4,4.95,1.02,39.1,81.0,0.79,24.2,178.2,369.2,1862.0,9484,71,19.27,0.5478,94.4,0,2021,6,5,None,None,Medium,169,0
HEMM-E001,Excavator,2022-05-17,3,1,2,15,74.7,4.09,2.4,41.0,87.5,0.97,24.2,185.1,332.2,1916.0,3107,10,18.26,1.2526,96.8,0,2022,5,1,None,None,Low,138,0
HEMM-B001,Dozer,2021-07-07,0,2,1,7,91.0,3.91,1.6,39.2,86.2,0.93,24.1,171.2,334.4,1695.0,1243,120,23.27,0.944,94.0,0,2021,7,2,None,None,Low,77,0
HEMM-D002,Dumper,2022-03-02,2,1,2,8,92.1,4.43,1.79,42.7,77.8,0.95,24.0,175.1,339.3,1695.0,9795,102,20.79,1.056,94.4,0,2022,3,2,None,None,Medium,76,0
HEMM-D004,Dumper,2021-04-15,2,0,1,3,87.2,4.31,1.81,48.2,83.1,0.77,23.7,184.7,340.4,1857.0,3418,66,20.23,0.9747,98.0,0,2021,4,3,None,None,Low,30,0
HEMM-L001,Wheel Loader,2022-02-09,6,1,2,18,76.4,4.69,1.73,42.8,81.1,0.77,24.0,172.5,292.4,1838.0,9856,32,16.29,0.9412,99.6,0,2022,2,2,None,None,Medium,124,0
HEMM-D001,Dumper,2023-05-31,2,1,2,15,88.7,4.33,1.5,40.1,76.9,0.86,24.9,168.9,300.8,1652.0,10728,29,20.48,0.908,95.3,0,2023,5,2,None,None,Medium,50,0
HEMM-DR02,Drill Rig,2021-01-02,1,0,0,14,94.3,4.32,2.74,34.2,78.0,0.85,24.2,196.3,342.1,1821.0,10052,39,21.83,1.5047,90.6,0,2021,1,5,None,None,Medium,116,0
HEMM-B003,Dozer,2023-11-05,0,0,0,17,85.3,3.93,1.95,39.2,80.3,0.79,24.5,177.6,308.6,1745.0,4849,87,21.7,1.1175,96.3,0,2023,11,6,None,None,Low,147,0
HEMM-SC01,Scraper,2022-05-25,5,0,2,9,102.2,5.22,2.3,33.2,85.6,0.88,24.4,167.4,304.5,1762.0,11305,76,19.58,1.3053,90.5,0,2022,5,2,None,None,High,88,0
HEMM-DR02,Drill Rig,2021-08-17,1,1,2,16,83.1,4.91,1.86,38.7,78.9,0.93,23.7,178.7,309.6,1779.0,306,45,16.92,1.0455,98.8,0,2021,8,1,None,None,Low,109,0
HEMM-E001,Excavator,2022-01-02,3,1,1,14,84.7,4.55,2.13,45.8,84.8,0.98,25.0,182.3,326.2,1607.0,11226,43,18.62,1.3255,99.6,0,2022,1,6,None,None,Medium,83,0
HEMM-DR02,Drill Rig,2022-12-03,1,2,1,18,83.0,5.48,2.02,40.6,77.7,0.86,23.8,186.2,291.9,1768.0,3192,29,15.15,1.1425,98.2,0,2022,12,5,None,None,Low,146,0
HEMM-E002,Excavator,2022-09-22,3,2,2,10,76.4,4.77,2.01,39.4,85.8,0.82,23.9,174.4,338.6,1801.0,5443,103,16.02,1.116,100.0,0,2022,9,3,None,None,Low,65,0
HEMM-B002,Dozer,2022-03-07,0,2,1,5,85.5,4.06,1.96,37.8,80.9,0.76,25.3,195.4,339.6,1765.0,5504,25,21.06,1.1105,97.1,0,2022,3,0,None,None,Low,171,0
HEMM-E001,Excavator,2021-11-20,3,2,0,6,69.5,4.05,2.26,31.6,80.6,0.76,25.5,199.7,296.1,1608.0,5535,71,17.16,1.4055,96.4,0,2021,11,5,None,None,Low,30,0
HEMM-DR01,Drill Rig,2022-07-06,1,1,0,9,80.7,4.78,2.66,32.4,86.6,0.81,24.2,173.7,284.6,1720.0,7932,114,16.88,1.5465,98.0,0,2022,7,2,None,None,Low,173,0
HEMM-B002,Dozer,2022-11-15,0,2,0,12,74.1,5.19,2.24,38.2,81.2,0.99,24.4,177.5,298.0,1814.0,5366,62,14.28,1.2348,99.0,0,2022,11,1,None,None,Low,151,0
HEMM-G002,Grader,2023-05-05,4,1,0,13,81.7,4.21,1.74,36.5,83.4,1.0,24.3,177.7,338.0,1957.0,1106,57,19.41,0.8891,98.6,0,2023,5,4,None,None,Low,129,0
HEMM-D005,Dumper,2023-07-25,2,0,1,1,71.7,4.32,1.8,33.6,79.2,0.79,24.5,180.6,333.0,1817.0,11739,30,16.6,0.9906,98.0,0,2023,7,1,None,None,Medium,40,0
HEMM-B001,Dozer,2022-08-27,0,0,0,1,81.8,4.9,2.1,30.2,79.6,0.87,24.6,198.2,306.0,1955.0,5473,59,16.69,1.0742,98.7,0,2022,8,5,None,None,Low,81,0
HEMM-SC01,Scraper,2022-02-13,5,1,0,20,93.0,3.96,2.15,32.8,82.8,1.0,24.2,123.9,339.4,1575.0,8440,61,23.48,1.3651,92.8,0,2022,2,6,Hydraulic Failure,Hydraulics,Critical,3,1
HEMM-B003,Dozer,2023-09-10,0,2,2,19,73.6,5.11,1.89,38.5,88.4,0.98,24.1,172.0,350.6,1944.0,7898,10,14.4,0.9722,100.0,0,2023,9,6,None,None,Low,96,0
HEMM-L001,Wheel Loader,2022-05-27,6,0,1,20,96.7,4.09,2.25,28.6,78.9,0.86,20.5,182.5,316.5,1881.0,9802,53,23.64,1.1962,90.1,0,2022,5,4,Electrical Fault,Electrical,Critical,5,1
HEMM-SC01,Scraper,2023-01-27,5,0,1,10,72.0,4.76,1.9,43.9,80.4,0.8,24.6,211.3,313.7,1783.0,2019,65,15.13,1.0656,99.4,0,2023,1,4,None,None,Low,87,0
HEMM-D003,Dumper,2022-10-27,2,2,1,14,85.2,4.46,1.78,39.7,84.1,0.9,23.7,185.6,346.5,1880.0,2686,116,19.1,0.9468,99.7,0,2022,10,3,None,None,Low,173,0
HEMM-E002,Excavator,2021-06-30,3,0,2,8,86.5,4.88,1.93,39.5,73.9,0.96,25.3,187.1,308.6,1755.0,5571,78,17.73,1.0997,96.0,0,2021,6,2,None,None,Low,143,0
HEMM-B001,Dozer,2023-12-24,0,0,1,1,80.6,4.96,2.54,39.4,83.8,0.99,24.3,181.2,316.3,1860.0,2501,103,16.25,1.3656,98.4,0,2023,12,6,None,None,Low,150,0
HEMM-B003,Dozer,2023-01-10,0,0,0,7,78.3,4.66,2.18,32.7,72.7,0.99,24.3,183.5,309.4,1849.0,3216,46,16.8,1.179,95.7,0,2023,1,1,None,None,Low,124,0
HEMM-G001,Grader,2022-11-14,4,1,2,9,91.8,4.7,2.36,47.6,79.7,0.77,25.4,179.2,330.3,1839.0,4383,82,19.53,1.2833,94.6,0,2022,11,0,None,None,Low,80,0
HEMM-D005,Dumper,2021-09-02,2,2,0,14,101.4,4.67,2.4,38.6,83.9,0.93,25.0,194.9,314.0,1740.0,7201,55,21.71,1.3793,90.6,0,2021,9,3,None,None,High,172,0
HEMM-L002,Wheel Loader,2021-05-04,6,2,0,12,75.8,4.65,2.31,35.9,77.0,0.92,24.5,168.5,339.8,1684.0,465,77,16.3,1.3717,97.1,0,2021,5,1,None,None,Low,97,0
HEMM-L002,Wheel Loader,2022-11-01,6,2,0,16,82.2,4.73,2.31,34.9,78.6,0.99,24.5,171.5,355.4,1817.0,4830,78,17.38,1.2713,97.7,0,2022,11,1,None,None,Low,179,0
HEMM-D003,Dumper,2021-07-08,2,2,2,4,97.7,4.57,2.54,33.6,84.0,0.85,24.5,194.0,345.0,1815.0,8912,25,21.38,1.3994,92.0,0,2021,7,3,None,None,Medium,61,0
HEMM-D003,Dumper,2023-08-18,2,2,2,7,77.5,4.37,1.97,42.2,84.7,0.89,25.0,177.0,314.7,1666.0,1397,103,17.73,1.1825,99.4,0,2023,8,4,None,None,Low,51,0
HEMM-B001,Dozer,2023-08-12,0,0,1,5,95.5,4.63,2.51,37.7,81.4,0.97,24.5,178.4,296.8,1738.0,10856,47,20.63,1.4442,93.0,0,2023,8,5,None,None,Medium,110,0
HEMM-B003,Dozer,2023-07-19,0,2,2,14,84.7,3.71,2.3,44.7,80.5,0.79,24.6,203.9,341.7,1707.0,551,56,22.83,1.3474,94.6,0,2023,7,2,None,None,Low,83,0
HEMM-G002,Grader,2021-02-08,4,1,1,8,91.4,3.8,1.17,37.0,82.5,0.78,24.1,188.0,285.4,1866.0,5481,59,24.05,0.627,93.3,0,2021,2,0,None,None,Low,137,0
HEMM-E003,Excavator,2022-10-31,3,2,1,15,81.7,5.02,1.36,39.1,83.0,0.82,24.8,188.7,352.8,1822.0,10908,90,16.27,0.7464,100.0,0,2022,10,0,None,None,Medium,38,0
HEMM-G001,Grader,2021-11-09,4,1,1,5,82.7,2.39,2.11,39.0,80.7,0.92,24.6,107.7,298.1,1860.0,3577,44,34.6,1.1344,88.6,1,2021,11,1,Hydraulic Failure,Hydraulics,Critical,0,1
HEMM-SC01,Scraper,2022-12-15,5,1,2,11,85.35,4.37,1.38,45.0,87.5,0.95,25.0,172.4,358.1,1733.0,5366,34,19.53,0.7963,99.2,0,2022,12,3,None,None,Low,156,0
HEMM-B002,Dozer,2021-12-01,0,0,0,9,90.2,4.81,6.6,44.8,49.6,0.82,24.3,182.2,290.1,1835.0,4017,32,18.75,3.5967,70.6,1,2021,12,2,Tyre Burst,Tyres,Critical,7,1
HEMM-G002,Grader,2021-02-22,4,0,0,7,88.8,4.76,2.39,38.4,80.3,0.84,24.8,170.4,328.2,1777.0,6432,11,18.66,1.345,96.2,0,2021,2,0,None,None,Low,30,0
HEMM-E002,Excavator,2022-02-26,3,0,1,19,86.4,4.64,1.42,40.1,84.1,0.87,24.3,196.3,323.9,1862.0,2242,16,18.62,0.7626,99.3,0,2022,2,5,None,None,Low,111,0
HEMM-L002,Wheel Loader,2021-09-07,6,1,2,7,94.7,4.33,1.63,38.9,86.0,0.76,24.3,165.5,317.8,2064.0,2171,67,21.87,0.7897,94.3,0,2021,9,1,None,None,Low,152,0
HEMM-B003,Dozer,2023-05-01,0,1,2,7,84.3,4.46,2.2,40.6,81.7,0.81,24.7,172.0,340.6,1815.0,1687,107,18.9,1.2121,99.1,0,2023,5,0,None,None,Low,148,0
HEMM-B001,Dozer,2023-11-08,0,1,0,15,96.1,4.59,1.75,44.1,79.1,0.78,23.8,178.1,304.6,1788.0,464,5,20.94,0.9787,93.3,0,2023,11,2,None,None,Low,36,0
HEMM-G002,Grader,2021-07-24,4,0,1,12,94.7,4.43,1.79,41.8,90.6,0.98,24.3,192.0,308.9,1926.0,5278,112,21.38,0.9294,94.8,0,2021,7,5,None,None,Low,89,0
HEMM-B002,Dozer,2022-04-15,0,2,0,3,83.5,4.37,1.55,35.7,82.2,0.91,25.1,189.8,290.6,1920.0,10856,87,19.11,0.8073,99.4,0,2022,4,4,None,None,Medium,59,0
HEMM-D001,Dumper,2022-07-17,2,2,1,11,91.7,3.06,2.24,42.6,79.3,0.89,24.1,155.1,312.5,1900.0,943,23,29.97,1.1789,87.6,0,2022,7,6,Hydraulic Failure,Hydraulics,Critical,0,1
HEMM-L002,Wheel Loader,2021-11-15,6,1,2,16,82.3,4.73,2.84,45.2,82.9,0.84,24.5,200.2,343.1,1828.0,838,12,17.4,1.5536,97.5,0,2021,11,0,None,None,Low,66,0
HEMM-B002,Dozer,2023-02-01,0,2,1,14,74.7,2.64,1.74,39.1,86.6,0.84,24.8,107.5,310.9,1679.0,2780,58,28.3,1.0363,90.7,1,2023,2,2,Hydraulic Failure,Hydraulics,Critical,2,1
HEMM-G001,Grader,2021-08-13,4,1,0,1,78.8,4.64,2.11,28.9,86.6,0.91,24.0,172.2,290.0,1794.0,8351,31,16.98,1.1761,99.7,0,2021,8,4,None,None,Medium,84,0
HEMM-G001,Grader,2022-06-28,4,2,1,11,91.3,3.94,2.03,36.8,79.1,0.93,25.0,170.9,331.6,1905.0,666,105,23.17,1.0656,92.8,0,2022,6,1,None,None,Low,75,0
HEMM-L001,Wheel Loader,2021-03-12,6,2,2,5,87.3,4.9,2.48,39.6,81.3,0.89,24.0,175.6,354.9,1780.0,6879,10,17.82,1.3933,97.1,0,2021,3,4,None,None,Low,166,0
HEMM-L002,Wheel Loader,2021-12-14,6,1,1,4,87.3,4.24,6.65,34.7,64.9,0.98,24.0,186.6,344.5,1795.0,444,49,20.59,3.7047,76.8,1,2021,12,1,Tyre Burst,Tyres,Critical,1,1
HEMM-L001,Wheel Loader,2023-08-10,6,0,2,18,70.0,4.47,2.51,43.0,82.9,0.83,24.9,184.2,308.8,1684.0,7415,22,15.66,1.4905,98.3,0,2023,8,3,None,None,Low,122,0
HEMM-D001,Dumper,2022-09-30,2,0,0,16,84.0,4.4,1.52,27.6,85.3,0.83,24.6,180.1,308.2,1785.0,4408,21,19.09,0.8515,99.5,0,2022,9,4,None,None,Low,87,0
HEMM-G001,Grader,2021-07-17,4,0,1,16,80.1,4.3,1.11,38.9,82.1,0.94,23.6,172.8,329.2,1856.0,9559,30,18.63,0.5981,99.0,0,2021,7,5,None,None,Medium,124,0
HEMM-D005,Dumper,2021-10-20,2,1,0,3,87.6,4.17,1.55,30.6,73.8,0.76,24.3,165.9,313.3,1774.0,1753,96,21.01,0.8737,93.8,0,2021,10,2,None,None,Low,73,0
HEMM-D004,Dumper,2022-05-27,2,1,2,9,70.2,5.08,2.53,31.8,83.3,0.76,24.1,161.4,333.1,1775.0,3224,98,13.82,1.4254,98.4,0,2022,5,4,None,None,Low,48,0
HEMM-DR02,Drill Rig,2023-12-01,1,2,1,19,98.9,4.71,1.64,43.6,77.8,0.77,23.9,181.1,307.7,1602.0,4570,102,21.0,1.0237,91.4,0,2023,12,4,None,None,Low,46,0
HEMM-G001,Grader,2021-10-25,4,2,1,2,93.2,4.3,1.7,29.4,86.7,0.96,24.2,182.9,302.7,1828.0,6508,85,21.67,0.93,94.9,0,2021,10,0,None,None,Low,96,0
HEMM-E001,Excavator,2021-01-30,3,1,0,2,81.7,4.34,2.44,48.1,78.5,0.78,24.4,183.3,321.1,1861.0,4096,25,18.82,1.3111,96.5,0,2021,1,5,None,None,Low,106,0
HEMM-L001,Wheel Loader,2023-09-18,6,0,2,7,85.8,4.91,2.33,45.0,80.9,0.89,24.4,192.2,321.0,1813.0,10500,116,17.47,1.2852,98.2,0,2023,9,0,None,None,Medium,68,0
HEMM-E002,Excavator,2023-07-18,3,2,1,9,78.4,5.0,1.68,34.9,80.1,0.96,23.6,185.2,328.2,1864.0,9143,61,15.68,0.9013,99.2,0,2023,7,1,None,None,Medium,90,0
HEMM-L002,Wheel Loader,2022-11-22,6,0,0,6,72.5,4.63,1.72,40.1,78.5,0.91,24.3,182.9,328.9,1862.0,4382,48,15.66,0.9237,98.6,0,2022,11,1,None,None,Low,62,0
HEMM-DR02,Drill Rig,2021-07-17,1,2,1,11,104.4,4.14,2.06,44.1,85.3,0.88,24.8,166.0,323.4,1835.0,8704,38,25.22,1.1226,88.3,0,2021,7,5,None,None,High,141,0
HEMM-DR01,Drill Rig,2021-02-22,1,2,0,5,83.2,4.98,1.82,36.7,82.1,0.87,24.4,161.5,333.7,1785.0,1749,34,16.71,1.0196,100.0,0,2021,2,0,None,None,Low,143,0
HEMM-D004,Dumper,2022-08-29,2,1,0,12,97.8,4.53,1.88,30.6,79.4,0.76,25.2,197.2,321.1,1576.0,5230,62,21.59,1.1929,92.6,0,2022,8,0,None,None,Low,161,0
HEMM-D003,Dumper,2023-10-31,2,1,1,13,99.3,4.08,2.17,42.6,79.2,0.87,23.6,176.6,322.2,1793.0,8570,29,24.34,1.2103,89.1,0,2023,10,1,None,None,Medium,99,0
HEMM-E003,Excavator,2021-02-04,3,1,1,12,77.7,3.9,2.22,34.0,78.3,0.79,24.8,173.0,296.0,1737.0,8811,81,19.92,1.2781,94.9,0,2021,2,3,None,None,Medium,51,0
HEMM-L002,Wheel Loader,2023-12-12,6,1,1,18,72.1,4.42,2.09,32.7,87.4,1.0,23.9,180.5,321.3,1785.0,6141,74,16.31,1.1709,99.3,0,2023,12,1,None,None,Low,87,0
HEMM-L002,Wheel Loader,2021-12-08,6,0,1,6,89.1,4.32,2.09,36.9,83.5,0.91,25.2,190.0,309.5,1648.0,1840,92,20.62,1.2682,96.8,0,2021,12,2,None,None,Low,72,0
HEMM-E003,Excavator,2021-11-08,3,2,1,20,83.5,4.18,1.72,36.9,88.9,0.93,25.0,178.0,320.5,1913.0,7147,114,19.98,0.8991,98.4,0,2021,11,0,None,None,Low,39,0
HEMM-G002,Grader,2022-08-31,4,0,0,17,89.2,5.12,1.19,37.3,87.4,0.77,23.9,163.9,332.4,2046.0,7101,119,17.42,0.5816,97.9,0,2022,8,2,None,None,Low,56,0
HEMM-D005,Dumper,2022-09-07,2,1,2,3,73.9,3.89,2.27,25.5,79.3,0.84,24.6,170.6,340.7,1673.0,4317,95,19.0,1.3568,95.1,0,2022,9,2,None,None,Low,150,0
HEMM-E002,Excavator,2021-05-17,3,1,0,14,85.35,4.3,2.75,36.2,86.3,0.84,24.3,168.3,306.7,1748.0,2498,23,19.85,1.5732,96.6,0,2021,5,0,None,None,Low,142,0
HEMM-E003,Excavator,2023-03-13,3,1,1,14,86.8,4.15,1.7,39.0,70.1,0.82,23.8,192.1,344.8,1742.0,6606,80,20.92,0.9759,92.6,0,2023,3,0,None,None,Low,103,0
HEMM-G001,Grader,2021-05-25,4,1,0,9,107.3,4.89,4.23,34.2,91.1,0.78,24.4,206.3,333.3,1832.0,2500,119,21.94,2.309,82.2,0,2021,5,1,Brake Failure,Brakes,Critical,2,1
HEMM-DR02,Drill Rig,2021-10-19,1,2,2,9,91.2,4.68,5.9,38.6,53.4,0.84,25.5,181.9,309.8,1762.0,5565,6,19.49,3.3485,73.8,1,2021,10,1,Tyre Burst,Tyres,Critical,4,1
HEMM-L001,Wheel Loader,2022-04-21,6,2,1,15,82.0,4.16,1.86,39.2,82.3,0.93,24.7,170.7,327.9,1699.0,5095,110,19.71,1.0948,98.3,0,2022,4,3,None,None,Low,56,0
HEMM-DR02,Drill Rig,2021-11-11,1,1,0,11,87.1,5.18,2.79,41.3,85.4,0.77,24.5,163.2,332.4,1667.0,4658,10,16.81,1.6737,96.6,0,2021,11,3,None,None,Low,175,0
HEMM-B001,Dozer,2021-08-20,0,2,1,15,85.5,4.75,1.56,37.3,80.1,0.93,25.1,169.1,300.5,1762.0,7178,79,18.0,0.8854,99.0,0,2021,8,4,None,None,Low,85,0
HEMM-L001,Wheel Loader,2022-08-20,6,1,2,17,85.2,5.67,2.07,39.7,75.8,0.94,24.1,165.6,335.7,1743.0,1888,16,15.03,1.1876,97.2,0,2022,8,5,None,None,Low,59,0
HEMM-G001,Grader,2022-05-10,4,2,0,16,84.1,4.55,2.05,31.8,81.7,0.99,18.7,173.6,300.7,1561.0,11694,60,18.48,1.3133,99.7,0,2022,5,1,Electrical Fault,Electrical,Critical,1,1
HEMM-B001,Dozer,2022-05-31,0,2,2,17,83.6,5.11,2.29,39.1,79.1,0.86,24.4,189.0,298.1,1872.0,5587,58,16.36,1.2233,98.0,0,2022,5,1,None,None,Low,52,0
HEMM-G001,Grader,2021-06-20,4,1,0,4,86.5,4.95,1.46,29.3,78.8,0.82,24.5,184.5,333.0,1717.0,11883,108,17.47,0.8503,98.0,0,2021,6,6,None,None,Medium,35,0
HEMM-L001,Wheel Loader,2022-03-30,6,2,1,14,106.8,3.66,2.01,40.7,85.1,0.85,23.8,181.9,317.4,1766.0,11105,39,29.18,1.1382,84.9,0,2022,3,2,None,None,High,130,0
HEMM-L001,Wheel Loader,2023-02-09,6,2,1,17,74.9,4.67,2.09,31.5,82.4,0.98,24.6,162.6,352.1,1708.0,11137,53,16.04,1.2237,99.7,0,2023,2,3,None,None,Medium,61,0
HEMM-D004,Dumper,2021-07-14,2,1,2,8,92.1,4.51,2.37,35.5,82.8,0.76,25.0,182.1,341.0,1808.0,6109,79,20.42,1.3108,95.3,0,2021,7,2,None,None,Low,69,0
HEMM-DR01,Drill Rig,2023-03-18,1,2,0,2,79.4,5.29,1.74,29.7,85.4,0.78,24.4,183.0,284.6,1895.0,5890,87,15.01,0.9182,100.0,0,2023,3,5,None,None,Low,136,0
HEMM-L002,Wheel Loader,2021-03-18,6,0,1,14,96.5,3.92,2.12,47.3,80.1,0.96,24.6,184.7,312.6,1802.0,11162,8,24.62,1.1765,90.2,0,2021,3,3,None,None,Medium,68,0
HEMM-D001,Dumper,2022-11-05,2,1,1,10,71.6,4.09,2.23,48.9,79.2,0.82,25.7,178.3,327.8,1701.0,6952,107,17.51,1.311,96.1,0,2022,11,5,None,None,Low,126,0
HEMM-B001,Dozer,2023-01-05,0,2,0,12,85.3,5.14,1.81,40.2,75.4,0.82,24.9,177.8,321.0,1916.0,5973,36,16.6,0.9447,97.2,0,2023,1,3,None,None,Low,165,0
HEMM-D002,Dumper,2022-10-27,2,0,2,9,92.4,4.34,1.39,38.9,79.4,0.8,23.9,190.2,324.6,1836.0,2831,31,21.29,0.7571,94.5,0,2022,10,3,None,None,Low,76,0
HEMM-SC01,Scraper,2022-10-22,5,2,1,13,75.0,4.88,2.06,32.1,79.7,0.86,24.5,165.3,324.7,1880.0,5910,104,15.37,1.0957,98.9,0,2022,10,5,None,None,Low,173,0
HEMM-D003,Dumper,2022-11-15,2,0,1,20,81.8,4.54,2.19,38.7,82.6,0.98,24.1,158.6,313.0,1748.0,9018,99,18.02,1.2529,99.4,0,2022,11,1,None,None,Medium,132,0
HEMM-B002,Dozer,2021-07-27,0,2,0,3,86.2,4.4,1.87,35.7,77.7,0.97,25.5,162.3,319.4,1667.0,10676,56,19.59,1.1218,97.2,0,2021,7,1,None,None,Medium,121,0
HEMM-E001,Excavator,2023-02-23,3,1,0,9,81.6,4.77,1.64,40.1,81.3,0.9,24.5,167.4,334.4,1774.0,11789,67,17.11,0.9245,99.7,0,2023,2,3,None,None,Medium,59,0
HEMM-DR02,Drill Rig,2023-01-11,1,1,1,6,91.9,4.27,1.75,38.2,79.8,0.88,24.9,180.7,301.1,1890.0,5488,7,21.52,0.9259,94.5,0,2023,1,2,None,None,Low,101,0
HEMM-B002,Dozer,2023-11-03,0,2,2,18,85.35,4.85,2.11,40.2,84.5,0.89,24.6,178.3,316.0,1760.0,5053,101,17.6,1.1989,99.5,0,2023,11,4,None,None,Low,97,0
HEMM-G002,Grader,2021-06-05,4,1,2,3,78.9,4.8,2.19,45.4,81.3,0.87,24.8,156.5,343.6,1891.0,1683,96,16.44,1.1581,99.2,0,2021,6,5,None,None,Low,145,0
HEMM-G002,Grader,2022-06-24,4,1,0,11,76.5,4.51,4.95,37.7,53.0,0.82,24.5,182.2,291.3,1848.0,8929,50,16.96,2.6786,79.6,0,2022,6,4,Tyre Burst,Tyres,Critical,6,1
HEMM-B002,Dozer,2021-06-18,0,0,1,8,90.3,4.38,2.01,27.6,80.8,0.92,23.8,195.2,307.3,1820.0,7450,110,20.62,1.1044,96.2,0,2021,6,4,None,None,Low,75,0
HEMM-D005,Dumper,2022-07-15,2,1,2,16,87.9,4.43,1.36,36.5,86.4,0.91,24.1,171.3,340.4,1702.0,3877,111,19.84,0.7991,98.2,0,2022,7,4,None,None,Low,143,0
HEMM-E003,Excavator,2022-04-08,3,0,0,7,71.9,4.79,2.29,45.2,81.9,0.82,24.4,170.0,320.0,1869.0,2581,6,15.01,1.2253,99.1,0,2022,4,4,None,None,Low,116,0
HEMM-D001,Dumper,2023-09-17,2,0,2,14,85.35,4.63,2.62,33.9,78.6,0.81,24.4,187.3,275.9,1727.0,9314,75,18.43,1.5171,96.6,0,2023,9,6,None,None,Medium,175,0
HEMM-E001,Excavator,2023-11-29,3,2,0,13,79.2,4.9,2.07,42.1,76.2,0.79,24.7,178.5,326.0,1963.0,10476,78,16.16,1.0545,97.5,0,2023,11,2,None,None,Medium,38,0
HEMM-G001,Grader,2022-06-24,4,0,1,12,76.5,4.35,1.61,36.0,84.4,0.98,24.0,173.1,301.5,1661.0,6172,120,17.59,0.9693,99.2,0,2022,6,4,None,None,Low,31,0
HEMM-G001,Grader,2021-06-07,4,2,2,5,93.4,4.52,1.32,28.3,84.4,0.87,24.8,170.1,304.9,1893.0,5470,115,20.66,0.6973,95.8,0,2021,6,0,None,None,Low,161,0
HEMM-SC01,Scraper,2021-09-21,5,1,2,17,89.6,4.45,2.46,42.0,86.5,0.79,24.9,191.5,324.1,1718.0,11805,65,20.13,1.4319,96.1,0,2021,9,1,None,None,Medium,85,0
HEMM-E003,Excavator,2022-12-15,3,2,0,18,76.9,4.45,2.43,42.1,84.3,0.78,24.7,182.3,294.3,1831.0,3869,64,17.28,1.3271,98.5,0,2022,12,3,None,None,Low,104,0
HEMM-D002,Dumper,2023-08-01,2,2,0,15,127.2,4.65,1.84,43.3,82.3,0.59,24.1,186.7,402.3,1986.0,8345,80,27.35,0.9265,78.9,1,2023,8,1,Engine Overheat,Engine,Critical,2,1
HEMM-SC01,Scraper,2023-07-08,5,2,2,2,79.1,4.93,5.3,35.7,51.5,0.92,24.1,180.3,297.3,1758.0,5895,66,16.04,3.0148,77.9,1,2023,7,5,Tyre Burst,Tyres,Critical,5,1
HEMM-B001,Dozer,2022-06-01,0,2,0,1,101.3,4.33,2.49,35.7,85.6,1.0,25.0,189.6,292.9,1825.0,11891,81,23.39,1.3644,89.5,0,2022,6,2,None,None,High,85,0
HEMM-D005,Dumper,2023-03-23,2,1,2,15,93.8,5.19,1.35,39.7,83.1,0.92,24.4,190.1,328.6,1636.0,5276,73,18.07,0.8252,95.6,0,2023,3,3,None,None,Low,131,0
HEMM-B003,Dozer,2022-04-22,0,2,2,17,71.2,4.05,2.35,32.9,83.9,0.77,25.2,185.8,321.8,1923.0,6870,23,17.58,1.222,96.7,0,2022,4,4,None,None,Low,167,0
HEMM-B003,Dozer,2021-01-14,0,2,0,2,73.9,4.75,2.4,35.6,87.6,0.84,24.2,180.2,302.0,1749.0,11867,101,15.56,1.3722,98.8,0,2021,1,3,None,None,Medium,63,0
HEMM-D003,Dumper,2021-05-11,2,2,1,14,95.0,4.36,2.59,30.0,80.4,0.98,23.8,188.9,323.0,1922.0,2841,98,21.79,1.3476,91.9,0,2021,5,1,None,None,Low,159,0
HEMM-E001,Excavator,2022-01-07,3,1,1,16,72.8,2.37,5.31,33.9,85.8,0.8,24.1,169.3,306.1,1550.0,2157,47,30.72,3.4258,79.4,1,2022,1,4,Transmission Failure,Transmission,Critical,6,1
HEMM-DR01,Drill Rig,2023-02-20,1,2,0,16,90.3,4.28,1.65,46.4,75.6,0.76,24.7,184.5,309.4,1725.0,2469,113,21.1,0.9565,93.7,0,2023,2,0,None,None,Low,47,0
HEMM-B002,Dozer,2022-12-29,0,1,1,14,89.5,5.1,1.82,45.6,83.5,0.95,24.5,168.2,311.5,1884.0,4328,68,17.55,0.966,97.8,0,2022,12,3,None,None,Low,48,0
HEMM-G002,Grader,2022-02-15,4,1,1,12,90.4,4.37,2.17,31.6,76.6,0.86,24.7,168.1,343.0,1827.0,10804,86,20.69,1.1877,94.0,0,2022,2,1,None,None,Medium,128,0
HEMM-D004,Dumper,2023-12-09,2,0,2,1,77.9,4.43,6.6,48.3,42.6,0.83,24.4,179.7,323.7,1699.0,10131,12,17.58,3.8846,70.1,1,2023,12,5,Tyre Burst,Tyres,Critical,5,1
HEMM-E001,Excavator,2021-01-04,3,2,0,1,77.3,5.24,1.3,41.5,74.4,0.9,24.1,170.5,332.8,1626.0,276,46,14.75,0.7995,97.0,0,2021,1,0,None,None,Low,155,0
HEMM-G001,Grader,2021-05-23,4,1,0,7,96.4,3.91,1.67,38.4,81.1,0.92,24.9,176.7,306.7,1651.0,10628,84,24.65,1.0115,91.0,0,2021,5,6,None,None,Medium,104,0
HEMM-E002,Excavator,2022-12-09,3,1,2,5,88.9,2.5,1.87,37.4,74.9,0.84,25.2,108.5,293.2,1863.0,10025,52,35.56,1.0038,85.2,1,2022,12,4,Hydraulic Failure,Hydraulics,Critical,7,1
HEMM-L002,Wheel Loader,2021-11-01,6,0,2,1,82.0,4.31,1.88,38.9,81.1,0.86,25.1,171.4,346.3,1854.0,10392,9,19.03,1.014,98.7,0,2021,11,0,None,None,Medium,121,0
HEMM-D004,Dumper,2022-10-01,2,0,1,4,87.6,4.38,2.14,42.5,84.4,0.99,24.5,166.5,347.2,1639.0,5918,92,20.0,1.3057,97.7,0,2022,10,5,None,None,Low,132,0
HEMM-E001,Excavator,2021-07-24,3,0,2,7,98.2,4.47,2.03,43.8,87.5,0.98,24.3,172.9,316.3,1718.0,10087,24,21.97,1.1816,93.2,0,2021,7,5,None,None,Medium,107,0
HEMM-DR02,Drill Rig,2023-03-08,1,0,1,4,90.7,4.86,2.41,38.4,77.3,0.96,24.4,178.8,318.8,1828.0,11156,75,18.66,1.3184,94.0,0,2023,3,2,None,None,Medium,90,0
HEMM-G001,Grader,2021-10-17,4,1,0,16,111.9,4.61,1.95,33.9,84.8,0.29,24.5,184.8,288.9,1869.0,3285,106,24.27,1.0433,86.6,1,2021,10,6,Cooling System Failure,Cooling System,Critical,0,1
HEMM-D004,Dumper,2023-12-01,2,1,2,11,73.5,5.55,1.51,35.7,83.5,0.87,24.3,186.7,339.2,1805.0,8839,77,13.24,0.8366,100.0,0,2023,12,4,None,None,Medium,60,0
HEMM-L002,Wheel Loader,2023-03-19,6,2,1,7,73.8,5.02,2.04,36.0,75.4,0.91,25.0,180.0,318.8,1918.0,4829,46,14.7,1.0636,97.2,0,2023,3,6,None,None,Low,143,0
HEMM-E002,Excavator,2022-08-23,3,2,0,14,133.4,4.79,1.75,31.0,83.6,0.42,23.5,170.8,362.4,1870.0,6823,60,27.85,0.9358,75.8,1,2022,8,1,Cooling System Failure,Cooling System,Critical,0,1
HEMM-D004,Dumper,2022-10-21,2,2,0,16,84.8,4.21,0.72,35.5,82.2,0.92,25.2,179.4,308.8,1866.0,10188,54,20.14,0.3859,98.6,0,2022,10,4,None,None,Medium,66,0
HEMM-B002,Dozer,2021-04-23,0,2,0,2,83.0,4.94,2.69,36.6,79.4,0.79,25.2,180.7,302.3,1801.0,3281,16,16.8,1.4936,96.9,0,2021,4,4,None,None,Low,60,0
HEMM-SC01,Scraper,2021-12-22,5,2,1,11,66.7,3.96,6.59,38.8,87.6,0.85,25.6,187.6,314.7,1212.0,985,73,16.84,5.4373,83.5,1,2021,12,2,Transmission Failure,Transmission,Critical,4,1
HEMM-E002,Excavator,2022-12-22,3,2,0,2,82.4,5.05,2.29,41.3,78.5,0.96,25.0,174.5,320.8,1745.0,11409,116,16.32,1.3123,97.7,0,2022,12,3,None,None,Medium,73,0
HEMM-L002,Wheel Loader,2022-01-01,6,2,1,12,79.7,3.92,2.45,29.8,83.4,0.83,24.0,184.2,340.7,1834.0,11359,94,20.33,1.3359,95.8,0,2022,1,5,None,None,Medium,154,0
HEMM-D004,Dumper,2023-07-26,2,1,1,8,93.2,4.89,1.87,36.8,78.7,0.75,24.9,172.1,296.1,1837.0,11872,45,19.06,1.018,94.6,0,2023,7,2,None,None,Medium,151,0
HEMM-L001,Wheel Loader,2022-02-28,6,2,0,20,83.4,4.64,2.04,32.2,80.0,0.95,23.7,192.2,345.3,1778.0,455,10,17.97,1.1474,99.1,0,2022,2,0,None,None,Low,128,0
HEMM-D004,Dumper,2022-08-18,2,1,0,8,83.3,4.81,1.54,35.1,81.3,0.91,24.6,176.8,343.9,1681.0,11006,109,17.32,0.9161,99.7,0,2022,8,3,None,None,Medium,153,0
HEMM-G002,Grader,2022-04-13,4,0,1,13,96.8,4.89,2.48,43.4,82.9,0.78,24.5,160.8,331.3,1778.0,933,24,19.8,1.3948,92.7,0,2022,4,2,None,None,Low,120,0
HEMM-B001,Dozer,2023-05-16,0,2,2,19,96.5,4.03,1.5,31.5,78.4,0.8,25.1,185.3,330.7,2141.0,11835,115,23.95,0.7006,90.5,0,2023,5,1,None,None,Medium,133,0
HEMM-B001,Dozer,2023-04-19,0,2,0,1,82.5,4.61,1.56,39.7,84.8,0.97,23.9,171.1,313.6,1907.0,7013,110,17.9,0.818,100.0,0,2023,4,2,None,None,Low,137,0
HEMM-E002,Excavator,2023-09-27,3,0,2,20,85.2,4.33,2.42,34.2,81.4,0.8,24.6,187.6,363.4,1750.0,370,85,19.68,1.3829,97.6,0,2023,9,2,None,None,Low,161,0
HEMM-DR02,Drill Rig,2021-09-21,1,2,1,8,75.0,4.55,7.92,45.9,45.9,0.9,24.0,171.7,378.9,1700.0,1355,86,16.48,4.6588,67.8,1,2021,9,1,Tyre Burst,Tyres,Critical,7,1
HEMM-E001,Excavator,2022-11-02,3,1,2,9,84.7,4.04,1.19,36.8,82.9,1.0,24.8,178.4,306.9,1773.0,11355,96,20.97,0.6712,97.7,0,2022,11,2,None,None,Medium,82,0
HEMM-SC01,Scraper,2022-08-10,5,0,1,19,94.5,4.64,2.53,40.1,81.9,0.96,24.1,186.0,306.4,1921.0,4484,18,20.37,1.317,93.6,0,2022,8,2,None,None,Low,31,0
HEMM-E002,Excavator,2021-06-27,3,2,2,16,87.6,4.71,1.66,37.9,79.3,0.89,25.3,170.0,303.9,1900.0,3489,21,18.6,0.8737,97.6,0,2021,6,6,None,None,Low,47,0
HEMM-L001,Wheel Loader,2023-09-08,6,1,0,4,80.5,4.41,2.33,35.8,78.6,0.84,24.0,183.5,330.4,1860.0,3946,9,18.25,1.2527,97.2,0,2023,9,4,None,None,Low,59,0
HEMM-D003,Dumper,2022-05-11,2,0,2,20,74.3,4.46,4.05,44.1,85.3,0.99,24.8,163.2,326.9,1989.0,6276,61,16.66,2.0362,93.6,0,2022,5,2,Brake Failure,Brakes,Critical,0,1
HEMM-E002,Excavator,2022-10-14,3,1,0,19,84.5,4.47,2.04,35.6,85.7,0.84,24.7,176.2,308.9,1788.0,432,24,18.9,1.1409,99.7,0,2022,10,4,None,None,Low,82,0
HEMM-B001,Dozer,2021-12-26,0,0,2,15,85.2,2.59,2.35,35.4,85.5,0.99,24.7,108.0,339.9,1859.0,3487,120,32.9,1.2641,89.3,1,2021,12,6,Hydraulic Failure,Hydraulics,Critical,6,1
HEMM-B002,Dozer,2023-11-02,0,1,1,8,92.0,4.47,1.74,40.6,88.1,0.79,23.9,168.8,303.6,1675.0,3214,85,20.58,1.0388,96.4,0,2023,11,3,None,None,Low,104,0
HEMM-DR02,Drill Rig,2021-02-21,1,0,2,3,80.5,4.54,2.37,44.0,77.2,0.98,23.6,180.3,314.6,1619.0,4226,82,17.73,1.4639,97.0,0,2021,2,6,None,None,Low,42,0
HEMM-E001,Excavator,2021-10-21,3,2,2,11,95.3,3.41,2.05,36.5,87.5,0.85,24.0,98.6,311.6,1900.0,1129,19,27.95,1.0789,89.2,0,2021,10,3,Hydraulic Failure,Hydraulics,Critical,0,1
HEMM-B003,Dozer,2023-01-29,0,1,1,5,119.0,4.44,2.42,48.6,81.8,0.56,23.8,193.8,410.3,1914.0,1900,92,26.8,1.2644,81.4,1,2023,1,6,Engine Overheat,Engine,Critical,0,1
HEMM-G002,Grader,2021-09-03,4,1,1,2,82.5,3.2,5.87,48.0,82.3,0.9,23.9,170.4,297.0,1352.0,9434,74,25.78,4.3417,81.9,1,2021,9,4,Transmission Failure,Transmission,Critical,7,1
HEMM-B002,Dozer,2023-03-04,0,0,2,8,85.6,4.92,1.97,33.6,80.1,0.77,24.7,169.7,288.2,1723.0,11388,67,17.4,1.1434,98.9,0,2023,3,5,None,None,Medium,171,0
HEMM-DR02,Drill Rig,2023-09-09,1,1,0,15,81.7,3.91,2.38,43.2,79.7,0.95,24.3,198.0,320.7,1799.0,8989,117,20.9,1.323,95.0,0,2023,9,5,None,None,Medium,91,0
HEMM-B002,Dozer,2021-12-24,0,0,2,9,101.6,3.03,2.18,38.7,83.4,0.99,24.7,129.7,293.2,1828.0,2826,52,33.53,1.1926,83.8,0,2021,12,4,Hydraulic Failure,Hydraulics,Critical,4,1
HEMM-D002,Dumper,2023-07-31,2,0,1,18,91.9,3.78,1.43,42.0,80.2,0.89,23.3,190.0,305.8,1771.0,3918,56,24.31,0.8075,92.2,0,2023,7,0,None,None,Low,140,0
HEMM-G001,Grader,2022-03-03,4,0,2,14,93.0,4.22,2.24,38.2,90.1,0.88,24.4,178.6,332.1,1728.0,7044,63,22.04,1.2963,93.9,0,2022,3,3,None,None,Low,85,0
HEMM-G002,Grader,2023-08-08,4,0,0,11,76.0,4.75,4.45,41.7,75.9,0.93,25.3,174.4,317.1,1958.0,5541,90,16.0,2.2727,90.2,0,2023,8,1,Brake Failure,Brakes,Critical,3,1
HEMM-E002,Excavator,2022-01-27,3,2,2,7,82.8,4.7,1.85,35.3,85.2,0.9,24.6,180.5,321.5,1770.0,11002,105,17.62,1.0452,100.0,0,2022,1,3,None,None,Medium,32,0
HEMM-DR02,Drill Rig,2023-04-17,1,0,1,10,85.5,4.28,2.25,38.0,77.8,0.91,25.3,187.3,317.9,1735.0,3698,55,19.98,1.2968,96.2,0,2023,4,0,None,None,Low,92,0
HEMM-SC01,Scraper,2023-07-16,5,0,1,20,93.8,4.86,2.09,38.6,78.8,0.77,24.0,163.1,349.9,1671.0,6952,11,19.3,1.2507,94.0,0,2023,7,6,None,None,Low,46,0
HEMM-SC01,Scraper,2021-11-17,5,2,1,13,84.9,4.35,1.85,41.0,79.2,0.77,24.5,181.3,278.0,1865.0,8678,60,19.52,0.992,98.1,0,2021,11,2,None,None,Medium,121,0
HEMM-D001,Dumper,2022-02-27,2,0,0,19,86.3,4.82,2.11,37.8,86.5,0.99,24.6,168.7,344.2,1754.0,11128,27,17.9,1.203,99.0,0,2022,2,6,None,None,Medium,179,0
HEMM-D005,Dumper,2023-04-04,2,2,0,7,83.4,4.85,1.98,38.5,82.9,0.97,24.9,190.3,339.9,1897.0,2668,57,17.2,1.0438,100.0,0,2023,4,1,None,None,Low,65,0
HEMM-D005,Dumper,2023-09-24,2,0,2,20,85.5,4.48,2.04,45.8,81.4,0.81,24.6,196.6,321.7,2008.0,10232,72,19.08,1.0159,99.3,0,2023,9,6,None,None,Medium,55,0
HEMM-D002,Dumper,2021-07-18,2,1,1,3,78.5,4.83,1.23,38.9,83.5,0.82,24.0,164.4,323.1,1772.0,551,6,16.25,0.6941,100.0,0,2021,7,6,None,None,Low,149,0
HEMM-D003,Dumper,2022-10-04,2,0,0,7,84.9,3.66,2.4,41.7,88.5,0.93,24.0,174.3,314.3,1831.0,2667,32,23.2,1.3108,94.6,0,2022,10,1,None,None,Low,110,0
HEMM-G001,Grader,2022-10-09,4,2,2,15,90.6,5.1,7.96,45.7,48.4,0.77,24.6,190.4,322.1,1766.0,7983,48,17.76,4.5074,65.9,1,2022,10,6,Tyre Burst,Tyres,Critical,4,1
HEMM-SC01,Scraper,2021-11-24,5,1,2,6,84.4,3.69,1.6,35.0,79.6,0.81,24.5,179.5,335.4,1945.0,7002,20,22.87,0.8226,95.0,0,2021,11,2,None,None,Low,69,0
HEMM-DR01,Drill Rig,2021-11-21,1,2,2,18,92.7,5.06,1.79,36.1,85.5,0.92,23.6,183.8,325.9,1627.0,10500,65,18.32,1.1002,96.2,0,2021,11,6,None,None,Medium,147,0
HEMM-E003,Excavator,2021-08-21,3,2,1,5,114.7,4.65,2.34,44.1,80.8,0.31,25.6,167.7,319.0,1773.0,7489,17,24.67,1.3198,83.6,1,2021,8,5,Cooling System Failure,Cooling System,Critical,6,1
HEMM-G002,Grader,2023-09-04,4,1,0,1,95.0,4.74,2.62,33.1,80.1,0.78,23.8,174.9,302.0,1643.0,9803,93,20.04,1.5946,92.4,0,2023,9,0,None,None,Medium,100,0
HEMM-E001,Excavator,2023-07-06,3,1,0,16,82.1,5.31,2.44,37.1,85.5,0.78,23.9,181.9,320.8,1879.0,11206,77,15.46,1.2986,98.7,0,2023,7,3,None,None,Medium,175,0
HEMM-D003,Dumper,2023-01-28,2,1,0,6,81.2,4.65,1.49,36.0,88.5,0.94,25.0,169.7,336.6,1729.0,2410,84,17.46,0.8618,100.0,0,2023,1,5,None,None,Low,80,0
HEMM-D005,Dumper,2021-08-16,2,2,0,7,70.4,4.15,1.46,40.5,82.5,0.85,23.7,177.5,317.7,1935.0,10591,46,16.96,0.7545,98.2,0,2021,8,0,None,None,Medium,114,0
HEMM-D003,Dumper,2022-12-28,2,2,2,16,85.7,4.38,1.88,45.0,81.4,0.9,24.5,192.8,324.5,1721.0,461,84,19.57,1.0924,98.8,0,2022,12,2,None,None,Low,156,0
HEMM-E001,Excavator,2023-01-18,3,0,2,7,96.0,5.3,2.64,31.4,76.3,0.86,23.9,196.3,320.4,1639.0,8611,40,18.11,1.6107,90.3,0,2023,1,2,None,None,Medium,124,0
HEMM-D001,Dumper,2023-09-30,2,0,1,6,76.8,4.87,1.9,39.5,78.7,0.78,25.4,183.3,330.3,1716.0,1052,88,15.77,1.1072,98.7,0,2023,9,5,None,None,Low,72,0
HEMM-B001,Dozer,2023-07-09,0,0,2,11,90.2,4.69,2.28,34.2,74.1,0.8,24.7,174.6,286.5,1774.0,862,39,19.23,1.2852,93.4,0,2023,7,6,None,None,Low,134,0
HEMM-DR02,Drill Rig,2021-06-14,1,0,2,18,94.3,3.71,2.18,49.7,86.0,0.89,21.3,181.7,289.1,1713.0,714,21,25.42,1.2726,90.9,0,2021,6,0,Electrical Fault,Electrical,Critical,0,1
HEMM-G002,Grader,2022-02-13,4,0,2,13,82.5,4.21,1.8,38.6,79.3,0.99,25.3,194.8,327.4,1554.0,6563,9,19.6,1.1583,97.5,0,2022,2,6,None,None,Low,44,0
HEMM-G002,Grader,2022-11-19,4,0,2,17,88.5,5.04,1.87,33.3,78.5,0.81,25.1,184.4,276.8,1715.0,7155,57,17.56,1.0904,96.8,0,2022,11,5,None,None,Low,134,0
HEMM-G001,Grader,2022-06-20,4,2,0,7,83.0,5.07,5.17,41.1,43.8,0.92,24.8,186.5,324.2,1674.0,8208,41,16.37,3.0884,75.2,1,2022,6,0,Tyre Burst,Tyres,Critical,7,1
HEMM-B003,Dozer,2023-11-09,0,1,1,1,99.0,4.29,2.27,50.3,84.5,0.84,23.9,187.9,343.3,1702.0,2305,108,23.08,1.3337,91.1,0,2023,11,3,None,None,Low,130,0
HEMM-E001,Excavator,2023-02-04,3,1,1,5,79.0,4.63,1.03,40.1,84.0,0.78,24.5,172.2,343.3,1698.0,9570,107,17.06,0.6066,100.0,0,2023,2,5,None,None,Medium,148,0
HEMM-D003,Dumper,2021-01-20,2,2,2,1,93.1,3.97,2.57,51.0,83.7,0.81,24.8,182.2,354.9,1797.0,5789,116,23.45,1.4302,91.6,0,2021,1,2,Fuel System Failure,Fuel System,Critical,7,1
HEMM-D004,Dumper,2021-09-07,2,1,1,5,79.9,4.14,1.94,46.0,81.2,0.87,25.1,182.0,337.4,1798.0,3468,100,19.3,1.079,97.9,0,2021,9,1,None,None,Low,51,0
HEMM-D003,Dumper,2021-01-08,2,0,2,8,93.3,4.58,5.99,33.3,83.8,0.91,23.7,169.2,338.4,2076.0,3644,11,20.37,2.8854,83.9,1,2021,1,4,Brake Failure,Brakes,Critical,5,1
HEMM-L001,Wheel Loader,2022-02-09,6,2,1,16,72.3,4.78,1.65,40.1,85.2,0.99,25.2,177.5,329.6,1804.0,10119,95,15.13,0.9146,100.0,0,2022,2,2,None,None,Medium,99,0
HEMM-D002,Dumper,2023-06-26,2,1,1,17,83.9,4.83,2.07,35.6,81.5,0.87,24.9,186.7,301.5,1800.0,303,15,17.37,1.15,99.6,0,2023,6,0,None,None,Low,125,0
HEMM-B001,Dozer,2021-10-22,0,2,1,19,79.2,4.06,2.34,42.5,81.2,0.88,24.9,187.8,318.8,1862.0,3302,94,19.51,1.2567,96.5,0,2021,10,4,None,None,Low,147,0
HEMM-D003,Dumper,2022-01-21,2,1,0,11,89.0,4.44,1.46,42.3,83.3,0.94,24.6,188.0,311.9,1863.0,3930,25,20.05,0.7837,97.7,0,2022,1,4,None,None,Low,94,0
HEMM-B002,Dozer,2023-04-25,0,2,0,10,84.0,4.93,2.23,41.1,82.1,0.93,23.2,172.5,336.2,1775.0,3775,59,17.04,1.2563,99.3,0,2023,4,1,None,None,Low,71,0
HEMM-E003,Excavator,2023-12-23,3,1,1,9,127.8,3.94,2.92,46.2,81.7,0.56,24.9,162.3,347.8,1920.0,4811,101,32.44,1.5208,72.9,1,2023,12,5,Cooling System Failure,Cooling System,Critical,1,1
HEMM-G001,Grader,2021-05-04,4,2,2,14,84.1,4.56,2.36,42.6,71.2,0.98,24.4,185.6,316.4,1853.0,1509,91,18.44,1.2736,94.6,0,2021,5,1,None,None,Low,82,0
HEMM-D003,Dumper,2022-10-15,2,2,2,12,84.6,4.58,1.64,35.8,78.9,0.91,25.8,191.9,320.0,1717.0,11637,92,18.47,0.9552,98.8,0,2022,10,5,None,None,Medium,39,0
HEMM-D003,Dumper,2022-06-22,2,2,2,11,93.6,4.64,1.57,42.3,81.3,0.95,23.4,175.8,309.6,1704.0,7585,50,20.17,0.9214,95.4,0,2022,6,2,None,None,Low,88,0
HEMM-G001,Grader,2023-10-21,4,0,2,16,80.7,4.58,1.11,50.6,81.9,0.99,24.9,174.8,308.9,1880.0,5335,74,17.62,0.5904,100.0,0,2023,10,5,None,None,Low,92,0
HEMM-E001,Excavator,2021-03-29,3,2,0,12,77.8,4.57,2.22,39.7,74.6,0.83,23.7,181.3,340.8,1981.0,6913,64,17.02,1.1206,96.4,0,2021,3,0,None,None,Low,129,0
HEMM-G002,Grader,2023-08-08,4,0,2,15,92.1,4.13,2.72,42.9,81.7,0.91,24.0,179.9,314.7,1810.0,2701,23,22.3,1.5028,92.3,0,2023,8,1,None,None,Low,112,0
HEMM-DR01,Drill Rig,2021-02-20,1,1,2,11,128.6,4.15,2.04,41.0,84.5,0.74,24.4,161.6,337.5,1806.0,6449,116,30.99,1.1296,76.3,1,2021,2,5,Engine Overheat,Engine,Critical,5,1
HEMM-DR01,Drill Rig,2021-12-20,1,1,1,19,74.7,2.62,1.74,35.2,80.5,0.91,23.6,110.9,308.6,1611.0,3213,32,28.51,1.0801,90.0,1,2021,12,0,Hydraulic Failure,Hydraulics,Critical,7,1
HEMM-B001,Dozer,2022-11-22,0,1,1,1,89.8,4.87,2.64,45.2,86.1,0.9,24.3,172.8,304.7,1834.0,8348,55,18.44,1.4395,95.7,0,2022,11,1,None,None,Medium,103,0
HEMM-SC01,Scraper,2022-07-23,5,1,2,7,92.8,4.81,1.76,23.9,86.4,0.93,24.7,180.8,300.4,2042.0,8171,82,19.29,0.8619,96.1,0,2022,7,5,None,None,Medium,90,0
HEMM-DR01,Drill Rig,2021-11-24,1,0,1,2,88.0,4.26,2.26,37.0,89.2,0.91,24.2,161.4,334.2,1886.0,5989,18,20.66,1.1983,96.5,0,2021,11,2,None,None,Low,133,0
HEMM-L001,Wheel Loader,2022-08-16,6,1,1,8,95.3,3.67,2.23,41.8,77.4,0.84,25.1,185.9,307.2,1934.0,8699,68,25.97,1.1531,88.2,0,2022,8,1,None,None,Medium,112,0
HEMM-D001,Dumper,2022-09-23,2,2,0,6,102.2,4.46,2.32,35.3,81.5,0.99,24.8,177.4,317.4,1859.0,5747,85,22.91,1.248,90.0,0,2022,9,4,None,None,High,80,0
HEMM-DR01,Drill Rig,2021-09-07,1,2,0,5,88.8,4.93,2.05,33.2,74.6,0.9,25.4,182.0,321.5,1746.0,8877,41,18.01,1.1741,95.0,0,2021,9,1,None,None,Medium,102,0
HEMM-D005,Dumper,2023-01-27,2,2,0,16,82.8,4.6,1.83,27.0,90.0,0.83,24.9,179.2,282.8,1786.0,1234,7,18.0,1.0246,100.0,0,2023,1,4,None,None,Low,38,0
HEMM-E003,Excavator,2022-03-05,3,0,0,8,74.2,4.73,2.2,38.0,82.2,0.97,24.1,179.7,344.8,1984.0,5320,86,15.69,1.1089,99.4,0,2022,3,5,None,None,Low,100,0
HEMM-SC01,Scraper,2022-11-29,5,2,1,11,80.1,4.59,2.34,33.2,82.4,0.98,23.6,192.6,331.8,1688.0,11641,29,17.45,1.3863,99.0,0,2022,11,1,None,None,Medium,70,0
HEMM-E003,Excavator,2022-05-01,3,1,1,16,82.2,4.73,2.09,36.7,79.2,0.92,25.2,171.2,330.5,1901.0,9429,65,17.38,1.0994,98.6,0,2022,5,6,None,None,Medium,142,0
HEMM-D004,Dumper,2023-02-26,2,1,2,20,74.0,4.96,2.47,41.6,76.2,0.75,24.8,185.1,329.6,1753.0,5469,15,14.92,1.409,96.3,0,2023,2,6,None,None,Low,49,0
HEMM-B001,Dozer,2021-05-18,0,0,0,13,86.8,4.34,2.47,39.9,76.8,0.96,24.6,174.5,343.8,1966.0,3365,106,20.0,1.2564,94.8,0,2021,5,1,None,None,Low,169,0
HEMM-G001,Grader,2021-05-01,4,0,1,8,79.3,4.1,1.89,32.0,81.4,0.87,25.1,183.5,322.6,1896.0,3859,86,19.34,0.9968,97.8,0,2021,5,5,None,None,Low,116,0
HEMM-L001,Wheel Loader,2021-10-27,6,0,2,11,83.3,4.02,1.73,34.5,84.1,0.81,23.6,172.4,284.5,1893.0,8141,45,20.72,0.9139,97.6,0,2021,10,2,None,None,Medium,145,0
HEMM-E002,Excavator,2022-01-21,3,2,2,20,84.1,3.99,2.07,42.7,82.3,0.95,19.4,190.0,308.9,1925.0,2172,42,21.08,1.0753,97.2,0,2022,1,4,Electrical Fault,Electrical,Critical,3,1
HEMM-E003,Excavator,2023-02-10,3,0,1,1,111.0,4.81,2.17,47.4,73.6,0.6,23.7,173.3,439.7,1709.0,5085,38,23.08,1.2697,83.1,1,2023,2,4,Engine Overheat,Engine,Critical,0,1
HEMM-DR01,Drill Rig,2021-06-11,1,0,2,15,83.5,4.58,1.77,36.0,79.5,0.79,24.8,173.2,324.0,1659.0,2618,62,18.23,1.0669,99.0,0,2021,6,4,None,None,Low,97,0
HEMM-E001,Excavator,2023-06-29,3,0,0,4,87.4,4.86,2.31,39.8,80.3,0.88,24.3,184.2,343.4,1985.0,4681,63,17.98,1.1637,97.2,0,2023,6,3,None,None,Low,109,0
HEMM-DR02,Drill Rig,2022-08-07,1,1,1,19,112.6,4.05,1.71,41.3,88.6,0.54,24.9,190.4,340.7,1791.0,2305,46,27.8,0.9548,84.0,1,2022,8,6,Cooling System Failure,Cooling System,Critical,5,1
HEMM-G001,Grader,2021-10-18,4,0,2,13,87.2,4.51,2.29,38.3,83.8,0.95,24.9,192.3,336.4,1816.0,9213,8,19.33,1.261,98.0,0,2021,10,0,None,None,Medium,162,0
HEMM-B003,Dozer,2023-03-22,0,1,1,11,79.0,5.07,1.9,27.8,80.4,0.78,24.8,177.4,331.2,1689.0,10244,112,15.58,1.1249,99.4,0,2023,3,2,None,None,Medium,32,0
HEMM-B003,Dozer,2021-03-22,0,2,1,2,85.2,4.59,2.05,33.1,84.3,0.83,25.7,177.0,316.3,1868.0,11951,96,18.56,1.0974,99.8,0,2021,3,0,None,None,Medium,77,0
HEMM-D003,Dumper,2021-10-14,2,1,2,4,72.4,4.2,2.28,38.8,82.9,0.98,24.7,175.4,269.1,1820.0,8765,25,17.24,1.2527,97.7,0,2021,10,3,None,None,Medium,112,0
HEMM-G001,Grader,2023-01-02,4,0,1,3,89.1,4.43,1.74,34.4,83.2,0.87,23.8,177.1,301.2,1731.0,6960,48,20.11,1.0052,97.6,0,2023,1,0,None,None,Low,34,0
HEMM-SC01,Scraper,2021-05-08,5,2,0,14,89.7,4.6,1.98,40.9,77.2,0.76,23.9,171.2,293.3,1754.0,10715,106,19.5,1.1288,95.7,0,2021,5,5,None,None,Medium,53,0
HEMM-SC01,Scraper,2021-07-03,5,1,0,15,90.2,4.37,1.49,26.2,78.2,0.87,24.1,194.2,283.0,1845.0,2806,19,20.64,0.8076,95.2,0,2021,7,5,None,None,Low,96,0
HEMM-D002,Dumper,2021-02-19,2,1,1,8,88.7,5.18,1.9,44.8,90.3,0.81,24.4,195.4,291.9,1794.0,8042,10,17.12,1.0591,98.2,0,2021,2,4,None,None,Medium,170,0
HEMM-E003,Excavator,2021-11-09,3,1,0,17,81.4,4.52,1.27,35.9,83.2,0.81,24.7,183.5,309.6,1834.0,5434,46,18.01,0.6925,100.0,0,2021,11,1,None,None,Low,63,0
HEMM-G002,Grader,2021-02-09,4,2,2,10,89.0,4.62,1.84,40.5,82.2,0.97,24.7,176.1,314.6,1938.0,8264,8,19.26,0.9494,98.0,0,2021,2,1,None,None,Medium,72,0
HEMM-DR01,Drill Rig,2021-05-20,1,1,1,7,85.0,4.44,2.27,32.3,80.8,0.83,24.1,187.5,373.4,1711.0,9861,9,19.14,1.3267,98.4,0,2021,5,3,None,None,Medium,163,0
HEMM-L001,Wheel Loader,2021-01-15,6,0,0,3,79.4,4.33,2.34,30.7,82.1,0.78,25.2,172.4,295.3,1669.0,9728,117,18.34,1.402,98.1,0,2021,1,4,None,None,Medium,75,0
HEMM-E001,Excavator,2023-03-25,3,1,2,5,90.6,4.88,1.17,37.4,77.9,0.86,25.6,186.2,322.4,1836.0,8985,5,18.57,0.6373,95.6,0,2023,3,5,None,None,Medium,52,0
HEMM-B002,Dozer,2022-06-29,0,2,1,12,83.2,4.47,1.77,43.6,81.3,0.92,24.3,174.7,326.9,1741.0,8570,54,18.61,1.0167,99.6,0,2022,6,2,None,None,Medium,80,0
HEMM-B001,Dozer,2022-11-17,0,1,1,11,95.1,4.93,2.25,31.7,82.3,0.99,24.2,164.5,313.0,1771.0,4465,55,19.29,1.2705,94.2,0,2022,11,3,None,None,Low,116,0
HEMM-DR02,Drill Rig,2021-03-01,1,0,2,20,66.2,4.45,2.09,36.1,81.9,0.91,24.4,169.7,316.2,1731.0,10872,90,14.88,1.2074,99.4,0,2021,3,0,None,None,Medium,128,0
HEMM-E002,Excavator,2022-01-14,3,1,1,2,93.7,4.87,1.95,33.7,75.9,0.99,24.7,166.6,346.8,1745.0,6548,107,19.24,1.1175,93.2,0,2022,1,4,None,None,Low,64,0
HEMM-E002,Excavator,2022-02-14,3,2,1,10,89.1,4.27,1.75,32.8,82.6,0.82,24.3,172.4,299.4,1805.0,11500,91,20.87,0.9695,96.8,0,2022,2,0,None,None,Medium,82,0
HEMM-B002,Dozer,2023-01-10,0,0,1,2,93.6,4.38,2.06,37.8,80.3,0.95,24.6,177.0,294.2,1920.0,10814,85,21.37,1.0729,94.2,0,2023,1,1,None,None,Medium,91,0
HEMM-B001,Dozer,2022-03-21,0,2,1,1,103.9,4.5,1.84,37.7,80.4,0.85,24.1,178.5,332.4,1636.0,5277,6,23.09,1.1247,89.9,0,2022,3,0,None,None,High,146,0
HEMM-B003,Dozer,2022-02-27,0,0,0,13,84.8,4.46,2.5,38.3,81.4,0.84,23.9,159.2,362.4,1791.0,11995,46,19.01,1.3959,98.1,0,2022,2,6,None,None,Medium,30,0
HEMM-E001,Excavator,2023-10-04,3,0,2,18,90.5,4.95,1.89,39.1,80.5,0.88,25.1,170.4,267.4,1718.0,9976,41,18.28,1.1001,96.6,0,2023,10,2,None,None,Medium,166,0
HEMM-E003,Excavator,2021-06-09,3,2,1,4,80.7,4.36,1.79,39.7,85.0,0.98,25.0,184.2,288.2,2035.0,204,114,18.51,0.8796,99.3,0,2021,6,2,None,None,Low,161,0
HEMM-D001,Dumper,2022-07-16,2,1,2,10,94.1,3.98,2.07,39.3,84.4,1.0,24.5,191.2,319.6,1755.0,7491,53,23.64,1.1795,92.6,0,2022,7,5,None,None,Low,104,0
HEMM-E001,Excavator,2021-07-19,3,1,1,12,78.5,4.5,1.7,33.8,78.3,0.96,24.5,183.1,329.7,1780.0,3727,87,17.44,0.9551,98.5,0,2021,7,0,None,None,Low,147,0
HEMM-G001,Grader,2021-06-05,4,0,0,14,80.3,5.13,2.23,32.4,80.0,0.82,25.5,174.7,335.6,1686.0,10909,7,15.65,1.3227,98.5,0,2021,6,5,None,None,Medium,142,0
HEMM-D004,Dumper,2022-09-11,2,1,1,9,119.6,4.0,2.44,37.7,87.8,0.4,24.3,187.9,298.5,1902.0,7686,118,29.9,1.2829,78.9,1,2022,9,6,Cooling System Failure,Cooling System,Critical,0,1
HEMM-E001,Excavator,2021-01-30,3,1,2,3,94.7,5.18,1.84,38.6,79.5,0.83,23.9,188.6,288.2,1785.0,4047,63,18.28,1.0308,94.2,0,2021,1,5,None,None,Low,64,0
HEMM-B001,Dozer,2022-07-08,0,1,2,19,82.6,4.63,1.3,43.1,85.6,0.79,24.9,191.6,295.3,1955.0,8059,13,17.84,0.665,100.0,0,2022,7,4,None,None,Medium,110,0
HEMM-E002,Excavator,2021-05-14,3,0,0,13,82.0,4.79,2.08,36.8,88.2,0.93,23.9,180.6,278.9,1882.0,689,9,17.12,1.1052,99.8,0,2021,5,4,None,None,Low,84,0
HEMM-DR02,Drill Rig,2023-04-25,1,1,1,1,91.3,4.16,2.5,37.0,78.0,0.77,24.9,184.4,299.1,1983.0,9649,119,21.95,1.2607,92.0,0,2023,4,1,None,None,Medium,122,0
