Equipment_ID,Equipment_Type,Date,Shift,Operator_Experience_Yr,Road_Condition,Engine_Temp_C,Oil_Pressure_bar,Vibration_mms,Fuel_Consumption_Lhr,Tyre_Pressure_PSI,Coolant_Level,Battery_Voltage_V,Hydraulic_Pressure_bar,Exhaust_Temp_C,RPM,Operating_Hours,Load_Cycles_per_Day,Days_to_Next_Failure,Failure_Component,Failure_Type,Failure,Maintenance_Priority
HEMM-D004,Dumper,2021-02-21,Night,9,Good,89.0,4.44,2.26,45.6,81.1,0.76,24.4,182.8,340.2,1742.0,4212,33,50,None,None,0,Low
HEMM-SC01,Scraper,2021-06-28,Night,14,Good,80.8,5.08,2.62,25.8,84.4,0.76,24.6,172.3,322.8,1797.0,720,8,160,None,None,0,Low
HEMM-L002,Wheel Loader,2021-02-24,Night,7,Poor,88.3,4.83,1.88,37.9,82.4,0.85,24.8,187.8,298.0,1913.0,11931,88,64,None,None,0,Medium
HEMM-E003,Excavator,2023-07-09,Night,9,Good,88.0,4.41,2.16,31.7,86.4,0.88,23.8,182.0,334.8,1817.0,306,102,69,None,None,0,Low
HEMM-B003,Dozer,2022-07-24,Morning,7,Good,88.8,4.76,2.94,43.4,82.4,0.82,24.7,171.6,309.7,1796.0,5714,18,158,None,None,0,Low
HEMM-G001,Grader,2022-12-06,Night,9,Fair,82.8,4.73,2.36,42.5,85.0,0.77,24.1,176.9,326.6,1898.0,911,98,62,None,None,0,Low
HEMM-G002,Grader,2021-06-11,Night,10,Fair,83.6,4.34,2.47,33.5,85.3,0.87,24.6,183.6,307.1,1836.0,10499,84,171,None,None,0,Medium
HEMM-D003,Dumper,2021-04-04,Night,8,Good,97.3,5.85,1.63,36.0,81.8,0.78,24.5,177.0,321.8,1601.0,4941,15,172,None,None,0,Low
HEMM-G002,Grader,2022-07-24,Afternoon,12,Fair,78.7,4.8,1.92,35.9,84.0,0.97,25.1,174.7,330.3,1810.0,2864,52,121,None,None,0,Low
HEMM-B001,Dozer,2021-05-27,Night,6,Good,92.7,4.79,1.9,42.2,76.8,0.75,20.2,169.8,322.5,1675.0,8951,98,6,Electrical,Electrical Fault,1,Critical
HEMM-SC01,Scraper,2022-03-26,Night,11,Good,82.3,4.18,1.94,40.0,89.5,0.84,24.6,179.8,286.5,1693.0,1116,34,110,None,None,0,Low
HEMM-G002,Grader,2022-07-03,Morning,7,Poor,77.1,4.32,1.97,44.2,76.3,0.92,23.3,194.8,363.2,1923.0,9492,117,152,None,None,0,Medium
HEMM-L001,Wheel Loader,2023-03-22,Night,15,Good,90.8,4.25,2.14,37.9,86.9,0.95,24.3,180.3,296.1,1879.0,2540,38,176,None,None,0,Low
HEMM-SC01,Scraper,2022-06-23,Night,19,Poor,88.5,4.86,2.24,34.4,80.9,0.99,24.7,155.3,329.6,1893.0,7219,119,71,None,None,0,Low
HEMM-E003,Excavator,2021-10-11,Night,16,Good,91.5,4.01,2.09,44.5,75.6,0.77,24.6,165.6,343.8,1930.0,1689,101,160,None,None,0,Low
HEMM-D005,Dumper,2021-11-24,Night,14,Fair,78.1,4.39,2.43,42.3,89.2,0.84,24.0,169.1,262.4,1720.0,9971,13,97,None,None,0,Medium
HEMM-DR02,Drill Rig,2023-12-20,Afternoon,18,Poor,96.3,4.05,2.31,64.1,83.7,0.89,25.0,177.5,304.9,1711.0,388,92,4,Fuel System,Fuel System Failure,1,Critical
HEMM-D004,Dumper,2022-08-25,Afternoon,6,Poor,78.5,4.44,2.35,44.5,76.6,0.92,24.3,185.0,375.7,1797.0,7633,5,78,None,None,0,Low
HEMM-B001,Dozer,2023-10-23,Morning,17,Poor,70.7,4.4,2.13,40.5,81.5,0.89,24.7,183.4,321.0,1778.0,1943,116,96,None,None,0,Low
HEMM-L002,Wheel Loader,2022-02-12,Morning,12,Poor,81.2,4.59,1.5,38.9,83.5,0.89,24.6,171.9,341.1,1805.0,2846,74,46,None,None,0,Low
HEMM-B003,Dozer,2023-09-28,Morning,4,Fair,88.6,5.21,1.73,29.5,84.6,0.77,23.8,174.4,317.4,1644.0,6147,117,115,None,None,0,Low
HEMM-E003,Excavator,2021-06-11,Morning,16,Poor,101.0,4.13,1.82,35.9,84.4,0.76,24.7,161.2,339.3,1749.0,1333,102,89,None,None,0,High
HEMM-D005,Dumper,2023-09-01,Night,6,Poor,89.4,3.99,2.96,47.2,87.5,0.99,24.9,159.7,323.7,1734.0,4542,72,121,None,None,0,Low
HEMM-E002,Excavator,2022-02-16,Night,10,Poor,91.8,4.16,2.34,46.9,79.3,0.76,24.4,188.3,313.6,1780.0,6737,90,118,None,None,0,Low
HEMM-L002,Wheel Loader,2023-07-14,Morning,8,Fair,74.9,4.87,5.54,43.2,75.9,0.84,24.3,177.6,357.4,1991.0,3881,13,3,Brakes,Brake Failure,1,Critical
HEMM-D001,Dumper,2021-05-26,Night,2,Good,77.5,4.33,2.06,38.0,85.0,0.88,25.0,195.4,326.9,1893.0,3950,13,113,None,None,0,Low
HEMM-D003,Dumper,2023-11-19,Morning,9,Good,69.8,5.01,1.75,48.6,84.7,0.85,24.5,182.8,307.5,1779.0,11160,67,119,None,None,0,Medium
HEMM-L001,Wheel Loader,2022-05-13,Afternoon,14,Good,81.1,4.0,1.67,47.8,81.8,0.84,24.7,179.2,275.7,1939.0,3319,17,128,None,None,0,Low
HEMM-G001,Grader,2023-05-18,Afternoon,15,Poor,70.7,4.01,1.73,43.8,88.2,0.94,24.3,193.1,320.4,1868.0,1087,91,129,None,None,0,Low
HEMM-D004,Dumper,2021-05-05,Afternoon,11,Good,82.5,4.39,1.75,47.6,86.3,0.86,24.0,167.9,343.2,1879.0,1990,36,173,None,None,0,Low
HEMM-DR02,Drill Rig,2021-10-15,Afternoon,6,Good,79.4,4.5,1.16,46.9,80.8,0.78,24.9,184.1,308.7,1718.0,4763,64,36,None,None,0,Low
HEMM-D003,Dumper,2023-06-27,Night,4,Poor,86.9,3.92,1.85,42.4,81.1,0.79,23.7,180.8,341.2,1824.0,1028,88,115,None,None,0,Low
HEMM-D003,Dumper,2022-04-30,Morning,14,Good,79.3,4.41,2.12,45.4,85.4,0.78,24.4,177.0,319.9,1732.0,8156,66,90,None,None,0,Medium
HEMM-D002,Dumper,2021-12-04,Afternoon,1,Fair,84.6,4.72,2.29,32.5,85.0,0.85,24.1,179.5,268.7,1914.0,6596,38,87,None,None,0,Low
HEMM-SC01,Scraper,2023-09-24,Morning,7,Good,86.8,4.51,2.04,34.1,82.1,0.91,24.7,175.7,357.2,1920.0,5061,32,173,None,None,0,Low
HEMM-SC01,Scraper,2021-05-05,Night,11,Poor,99.5,4.65,2.08,33.6,81.1,0.83,24.7,169.6,293.0,1744.0,1136,11,57,None,None,0,Low
HEMM-L002,Wheel Loader,2021-11-19,Morning,17,Good,69.7,4.64,5.89,42.9,85.0,0.85,25.2,191.8,310.6,1843.0,1512,113,1,Brakes,Brake Failure,1,Critical
HEMM-G002,Grader,2021-09-03,Night,8,Good,95.8,4.59,1.81,46.2,82.9,0.98,25.3,186.0,307.1,1936.0,9685,81,114,None,None,0,Medium
HEMM-DR01,Drill Rig,2023-12-07,Afternoon,9,Poor,76.5,4.44,2.05,40.6,84.8,0.9,23.9,171.7,313.9,1824.0,3546,90,147,None,None,0,Low
HEMM-B001,Dozer,2023-03-22,Morning,10,Good,101.4,4.29,6.53,35.2,60.4,0.86,24.8,192.1,324.1,1805.0,7691,45,1,Tyres,Tyre Burst,1,Critical
HEMM-SC01,Scraper,2022-03-13,Night,9,Good,92.1,4.45,2.08,27.1,80.1,0.91,25.2,163.0,318.9,1838.0,2370,49,82,None,None,0,Low
HEMM-G001,Grader,2022-08-07,Morning,15,Fair,84.7,4.04,1.76,28.9,85.7,0.88,25.7,169.0,352.2,1719.0,9100,95,161,None,None,0,Medium
HEMM-L002,Wheel Loader,2021-01-17,Night,18,Good,80.9,4.08,1.97,42.8,78.1,0.8,24.8,171.8,308.8,1657.0,5105,89,63,None,None,0,Low
HEMM-D005,Dumper,2022-06-26,Morning,4,Fair,83.5,4.35,1.67,34.9,80.9,0.87,24.6,199.7,312.4,1694.0,9264,24,110,None,None,0,Medium
HEMM-E002,Excavator,2022-12-04,Morning,9,Fair,91.8,4.25,1.71,40.9,79.8,0.87,23.9,164.8,347.3,1964.0,8480,67,43,None,None,0,Medium
HEMM-D002,Dumper,2021-07-09,Night,14,Good,83.0,4.85,2.19,36.2,85.6,0.85,24.6,175.1,325.2,1671.0,4733,10,46,None,None,0,Low
HEMM-D005,Dumper,2022-06-21,Morning,15,Fair,79.8,4.07,2.67,42.4,82.0,0.77,25.2,203.7,340.3,1756.0,9238,95,112,None,None,0,Medium
HEMM-D004,Dumper,2021-06-04,Night,5,Fair,97.7,3.89,1.55,39.1,85.4,0.81,23.5,179.8,307.7,1674.0,9138,9,141,None,None,0,Medium
HEMM-D005,Dumper,2023-05-31,Morning,2,Good,81.9,4.33,1.67,35.3,72.0,1.0,24.8,177.6,301.8,1742.0,5250,51,91,None,None,0,Low
HEMM-E002,Excavator,2022-05-27,Night,4,Poor,91.0,4.54,2.3,29.7,84.2,0.94,24.2,170.0,325.6,1526.0,5994,104,142,None,None,0,Low
HEMM-DR01,Drill Rig,2021-11-13,Morning,6,Fair,99.8,3.58,6.89,38.7,85.1,0.83,24.5,162.7,344.8,1564.0,3100,117,5,Transmission,Transmission Failure,1,Critical
HEMM-E003,Excavator,2022-07-01,Morning,4,Good,69.4,4.83,1.55,40.6,87.8,0.87,23.6,169.7,323.4,1809.0,6467,116,105,None,None,0,Low
HEMM-E003,Excavator,2022-02-13,Afternoon,12,Good,90.3,4.42,2.23,40.5,85.1,0.96,24.8,174.3,306.4,1874.0,5200,110,118,None,None,0,Low
HEMM-E002,Excavator,2023-03-28,Afternoon,9,Fair,86.9,4.39,2.38,36.7,87.2,0.84,23.6,176.5,320.4,1968.0,1337,103,174,None,None,0,Low
HEMM-L002,Wheel Loader,2023-03-30,Night,18,Good,83.1,4.83,2.36,38.5,78.5,0.98,24.6,165.2,342.9,1834.0,5625,8,62,None,None,0,Low
HEMM-B001,Dozer,2022-01-01,Night,9,Poor,81.7,4.89,2.03,35.6,83.6,0.83,24.9,171.4,321.4,1752.0,826,18,39,None,None,0,Low
HEMM-B003,Dozer,2023-06-13,Night,17,Poor,98.1,4.48,2.03,33.3,78.9,0.9,23.4,211.7,323.6,1543.0,2094,54,159,None,None,0,Low
HEMM-D002,Dumper,2023-06-13,Morning,17,Poor,81.9,4.51,1.95,46.5,84.1,0.9,23.9,173.2,286.4,1739.0,9021,92,136,None,None,0,Medium
HEMM-E002,Excavator,2023-01-16,Afternoon,3,Poor,87.2,4.05,2.98,38.6,82.4,0.92,24.9,182.2,328.8,1825.0,11082,47,151,None,None,0,Medium
HEMM-D004,Dumper,2022-09-08,Night,10,Fair,75.9,4.25,1.8,40.1,80.4,0.83,24.0,172.7,288.3,1942.0,11126,57,82,None,None,0,Medium
HEMM-B002,Dozer,2021-09-18,Morning,14,Poor,93.6,4.27,2.34,26.4,81.1,0.84,24.8,176.6,353.4,1774.0,11094,53,54,None,None,0,Medium
HEMM-E001,Excavator,2022-09-09,Afternoon,18,Fair,73.0,3.42,1.98,36.8,84.8,0.9,24.0,185.2,304.0,1784.0,206,43,133,None,None,0,High
HEMM-B003,Dozer,2023-08-11,Afternoon,15,Poor,105.6,4.52,2.01,37.9,82.8,0.8,24.4,205.7,297.9,1939.0,11269,32,142,None,None,0,High
HEMM-E001,Excavator,2021-06-23,Afternoon,17,Poor,63.7,5.0,1.17,36.3,80.5,0.97,24.4,185.3,336.7,1667.0,11076,86,153,None,None,0,Medium
HEMM-E003,Excavator,2022-09-28,Morning,7,Good,94.8,3.63,1.69,34.9,92.3,0.83,24.6,189.6,323.5,1972.0,2614,8,64,None,None,0,Low
HEMM-L001,Wheel Loader,2021-05-30,Afternoon,14,Good,88.5,4.83,1.62,39.2,83.0,0.85,24.0,186.2,331.9,1769.0,10518,78,36,None,None,0,Medium
HEMM-G002,Grader,2023-10-10,Afternoon,8,Poor,95.9,3.72,6.38,42.4,84.1,0.91,24.6,190.1,309.9,1401.0,2617,88,1,Transmission,Transmission Failure,1,Critical
HEMM-E003,Excavator,2021-12-27,Night,17,Poor,84.2,3.8,1.78,42.9,81.9,0.95,24.3,179.4,326.2,1629.0,7811,11,54,None,None,0,Low
HEMM-D004,Dumper,2023-07-24,Morning,15,Poor,80.0,4.33,1.48,38.5,75.5,0.89,24.8,190.3,329.5,1826.0,11137,72,41,None,None,0,Medium
HEMM-DR02,Drill Rig,2023-10-31,Afternoon,18,Good,92.9,4.46,2.92,43.9,83.0,0.85,24.3,194.5,327.4,1788.0,7505,119,80,None,None,0,Low
HEMM-L001,Wheel Loader,2023-07-11,Afternoon,8,Poor,86.2,4.41,2.33,37.4,85.0,0.99,25.3,185.2,317.6,1795.0,10647,40,65,None,None,0,Medium
HEMM-E003,Excavator,2022-07-17,Afternoon,3,Good,76.0,4.01,2.06,39.2,82.9,0.99,24.7,169.5,277.6,1765.0,11890,41,69,None,None,0,Medium
HEMM-B003,Dozer,2021-06-15,Morning,5,Poor,84.7,5.21,7.64,47.1,48.7,0.95,24.2,169.1,338.6,1624.0,3988,54,3,Tyres,Tyre Burst,1,Critical
HEMM-DR01,Drill Rig,2023-04-15,Afternoon,18,Good,94.2,4.77,2.4,33.7,82.2,0.99,24.8,192.9,336.1,1893.0,7833,58,54,None,None,0,Low
HEMM-DR01,Drill Rig,2023-03-09,Night,1,Fair,87.1,4.79,1.89,38.6,80.8,0.9,18.8,160.5,314.4,1836.0,9632,53,5,Electrical,Electrical Fault,1,Critical
HEMM-G002,Grader,2023-05-09,Night,18,Good,80.3,4.95,1.97,35.7,85.5,0.96,24.5,175.4,311.3,1769.0,10083,119,127,None,None,0,Medium
HEMM-B001,Dozer,2023-06-12,Afternoon,1,Poor,85.6,4.91,1.17,31.6,87.3,0.88,24.7,192.3,336.7,1535.0,6571,48,137,None,None,0,Low
HEMM-G002,Grader,2021-12-05,Afternoon,5,Good,90.8,4.53,2.43,35.4,87.6,0.87,25.0,183.1,286.4,1624.0,10395,73,162,None,None,0,Medium
HEMM-D001,Dumper,2021-06-21,Night,14,Fair,70.1,4.38,2.18,41.7,75.6,0.98,24.8,170.5,314.5,1856.0,2423,115,68,None,None,0,Low
HEMM-B001,Dozer,2023-02-16,Afternoon,7,Fair,72.7,5.42,1.73,43.8,88.5,0.88,24.2,174.7,307.5,1744.0,7649,46,32,None,None,0,Low
HEMM-G002,Grader,2022-07-24,Afternoon,9,Good,88.7,4.7,1.5,40.9,92.0,0.88,24.7,181.1,285.8,1817.0,1541,65,32,None,None,0,Low
HEMM-D002,Dumper,2022-12-18,Morning,3,Good,85.0,4.28,2.25,39.0,75.9,0.9,24.1,181.6,312.7,1858.0,10878,10,58,None,None,0,Medium
HEMM-E002,Excavator,2021-02-11,Night,5,Fair,87.3,4.63,2.26,48.1,81.3,0.84,24.1,188.8,301.0,1716.0,4108,21,89,None,None,0,Low
HEMM-E002,Excavator,2023-08-11,Night,9,Poor,84.9,4.52,2.41,38.8,85.5,0.92,25.1,181.3,323.1,1973.0,6243,26,109,None,None,0,Low
HEMM-D004,Dumper,2021-12-02,Afternoon,4,Fair,92.5,4.67,2.16,41.6,84.0,0.92,24.9,193.8,333.0,1783.0,9681,8,136,None,None,0,Medium
HEMM-G002,Grader,2023-03-24,Night,7,Poor,86.2,4.59,1.94,33.9,85.4,0.8,24.4,174.1,300.2,1815.0,1445,80,127,None,None,0,Low
HEMM-E003,Excavator,2021-07-28,Night,10,Good,90.2,5.37,1.88,39.1,83.0,0.99,25.3,192.1,291.2,1818.0,11410,81,97,None,None,0,Medium
HEMM-D002,Dumper,2022-12-13,Night,14,Good,88.3,4.93,1.59,38.7,79.2,0.84,24.3,181.3,327.3,1747.0,11038,52,36,None,None,0,Medium
HEMM-B003,Dozer,2021-01-26,Afternoon,16,Fair,94.1,4.32,1.95,31.9,82.4,0.96,25.1,188.3,310.1,1728.0,1929,60,56,None,None,0,Low
HEMM-DR02,Drill Rig,2021-11-10,Afternoon,6,Fair,90.8,3.76,1.77,43.8,78.3,0.94,24.7,177.1,330.0,1972.0,8748,88,56,None,None,0,Medium
HEMM-SC01,Scraper,2023-09-18,Afternoon,14,Fair,87.7,4.68,2.23,40.2,84.6,0.78,25.2,192.5,329.8,1697.0,9907,39,46,None,None,0,Medium
HEMM-D003,Dumper,2022-07-26,Afternoon,8,Poor,84.6,3.93,2.24,30.6,83.3,0.79,23.8,191.5,290.9,1997.0,7813,77,93,None,None,0,Low
HEMM-B003,Dozer,2021-02-28,Afternoon,11,Good,82.8,4.49,1.93,34.6,91.9,0.82,24.3,187.9,328.5,1703.0,3179,67,174,None,None,0,Low
HEMM-B001,Dozer,2022-11-29,Afternoon,20,Fair,84.6,4.57,1.64,37.9,80.5,0.8,25.1,173.4,340.5,1809.0,11688,117,106,None,None,0,Medium
HEMM-L002,Wheel Loader,2022-01-27,Morning,8,Fair,83.6,4.21,2.08,32.7,86.0,0.8,24.8,194.0,338.5,1806.0,11997,57,143,None,None,0,Medium
HEMM-E003,Excavator,2023-09-03,Night,16,Good,79.8,3.69,6.28,36.3,91.7,0.92,25.6,191.7,318.0,1725.0,7542,106,3,Transmission,Transmission Failure,1,Critical
HEMM-E003,Excavator,2022-09-20,Night,19,Poor,76.7,4.29,2.25,43.6,93.9,0.93,24.5,180.4,322.4,1861.0,6246,65,122,None,None,0,Low
HEMM-DR01,Drill Rig,2022-11-09,Afternoon,15,Fair,76.8,3.96,1.85,36.3,83.4,0.99,25.1,177.3,347.7,1876.0,4638,44,155,None,None,0,Low
HEMM-E002,Excavator,2022-10-09,Morning,18,Good,86.8,4.92,2.67,35.7,86.3,0.98,24.5,163.7,308.5,1880.0,11507,28,41,None,None,0,Medium
HEMM-L001,Wheel Loader,2022-07-21,Night,19,Fair,86.4,4.23,1.09,35.6,84.5,0.94,25.3,164.6,292.3,1944.0,8795,81,31,None,None,0,Medium
HEMM-E002,Excavator,2022-08-30,Morning,12,Good,87.6,4.38,1.34,37.7,81.4,0.88,25.0,191.5,285.2,1764.0,3139,43,57,None,None,0,Low
HEMM-D005,Dumper,2022-07-16,Morning,2,Poor,76.0,4.82,1.5,43.5,79.2,0.78,24.5,184.8,321.5,1672.0,9266,42,39,None,None,0,Medium
HEMM-L001,Wheel Loader,2021-07-30,Morning,19,Fair,77.9,4.67,2.88,31.7,76.8,0.9,23.7,185.0,276.9,1871.0,4858,65,85,None,None,0,Low
HEMM-E001,Excavator,2021-04-16,Afternoon,16,Good,92.8,4.91,2.1,36.7,81.2,0.82,24.5,173.1,317.4,1697.0,2069,110,88,None,None,0,Low
HEMM-D003,Dumper,2021-04-20,Morning,5,Good,85.6,3.7,2.37,39.7,86.0,0.87,23.1,171.3,328.1,1706.0,9421,43,148,None,None,0,Medium
HEMM-D004,Dumper,2023-05-03,Night,20,Poor,90.2,4.34,1.83,34.4,83.9,0.81,24.4,179.7,333.4,1748.0,10332,33,76,None,None,0,Medium
HEMM-DR02,Drill Rig,2022-09-01,Night,14,Poor,81.4,4.53,6.03,40.2,77.7,0.91,24.8,196.3,297.1,2012.0,5203,77,1,Brakes,Brake Failure,1,Critical
HEMM-E002,Excavator,2022-06-26,Night,3,Good,79.0,4.63,2.17,46.1,83.8,0.97,23.7,170.7,340.9,1857.0,2773,35,111,None,None,0,Low
HEMM-E001,Excavator,2021-01-06,Afternoon,15,Fair,82.1,4.8,1.87,42.7,85.9,0.83,23.8,193.4,351.7,1598.0,11494,81,122,None,None,0,Medium
HEMM-E003,Excavator,2022-08-14,Night,10,Fair,93.6,3.88,1.88,31.5,79.6,0.77,20.7,190.1,306.2,2025.0,11717,115,3,Electrical,Electrical Fault,1,Critical
HEMM-E002,Excavator,2023-05-21,Morning,18,Good,72.0,4.57,1.03,35.3,88.5,0.93,24.7,193.2,321.7,1892.0,3883,87,146,None,None,0,Low
HEMM-D005,Dumper,2021-05-27,Morning,6,Poor,83.7,4.4,2.16,37.1,84.2,0.78,23.7,179.0,300.2,1690.0,5239,81,64,None,None,0,Low
HEMM-B002,Dozer,2023-06-19,Morning,15,Poor,78.4,4.57,1.71,45.8,77.8,0.96,24.5,174.6,330.3,1895.0,11483,43,71,None,None,0,Medium
HEMM-B001,Dozer,2023-10-22,Night,16,Poor,103.3,4.44,2.32,54.0,72.9,0.78,25.8,184.1,331.6,1916.0,7372,15,6,Fuel System,Fuel System Failure,1,Critical
HEMM-B001,Dozer,2021-02-22,Morning,8,Poor,87.5,5.1,1.66,32.7,84.8,0.92,24.7,185.9,333.6,1776.0,11247,112,98,None,None,0,Medium
HEMM-D001,Dumper,2022-07-06,Night,2,Poor,76.0,4.71,1.71,36.2,83.8,0.77,24.5,178.5,339.3,2021.0,3070,65,167,None,None,0,Low
HEMM-B001,Dozer,2022-01-07,Night,14,Fair,90.9,3.96,2.27,30.3,79.5,0.86,25.4,190.4,309.6,1635.0,10600,109,61,None,None,0,Medium
HEMM-L001,Wheel Loader,2022-12-14,Afternoon,11,Good,93.4,4.35,1.92,35.1,77.9,0.81,24.2,178.0,304.8,1803.0,5460,90,34,None,None,0,Low
HEMM-B003,Dozer,2023-04-24,Night,16,Fair,86.6,4.26,2.25,30.2,77.6,0.86,24.9,165.0,293.4,1799.0,4922,89,145,None,None,0,Low
HEMM-SC01,Scraper,2021-03-17,Afternoon,3,Fair,135.4,4.54,1.73,38.9,84.5,0.59,24.4,171.0,374.4,1924.0,5353,37,6,Engine,Engine Overheat,1,Critical
HEMM-SC01,Scraper,2023-08-05,Afternoon,2,Fair,91.9,4.81,2.31,32.2,81.1,0.95,24.3,183.0,340.0,1676.0,3273,71,171,None,None,0,Low
HEMM-L001,Wheel Loader,2023-06-25,Morning,7,Good,85.2,4.38,1.84,32.2,75.8,0.84,24.5,163.9,309.0,1881.0,4575,75,84,None,None,0,Low
HEMM-DR02,Drill Rig,2023-09-20,Morning,1,Good,88.6,4.29,2.68,47.5,82.1,0.85,23.3,201.9,333.6,1837.0,10522,82,163,None,None,0,Medium
HEMM-B002,Dozer,2021-01-29,Night,14,Good,101.0,4.36,1.82,35.3,85.9,0.76,24.3,174.6,321.7,1855.0,1727,33,39,None,None,0,High
HEMM-D004,Dumper,2021-11-12,Afternoon,10,Fair,83.2,4.58,2.99,36.5,79.4,0.88,24.8,169.3,313.9,1739.0,8537,95,54,None,None,0,Medium
HEMM-L001,Wheel Loader,2023-08-26,Morning,15,Fair,83.5,4.46,1.97,35.9,83.2,0.9,24.9,175.4,286.9,1926.0,9231,23,60,None,None,0,Medium
HEMM-L002,Wheel Loader,2021-10-07,Morning,9,Poor,79.5,4.47,1.77,35.9,80.5,0.78,24.1,176.1,323.4,1816.0,6998,48,46,None,None,0,Low
HEMM-D001,Dumper,2022-08-03,Night,10,Poor,85.0,4.21,1.72,40.5,77.9,0.96,24.9,186.7,354.3,1694.0,9816,79,36,None,None,0,Medium
HEMM-D005,Dumper,2023-07-04,Night,16,Poor,69.4,5.58,1.84,32.2,81.1,0.95,24.0,197.5,335.9,1846.0,5854,47,42,None,None,0,Low
HEMM-G002,Grader,2023-07-22,Afternoon,7,Poor,75.5,4.49,2.23,38.6,78.1,0.86,23.9,179.6,343.4,1714.0,11627,35,71,None,None,0,Medium
HEMM-DR01,Drill Rig,2021-03-31,Afternoon,16,Fair,87.3,4.58,2.46,32.4,75.6,0.96,24.3,201.6,307.9,1874.0,11754,108,108,None,None,0,Medium
HEMM-D005,Dumper,2023-10-12,Morning,5,Fair,87.4,4.45,2.39,37.8,83.0,0.76,25.0,185.8,271.3,1819.0,8429,80,139,None,None,0,Medium
HEMM-DR02,Drill Rig,2021-07-24,Night,15,Good,76.4,3.79,2.5,38.9,81.5,0.77,24.1,189.5,320.7,1732.0,451,97,102,None,None,0,Low
HEMM-D005,Dumper,2021-06-03,Afternoon,9,Poor,90.7,4.0,1.8,39.4,78.3,0.94,24.7,201.7,307.1,1893.0,5746,84,31,None,None,0,Low
HEMM-D003,Dumper,2022-11-04,Night,18,Poor,96.6,5.22,2.3,41.0,78.6,0.83,24.7,169.6,280.7,2006.0,6426,45,51,None,None,0,Low
HEMM-L001,Wheel Loader,2021-03-15,Night,3,Poor,76.2,4.63,1.93,37.8,90.2,0.75,24.9,176.4,326.0,1634.0,4046,85,178,None,None,0,Low
HEMM-E003,Excavator,2021-07-05,Afternoon,4,Good,83.0,5.14,2.2,41.7,84.7,0.79,25.1,183.3,320.6,1791.0,10583,95,56,None,None,0,Medium
HEMM-B002,Dozer,2021-03-01,Morning,11,Fair,84.3,4.49,2.21,35.9,78.2,0.85,24.9,188.5,302.8,1824.0,1119,42,52,None,None,0,Low
HEMM-D005,Dumper,2022-05-16,Night,14,Good,91.0,3.28,7.0,41.4,81.4,0.75,23.9,188.3,301.5,1544.0,9472,92,1,Transmission,Transmission Failure,1,Critical
HEMM-E003,Excavator,2023-10-17,Night,5,Poor,81.6,4.11,2.59,46.2,92.5,0.96,24.7,183.2,335.5,1912.0,4004,64,173,None,None,0,Low
HEMM-B001,Dozer,2021-01-20,Afternoon,10,Good,81.4,4.17,1.67,27.5,84.4,0.9,20.5,165.8,284.8,1647.0,11301,74,5,Electrical,Electrical Fault,1,Critical
HEMM-DR01,Drill Rig,2022-05-28,Afternoon,10,Fair,105.4,4.89,1.9,63.0,82.3,0.78,24.9,170.1,319.6,1733.0,3463,54,6,Fuel System,Fuel System Failure,1,Critical
HEMM-B002,Dozer,2022-08-28,Morning,13,Poor,93.7,3.93,2.18,33.9,84.2,0.88,24.3,171.0,313.9,1712.0,4697,6,92,None,None,0,Low
HEMM-D002,Dumper,2023-10-15,Afternoon,8,Fair,91.3,4.69,1.45,38.9,84.3,0.86,25.1,185.8,315.5,1704.0,10146,107,107,None,None,0,Medium
HEMM-E002,Excavator,2022-05-29,Night,5,Poor,91.8,4.85,2.14,38.2,84.0,0.9,24.1,196.8,334.7,1742.0,10493,17,93,None,None,0,Medium
HEMM-B002,Dozer,2023-06-22,Morning,19,Good,85.5,4.71,1.79,42.2,70.5,0.78,24.6,176.2,262.6,1784.0,6177,98,4,Fuel System,Fuel System Failure,1,Critical
HEMM-DR01,Drill Rig,2021-12-26,Morning,5,Fair,81.3,4.36,2.29,37.1,80.7,0.82,24.5,170.5,300.9,1693.0,9037,117,99,None,None,0,Medium
HEMM-B001,Dozer,2021-12-03,Afternoon,16,Fair,69.5,4.49,1.7,25.9,85.5,0.84,24.6,180.9,334.0,1810.0,5035,100,149,None,None,0,Low
HEMM-DR02,Drill Rig,2021-06-04,Morning,8,Poor,92.1,4.13,1.56,40.8,76.7,0.99,25.7,163.8,343.3,1727.0,11280,97,100,None,None,0,Medium
HEMM-SC01,Scraper,2023-01-20,Morning,13,Poor,78.5,4.69,2.77,43.1,72.9,0.95,22.1,189.4,331.0,1756.0,428,38,5,Electrical,Electrical Fault,1,Critical
HEMM-G002,Grader,2023-01-31,Morning,8,Poor,81.4,5.3,2.71,32.8,79.2,0.88,24.5,178.2,347.5,1735.0,7924,8,49,None,None,0,Low
HEMM-SC01,Scraper,2022-11-03,Night,8,Poor,78.6,5.13,2.11,39.8,78.7,0.79,25.3,183.8,356.6,2002.0,10811,13,160,None,None,0,Medium
HEMM-B002,Dozer,2023-04-17,Morning,5,Fair,85.7,4.85,1.61,38.0,86.2,0.85,24.8,181.1,291.2,1892.0,942,9,114,None,None,0,Low
HEMM-D004,Dumper,2021-07-19,Morning,18,Fair,79.7,4.92,1.45,24.2,86.3,0.89,24.7,168.8,335.8,1773.0,2422,54,136,None,None,0,Low
HEMM-SC01,Scraper,2023-05-09,Night,5,Good,80.6,4.29,2.12,41.8,81.2,0.9,23.9,180.2,348.2,1792.0,6997,88,148,None,None,0,Low
HEMM-DR01,Drill Rig,2022-07-27,Morning,12,Fair,88.6,4.65,1.75,39.9,78.9,0.77,24.2,167.4,329.7,1776.0,3759,61,163,None,None,0,Low
HEMM-G001,Grader,2021-07-23,Night,12,Poor,76.9,4.96,2.53,37.4,73.5,0.87,24.2,175.0,339.9,1855.0,9120,120,63,None,None,0,Medium
HEMM-G002,Grader,2022-07-20,Morning,4,Poor,78.3,4.23,1.19,41.8,87.0,0.91,25.0,175.7,328.1,1798.0,7650,16,62,None,None,0,Low
HEMM-D001,Dumper,2021-04-14,Afternoon,8,Poor,88.0,4.18,2.48,32.4,80.4,0.96,24.8,188.7,293.1,1813.0,2263,105,67,None,None,0,Low
HEMM-SC01,Scraper,2022-03-01,Night,7,Good,100.5,4.26,1.92,35.5,87.8,0.94,24.4,183.0,325.6,1875.0,4017,47,163,None,None,0,High
HEMM-D001,Dumper,2022-07-22,Morning,5,Good,90.4,4.23,1.95,33.1,86.4,0.89,24.4,125.7,318.7,1781.0,9050,37,0,Hydraulics,Hydraulic Failure,1,Critical
HEMM-D001,Dumper,2023-01-04,Morning,19,Good,77.5,4.72,2.35,43.0,90.2,0.91,25.6,185.3,290.6,1774.0,5504,7,90,None,None,0,Low
HEMM-D005,Dumper,2023-05-13,Night,4,Fair,84.0,4.41,2.03,35.1,85.3,0.77,24.2,187.5,302.3,1734.0,1241,65,37,None,None,0,Low
HEMM-L002,Wheel Loader,2021-08-12,Afternoon,17,Good,86.2,4.36,2.32,40.8,91.0,0.96,24.2,163.1,337.0,1732.0,3829,83,178,None,None,0,Low
HEMM-L002,Wheel Loader,2022-09-10,Afternoon,1,Fair,77.6,4.6,2.39,40.5,82.8,0.88,25.0,161.9,306.2,1947.0,1196,66,134,None,None,0,Low
HEMM-D004,Dumper,2023-10-02,Night,15,Good,82.2,4.11,1.81,45.2,80.9,0.91,24.1,183.9,334.5,1733.0,1404,120,96,None,None,0,Low
HEMM-D005,Dumper,2021-05-15,Morning,9,Poor,88.4,4.56,2.59,41.1,91.2,0.77,24.6,172.6,293.6,1739.0,10428,86,165,None,None,0,Medium
HEMM-B003,Dozer,2023-02-20,Night,17,Poor,84.7,4.43,1.36,30.9,71.6,0.91,23.2,165.5,369.7,1730.0,5031,63,78,None,None,0,Low
HEMM-D004,Dumper,2021-08-23,Night,18,Fair,93.7,4.27,2.19,51.7,83.5,0.85,24.4,182.1,305.0,1768.0,3722,60,70,None,None,0,Low
HEMM-DR01,Drill Rig,2022-11-26,Afternoon,13,Good,78.6,4.47,1.76,45.4,79.2,0.97,23.9,188.4,296.0,1903.0,7015,98,119,None,None,0,Low
HEMM-B003,Dozer,2022-06-07,Afternoon,5,Good,86.2,4.25,6.97,39.7,52.2,0.84,23.4,177.9,300.3,1787.0,11452,65,1,Tyres,Tyre Burst,1,Critical
HEMM-DR01,Drill Rig,2021-07-17,Night,12,Good,85.6,5.21,1.57,42.0,83.2,0.9,23.9,180.1,329.0,1693.0,2331,76,146,None,None,0,Low
HEMM-SC01,Scraper,2022-11-07,Night,4,Poor,75.9,4.54,1.99,37.0,81.5,0.89,23.6,160.4,334.7,1886.0,6930,50,57,None,None,0,Low
HEMM-DR01,Drill Rig,2021-04-16,Afternoon,20,Good,95.3,4.92,1.87,34.3,81.3,0.89,24.6,190.5,308.8,1667.0,5319,50,108,None,None,0,Low
HEMM-E002,Excavator,2021-11-13,Night,16,Good,82.1,4.59,1.89,37.6,84.3,0.88,23.3,184.5,299.4,1785.0,3874,113,175,None,None,0,Low
HEMM-SC01,Scraper,2023-01-23,Morning,9,Fair,88.4,3.93,2.49,37.2,79.1,0.83,25.0,196.2,295.3,1741.0,9606,33,94,None,None,0,Medium
HEMM-SC01,Scraper,2021-02-23,Night,9,Fair,85.2,4.67,1.29,30.7,78.6,0.87,24.3,180.5,319.0,1660.0,674,28,64,None,None,0,Low
HEMM-B002,Dozer,2022-11-27,Afternoon,1,Good,73.4,4.6,2.36,30.3,76.1,0.84,23.9,181.4,354.7,2023.0,3172,116,115,None,None,0,Low
HEMM-G002,Grader,2021-05-23,Morning,1,Poor,90.3,4.3,2.42,35.7,78.6,0.88,24.8,168.9,334.9,1817.0,1703,100,158,None,None,0,Low
HEMM-DR01,Drill Rig,2023-07-19,Afternoon,6,Poor,95.1,4.07,2.1,48.4,78.3,0.87,24.6,189.0,359.2,1913.0,6262,44,114,None,None,0,Low
HEMM-D003,Dumper,2021-04-18,Morning,6,Poor,85.7,3.64,6.14,39.4,83.0,0.9,24.0,174.1,278.0,1241.0,10322,11,7,Transmission,Transmission Failure,1,Critical
HEMM-L001,Wheel Loader,2023-06-25,Afternoon,9,Poor,85.6,4.51,8.02,39.1,48.5,0.87,24.5,160.8,373.5,1896.0,3731,101,6,Tyres,Tyre Burst,1,Critical
HEMM-B002,Dozer,2023-09-24,Night,10,Fair,95.9,4.17,1.96,42.8,90.4,0.9,23.9,178.9,347.8,1698.0,944,33,92,None,None,0,Low
HEMM-D002,Dumper,2021-01-16,Morning,10,Good,78.6,4.45,2.4,49.7,82.8,0.98,24.5,176.1,342.5,1895.0,3660,103,83,None,None,0,Low
HEMM-B002,Dozer,2022-11-03,Morning,1,Fair,102.9,4.68,5.94,40.4,86.9,0.88,24.1,178.8,312.9,1992.0,8349,100,6,Brakes,Brake Failure,1,Critical
HEMM-L002,Wheel Loader,2022-12-27,Morning,13,Good,86.5,4.98,2.28,39.8,86.3,0.77,24.1,179.8,287.2,1637.0,893,60,131,None,None,0,Low
HEMM-D003,Dumper,2022-10-04,Night,14,Poor,88.8,3.76,2.44,47.4,79.1,0.96,24.7,178.6,287.6,1845.0,9594,56,140,None,None,0,Medium
HEMM-B002,Dozer,2021-08-24,Afternoon,1,Poor,79.0,4.67,1.86,30.0,79.0,0.79,25.1,182.8,290.5,1826.0,5521,26,42,None,None,0,Low
HEMM-G001,Grader,2021-06-30,Afternoon,4,Poor,71.8,4.98,1.66,39.7,82.0,0.86,25.0,198.0,344.8,1821.0,4186,60,43,None,None,0,Low
HEMM-D003,Dumper,2023-03-22,Afternoon,11,Good,81.1,3.87,5.41,32.6,77.9,0.89,24.2,195.6,331.1,2045.0,3830,47,1,Brakes,Brake Failure,1,Critical
HEMM-G001,Grader,2022-12-21,Night,5,Good,85.0,4.5,1.87,38.8,85.3,0.83,24.1,177.3,304.4,1873.0,4071,18,129,None,None,0,Low
HEMM-E001,Excavator,2021-11-10,Night,3,Poor,81.1,3.75,1.52,38.9,83.8,0.78,24.5,174.5,303.2,1841.0,3102,103,178,None,None,0,Low
HEMM-DR02,Drill Rig,2022-10-24,Night,11,Good,83.7,4.58,1.74,36.0,83.6,0.82,24.6,202.4,311.8,1557.0,2673,61,70,None,None,0,Low
HEMM-B002,Dozer,2022-07-17,Night,2,Good,84.8,4.1,1.98,44.4,84.5,0.75,24.4,183.3,276.7,1934.0,5966,69,159,None,None,0,Low
HEMM-DR02,Drill Rig,2021-03-19,Morning,12,Poor,90.0,4.04,2.42,37.6,84.7,0.9,24.0,172.6,311.6,1927.0,4903,14,57,None,None,0,Low
HEMM-D003,Dumper,2023-11-05,Afternoon,15,Poor,91.5,4.36,2.79,34.0,82.6,0.76,25.0,185.2,324.6,1948.0,9708,75,76,None,None,0,Medium
HEMM-DR02,Drill Rig,2022-01-21,Afternoon,20,Good,72.8,4.05,1.91,24.8,85.1,0.9,23.3,179.8,314.7,1802.0,7992,69,94,None,None,0,Low
HEMM-DR02,Drill Rig,2021-07-31,Afternoon,3,Good,124.2,4.92,1.71,38.6,88.2,0.65,24.8,185.9,312.9,1743.0,8466,87,7,Cooling System,Cooling System Failure,1,Critical
HEMM-L002,Wheel Loader,2023-12-07,Night,6,Fair,92.6,5.27,2.75,41.9,86.1,0.92,24.6,192.6,323.6,1645.0,6162,52,74,None,None,0,Low
HEMM-B003,Dozer,2021-04-18,Night,11,Good,91.3,3.86,1.67,37.5,75.4,0.94,24.2,179.6,330.7,1805.0,1279,47,57,None,None,0,Low
HEMM-G002,Grader,2022-08-05,Afternoon,20,Good,79.6,4.75,2.31,45.2,77.5,1.0,24.0,189.0,321.2,1844.0,2663,47,94,None,None,0,Low
HEMM-D005,Dumper,2022-12-18,Afternoon,13,Poor,76.7,4.76,1.91,36.7,74.7,0.97,24.3,181.5,303.3,2009.0,2312,81,83,None,None,0,Low
HEMM-B002,Dozer,2023-02-11,Night,11,Poor,71.5,4.21,1.72,44.3,84.6,0.94,24.6,166.9,323.8,2029.0,2293,90,35,None,None,0,Low
HEMM-L002,Wheel Loader,2021-07-11,Night,14,Good,72.5,3.93,1.89,35.9,84.4,0.99,24.5,183.3,311.5,1638.0,8531,51,48,None,None,0,Medium
HEMM-E001,Excavator,2022-03-15,Afternoon,16,Good,81.0,4.27,7.21,41.8,54.6,0.85,24.0,190.5,313.6,1727.0,3345,33,4,Tyres,Tyre Burst,1,Critical
HEMM-L002,Wheel Loader,2023-12-15,Morning,11,Poor,93.4,4.59,1.52,38.0,88.2,0.75,23.9,186.0,337.6,1755.0,10325,21,120,None,None,0,Medium
HEMM-E001,Excavator,2022-01-06,Night,20,Fair,78.2,4.17,5.07,36.9,82.0,0.88,24.8,202.6,313.9,2049.0,2912,97,5,Brakes,Brake Failure,1,Critical
HEMM-DR02,Drill Rig,2022-08-07,Night,15,Good,79.6,4.66,1.37,44.9,77.0,0.81,24.5,170.5,311.9,1869.0,4033,73,97,None,None,0,Low
HEMM-L001,Wheel Loader,2022-02-02,Afternoon,19,Fair,72.7,5.29,2.22,51.2,78.8,0.84,25.0,178.1,338.4,1787.0,7418,64,172,None,None,0,Low
HEMM-L002,Wheel Loader,2023-12-17,Afternoon,6,Poor,132.3,3.93,2.09,41.0,77.9,0.54,24.5,176.8,383.7,1707.0,3471,107,4,Engine,Engine Overheat,1,Critical
HEMM-L001,Wheel Loader,2023-01-31,Night,4,Poor,93.3,4.8,1.62,40.1,82.4,0.82,25.0,175.0,318.4,1835.0,11855,113,86,None,None,0,Medium
HEMM-B002,Dozer,2021-06-21,Morning,9,Poor,81.1,4.24,5.96,44.8,50.2,0.8,25.0,178.4,342.1,1709.0,7561,120,6,Tyres,Tyre Burst,1,Critical
HEMM-E003,Excavator,2023-07-13,Afternoon,1,Fair,94.6,4.11,1.81,40.3,85.1,0.95,24.4,194.6,285.6,1740.0,6997,11,60,None,None,0,Low
HEMM-E003,Excavator,2023-03-02,Morning,12,Fair,86.8,4.55,1.3,41.9,76.4,0.87,24.7,178.5,301.5,1833.0,3878,8,130,None,None,0,Low
HEMM-B003,Dozer,2021-10-27,Morning,2,Fair,85.3,4.12,1.08,38.8,86.3,0.87,25.0,182.3,330.0,1867.0,4900,111,110,None,None,0,Low
HEMM-D005,Dumper,2023-08-19,Afternoon,20,Good,88.4,3.19,1.82,33.3,83.8,0.78,24.9,136.2,352.7,1586.0,286,120,3,Hydraulics,Hydraulic Failure,1,Critical
HEMM-SC01,Scraper,2023-12-17,Afternoon,4,Fair,90.6,3.37,5.12,37.6,75.9,0.93,24.3,181.9,346.4,1568.0,4920,35,3,Transmission,Transmission Failure,1,Critical
HEMM-DR02,Drill Rig,2021-05-09,Morning,16,Good,85.3,4.57,2.09,43.3,88.0,0.83,24.5,193.5,315.9,1753.0,9976,73,148,None,None,0,Medium
HEMM-E003,Excavator,2021-10-22,Afternoon,14,Fair,94.7,4.6,1.85,38.7,74.9,0.83,24.7,192.5,289.7,1922.0,225,83,107,None,None,0,Low
HEMM-DR01,Drill Rig,2022-01-19,Night,3,Good,78.1,3.93,2.24,34.6,81.1,0.83,24.2,182.1,309.9,1675.0,8776,51,62,None,None,0,Medium
HEMM-SC01,Scraper,2023-11-06,Night,18,Fair,108.8,4.96,1.53,55.8,88.1,0.78,24.3,170.4,300.9,1834.0,533,54,6,Fuel System,Fuel System Failure,1,Critical
HEMM-B001,Dozer,2021-02-03,Afternoon,3,Poor,84.6,5.11,1.75,34.8,88.8,0.84,23.8,173.5,318.3,1655.0,5849,35,31,None,None,0,Low
HEMM-D004,Dumper,2022-11-12,Morning,2,Fair,92.6,3.99,2.04,40.0,81.7,0.77,24.6,196.7,346.8,1670.0,5972,74,63,None,None,0,Low
HEMM-E001,Excavator,2023-08-10,Night,16,Good,135.1,4.14,2.58,38.8,90.5,0.54,24.9,205.2,423.2,1702.0,10550,28,7,Engine,Engine Overheat,1,Critical
HEMM-B002,Dozer,2022-02-17,Morning,7,Fair,93.4,4.97,1.91,37.8,75.9,0.86,24.8,178.9,329.9,1761.0,886,45,61,None,None,0,Low
HEMM-SC01,Scraper,2023-08-28,Afternoon,2,Fair,88.4,4.76,1.55,46.5,81.9,0.83,24.7,183.0,321.1,1935.0,10798,29,176,None,None,0,Medium
HEMM-D002,Dumper,2022-11-11,Afternoon,4,Fair,99.0,5.05,1.48,41.4,80.0,0.8,24.6,183.6,331.4,1730.0,6229,60,63,None,None,0,Low
HEMM-G002,Grader,2022-11-26,Morning,16,Fair,78.0,4.47,1.71,41.4,87.9,0.92,24.7,184.5,292.0,1821.0,11538,68,131,None,None,0,Medium
HEMM-L002,Wheel Loader,2022-07-01,Morning,14,Poor,92.0,4.85,1.69,38.2,84.7,0.9,24.4,162.8,325.7,1881.0,1493,60,166,None,None,0,Low
HEMM-E001,Excavator,2022-08-25,Afternoon,4,Poor,82.8,4.9,1.91,43.3,83.7,0.87,23.9,181.1,312.1,1940.0,1511,46,92,None,None,0,Low
HEMM-DR02,Drill Rig,2023-05-23,Morning,15,Good,81.2,3.79,1.72,38.0,85.2,0.78,24.5,175.1,348.9,1674.0,5959,62,67,None,None,0,Low
HEMM-G001,Grader,2023-06-10,Afternoon,2,Poor,91.5,4.52,1.6,42.3,85.8,0.96,25.2,177.6,357.4,1601.0,1429,90,50,None,None,0,Low
HEMM-L002,Wheel Loader,2021-11-24,Morning,5,Fair,82.8,4.56,4.25,38.6,84.5,0.95,24.2,166.1,349.0,1888.0,10154,91,1,Brakes,Brake Failure,1,Critical
HEMM-G001,Grader,2023-01-12,Afternoon,19,Good,78.9,4.57,3.19,39.8,80.7,0.92,24.6,181.6,312.2,1959.0,730,82,58,None,None,0,Low
HEMM-G001,Grader,2023-02-01,Afternoon,3,Poor,66.4,4.07,1.69,45.4,71.0,0.94,24.3,181.0,342.4,1732.0,9603,22,62,None,None,0,Medium
HEMM-B003,Dozer,2022-07-25,Morning,4,Good,92.7,4.1,1.29,40.9,83.4,0.78,25.1,198.3,314.9,1766.0,624,99,40,None,None,0,Low
HEMM-G002,Grader,2021-08-30,Afternoon,9,Good,74.0,4.27,2.41,48.4,75.7,0.89,23.6,190.9,341.1,1800.0,11734,62,170,None,None,0,Medium
HEMM-B002,Dozer,2023-10-03,Morning,4,Good,74.6,4.63,2.37,32.9,82.3,0.9,24.3,172.1,328.7,1719.0,2423,114,100,None,None,0,Low
HEMM-DR02,Drill Rig,2021-06-29,Night,11,Poor,87.3,4.33,2.44,41.6,86.1,0.92,21.6,189.4,315.5,1873.0,11141,49,4,Electrical,Electrical Fault,1,Critical
HEMM-E001,Excavator,2021-12-23,Afternoon,17,Good,77.5,4.61,2.7,39.9,83.6,0.96,23.5,178.1,315.2,1943.0,3873,20,112,None,None,0,Low
HEMM-E003,Excavator,2023-10-09,Morning,12,Fair,82.1,4.99,1.87,37.9,89.0,0.75,24.0,171.0,306.5,1797.0,9277,78,133,None,None,0,Medium
HEMM-SC01,Scraper,2021-09-23,Night,3,Fair,80.3,4.26,2.08,44.0,80.0,0.86,24.0,173.1,294.9,1653.0,1277,44,88,None,None,0,Low
HEMM-L001,Wheel Loader,2023-12-13,Afternoon,14,Good,77.9,5.08,1.82,37.4,84.3,0.84,24.4,183.2,326.1,1945.0,9619,14,90,None,None,0,Medium
HEMM-D003,Dumper,2023-07-11,Afternoon,17,Poor,73.9,3.84,2.73,44.0,93.0,0.84,25.1,187.7,304.0,1951.0,5844,21,121,None,None,0,Low
HEMM-E001,Excavator,2021-09-22,Afternoon,17,Good,86.2,4.45,2.14,39.1,84.2,0.91,25.2,181.9,338.8,1697.0,1107,111,42,None,None,0,Low
HEMM-B002,Dozer,2021-12-04,Morning,11,Fair,88.2,4.18,2.6,31.7,83.4,0.9,25.0,188.6,361.5,1942.0,11821,33,169,None,None,0,Medium
HEMM-L002,Wheel Loader,2022-08-05,Morning,9,Poor,70.5,3.67,1.97,40.7,88.5,0.91,25.7,171.9,334.7,1930.0,3416,86,178,None,None,0,Low
HEMM-B002,Dozer,2023-12-29,Morning,17,Poor,85.9,4.09,2.28,30.4,84.5,0.92,24.8,186.3,306.1,1858.0,10701,26,113,None,None,0,Medium
HEMM-D005,Dumper,2021-12-17,Night,20,Poor,90.9,4.83,5.81,35.5,37.4,0.85,24.4,189.8,327.1,1764.0,10114,48,0,Tyres,Tyre Burst,1,Critical
HEMM-D002,Dumper,2022-06-27,Night,7,Poor,96.4,4.63,2.13,40.3,75.9,0.77,25.1,171.9,327.4,1832.0,9573,58,138,None,None,0,Medium
HEMM-L001,Wheel Loader,2022-08-17,Night,10,Poor,104.6,4.03,1.57,32.2,80.8,0.75,25.0,177.6,309.4,1824.0,8112,36,129,None,None,0,High
HEMM-DR02,Drill Rig,2021-05-30,Night,2,Fair,88.9,4.93,2.81,42.8,83.3,0.9,24.6,180.2,313.0,1956.0,2789,61,103,None,None,0,Low
HEMM-E002,Excavator,2022-11-28,Night,5,Poor,86.9,4.07,2.42,39.0,76.1,0.9,23.8,174.9,364.4,1770.0,5321,115,142,None,None,0,Low
HEMM-G001,Grader,2023-03-28,Morning,12,Good,61.6,4.78,1.98,41.3,82.0,0.96,25.0,176.5,309.6,1815.0,8637,76,88,None,None,0,Medium
HEMM-DR02,Drill Rig,2021-09-08,Afternoon,15,Good,93.1,3.76,4.82,35.6,86.9,0.79,25.3,176.0,356.4,1688.0,4261,23,6,Transmission,Transmission Failure,1,Critical
HEMM-E003,Excavator,2021-11-24,Afternoon,19,Good,88.8,4.43,1.49,47.5,80.1,0.98,24.7,181.3,324.3,1897.0,5323,29,95,None,None,0,Low
HEMM-L002,Wheel Loader,2023-08-15,Afternoon,10,Good,86.2,4.81,1.3,43.6,78.8,0.9,24.4,168.7,332.5,1863.0,8348,7,117,None,None,0,Medium
HEMM-L002,Wheel Loader,2023-07-26,Morning,7,Good,115.6,4.26,1.75,42.3,88.4,0.42,24.3,171.4,279.7,1675.0,9757,50,7,Cooling System,Cooling System Failure,1,Critical
HEMM-B002,Dozer,2021-01-17,Morning,14,Fair,83.4,4.2,1.93,30.3,80.0,0.79,24.4,163.0,310.7,1739.0,2394,117,165,None,None,0,Low
HEMM-G002,Grader,2023-01-20,Morning,13,Poor,93.4,4.32,2.44,31.2,78.0,0.99,24.9,195.0,318.5,1678.0,1038,77,39,None,None,0,Low
HEMM-SC01,Scraper,2022-08-15,Morning,13,Poor,75.7,4.51,1.43,41.9,78.6,0.86,24.5,189.2,309.0,1788.0,8461,62,38,None,None,0,Medium
HEMM-D004,Dumper,2021-09-21,Morning,13,Fair,79.9,4.28,1.56,39.1,82.1,0.92,24.6,169.6,320.3,1765.0,6314,106,106,None,None,0,Low
HEMM-G001,Grader,2021-10-23,Morning,20,Poor,84.6,3.36,2.5,37.7,85.8,0.85,24.3,99.1,280.7,1751.0,8541,56,0,Hydraulics,Hydraulic Failure,1,Critical
HEMM-B003,Dozer,2023-08-29,Night,15,Poor,87.8,3.37,2.03,43.5,82.2,0.85,24.1,142.3,324.7,1778.0,2640,82,5,Hydraulics,Hydraulic Failure,1,Critical
HEMM-G002,Grader,2022-09-05,Night,11,Poor,88.0,4.42,2.03,40.2,80.6,0.95,24.0,172.8,315.4,1918.0,8511,111,98,None,None,0,Medium
HEMM-B002,Dozer,2023-08-31,Morning,12,Good,86.6,4.71,1.61,34.6,79.3,0.97,24.1,171.1,330.7,1923.0,5627,91,110,None,None,0,Low
HEMM-B002,Dozer,2021-02-24,Night,16,Poor,83.9,4.03,1.71,36.7,85.3,0.76,24.5,170.6,306.6,1829.0,4550,88,45,None,None,0,Low
HEMM-D002,Dumper,2023-09-11,Morning,17,Poor,83.5,5.05,2.24,47.4,82.5,0.98,25.2,171.3,360.5,1772.0,10505,97,123,None,None,0,Medium
HEMM-G002,Grader,2021-10-30,Night,8,Poor,109.2,4.06,2.96,39.1,82.1,0.53,24.9,159.2,354.5,1771.0,717,78,0,Cooling System,Cooling System Failure,1,Critical
HEMM-B003,Dozer,2023-05-08,Morning,14,Fair,87.3,4.6,1.64,33.9,79.8,0.84,24.3,192.6,309.3,1836.0,11513,31,46,None,None,0,Medium
HEMM-L001,Wheel Loader,2021-05-08,Night,5,Poor,87.2,3.93,2.08,39.1,81.2,0.83,24.8,175.7,351.3,1775.0,8698,31,144,None,None,0,Medium
HEMM-L001,Wheel Loader,2023-12-13,Afternoon,11,Poor,81.3,4.42,1.97,38.5,83.0,0.98,24.8,165.4,296.6,1915.0,3037,63,67,None,None,0,Low
HEMM-G001,Grader,2022-06-26,Night,16,Fair,77.9,4.88,2.35,45.4,79.6,0.86,24.4,171.8,295.0,1753.0,3350,36,161,None,None,0,Low
HEMM-E003,Excavator,2022-09-02,Afternoon,7,Fair,75.8,4.31,1.83,42.0,78.1,0.82,24.2,160.1,325.3,1873.0,11508,95,133,None,None,0,Medium
HEMM-G001,Grader,2022-07-15,Afternoon,4,Poor,91.9,4.57,2.23,41.5,84.5,0.85,23.9,189.3,315.3,1914.0,9595,91,158,None,None,0,Medium
HEMM-G002,Grader,2022-12-08,Morning,10,Poor,76.1,5.17,1.83,38.7,84.5,0.97,18.4,184.1,299.4,1796.0,889,41,7,Electrical,Electrical Fault,1,Critical
HEMM-L001,Wheel Loader,2022-03-15,Morning,18,Poor,88.3,4.24,2.46,47.1,75.6,0.76,23.9,170.9,323.8,1807.0,4642,76,69,None,None,0,Low
HEMM-D004,Dumper,2022-05-06,Morning,2,Poor,93.6,3.84,1.62,37.4,82.4,0.89,24.0,179.0,323.0,1732.0,11174,120,133,None,None,0,Medium
HEMM-E003,Excavator,2021-04-18,Morning,14,Fair,111.3,4.42,1.62,50.3,83.0,0.52,23.9,179.3,389.9,1757.0,5611,96,2,Engine,Engine Overheat,1,Critical
HEMM-SC01,Scraper,2021-11-20,Afternoon,16,Good,83.8,4.07,2.09,41.2,83.2,0.94,24.3,184.2,321.6,1737.0,8022,88,170,None,None,0,Medium
HEMM-B002,Dozer,2022-10-20,Afternoon,2,Poor,84.5,4.16,2.49,37.7,79.8,0.95,23.8,175.9,343.1,1613.0,1665,88,89,None,None,0,Low
HEMM-D002,Dumper,2021-12-25,Afternoon,6,Fair,81.9,4.63,2.78,37.9,79.9,0.85,24.7,170.2,321.2,1845.0,795,112,43,None,None,0,Low
HEMM-E001,Excavator,2022-08-16,Morning,1,Poor,81.5,4.72,2.03,29.9,86.1,0.81,21.1,184.1,323.4,1788.0,5088,77,5,Electrical,Electrical Fault,1,Critical
HEMM-DR02,Drill Rig,2023-12-10,Afternoon,5,Fair,82.7,4.31,1.88,32.7,74.9,0.92,24.2,182.0,296.0,1760.0,8461,64,173,None,None,0,Medium
HEMM-D004,Dumper,2022-11-09,Morning,15,Poor,84.3,4.29,1.39,39.6,89.0,0.99,24.5,183.5,314.9,1937.0,10821,37,59,None,None,0,Medium
HEMM-B003,Dozer,2022-08-28,Night,7,Poor,96.4,4.58,2.65,34.3,89.3,0.93,24.4,182.7,323.0,1925.0,3075,83,151,None,None,0,Low
HEMM-DR01,Drill Rig,2023-11-22,Afternoon,3,Good,81.8,4.39,2.0,45.9,75.7,0.89,24.3,185.0,314.4,1834.0,6767,90,96,None,None,0,Low
HEMM-D005,Dumper,2023-09-05,Afternoon,8,Fair,83.0,4.72,2.33,32.7,86.8,0.81,24.7,176.3,315.2,1929.0,311,38,179,None,None,0,Low
HEMM-B001,Dozer,2022-11-07,Afternoon,19,Fair,79.3,4.84,2.66,43.4,79.1,0.98,24.7,184.4,297.0,1728.0,9586,6,59,None,None,0,Medium
HEMM-E003,Excavator,2021-05-08,Night,4,Good,76.8,4.32,2.14,29.3,89.9,0.95,25.0,191.1,341.7,1743.0,7825,44,54,None,None,0,Low
HEMM-L002,Wheel Loader,2022-09-29,Night,4,Fair,93.4,5.16,1.81,34.9,84.0,0.98,24.3,174.1,317.9,1808.0,10664,42,47,None,None,0,Medium
HEMM-E003,Excavator,2021-10-01,Afternoon,5,Poor,80.8,4.67,2.27,32.5,78.8,0.92,25.0,160.3,368.6,1930.0,7654,100,101,None,None,0,Low
HEMM-SC01,Scraper,2023-08-23,Night,7,Poor,83.1,4.81,1.75,38.3,86.8,0.95,24.4,172.9,305.8,1789.0,4254,92,122,None,None,0,Low
HEMM-D003,Dumper,2023-12-13,Afternoon,17,Good,77.8,3.92,2.34,33.3,77.1,0.92,24.7,185.2,317.6,1977.0,11730,51,48,None,None,0,Medium
HEMM-D004,Dumper,2021-05-07,Night,17,Poor,107.6,4.25,2.21,36.7,88.7,0.4,24.7,170.1,315.1,1839.0,3512,78,5,Cooling System,Cooling System Failure,1,Critical
HEMM-D004,Dumper,2022-02-25,Night,19,Poor,81.9,4.71,1.54,40.6,80.7,0.97,24.0,172.5,290.7,1750.0,8208,16,108,None,None,0,Medium
HEMM-D002,Dumper,2023-07-18,Morning,17,Poor,89.1,4.89,1.85,43.9,83.9,0.84,18.2,168.0,337.9,1889.0,7006,63,7,Electrical,Electrical Fault,1,Critical
HEMM-D001,Dumper,2023-03-22,Afternoon,1,Good,99.6,4.35,7.27,48.6,41.7,0.92,25.6,180.1,318.9,1762.0,3770,79,5,Tyres,Tyre Burst,1,Critical
HEMM-SC01,Scraper,2021-05-04,Morning,16,Fair,77.4,3.16,4.69,42.2,85.6,0.83,24.7,189.0,353.8,1719.0,719,41,2,Transmission,Transmission Failure,1,Critical
HEMM-G001,Grader,2023-02-23,Afternoon,13,Poor,92.3,4.49,1.85,37.2,83.6,0.92,23.9,187.7,296.7,1861.0,6354,15,136,None,None,0,Low
HEMM-SC01,Scraper,2021-09-30,Night,12,Poor,87.9,4.01,1.6,36.8,82.3,0.95,24.3,179.4,344.6,1869.0,2143,27,159,None,None,0,Low
HEMM-D005,Dumper,2022-04-02,Morning,1,Poor,93.9,4.59,2.03,46.1,89.8,0.88,23.7,190.6,316.5,1877.0,5088,64,65,None,None,0,Low
HEMM-DR01,Drill Rig,2023-12-26,Afternoon,8,Fair,72.3,4.85,7.14,43.5,49.4,0.94,24.8,172.0,312.5,1744.0,4255,63,3,Tyres,Tyre Burst,1,Critical
HEMM-D002,Dumper,2023-05-09,Night,1,Good,107.4,3.71,2.28,34.2,83.1,0.53,24.9,187.2,301.7,1936.0,4143,31,0,Cooling System,Cooling System Failure,1,Critical
HEMM-D002,Dumper,2022-05-17,Night,2,Good,95.7,4.59,2.62,32.6,80.3,0.78,23.3,179.3,326.6,1791.0,6790,61,156,None,None,0,Low
HEMM-D002,Dumper,2021-10-14,Night,10,Poor,92.8,4.02,1.57,46.4,78.2,0.92,24.1,176.0,301.7,1833.0,4036,109,137,None,None,0,Low
HEMM-B003,Dozer,2022-05-01,Afternoon,5,Good,93.8,4.92,2.21,39.8,89.0,0.9,24.5,175.4,285.2,1905.0,11016,71,71,None,None,0,Medium
HEMM-B001,Dozer,2021-05-05,Night,19,Poor,87.8,3.78,2.08,32.7,78.2,0.94,25.0,184.7,319.5,1844.0,3069,85,40,None,None,0,Low
HEMM-L001,Wheel Loader,2021-04-07,Afternoon,13,Poor,93.8,4.69,2.0,35.1,77.6,0.83,24.9,188.4,324.8,1835.0,8792,45,147,None,None,0,Medium
HEMM-D005,Dumper,2022-09-07,Afternoon,6,Good,95.3,4.9,2.3,40.3,81.3,0.88,24.7,181.8,332.5,1819.0,9013,65,36,None,None,0,Medium
HEMM-B002,Dozer,2021-10-23,Afternoon,2,Fair,67.0,4.03,2.09,33.1,81.6,0.77,24.7,180.8,277.4,1846.0,9414,57,46,None,None,0,Medium
HEMM-D005,Dumper,2023-03-07,Morning,9,Poor,96.2,4.62,1.99,48.7,90.9,0.85,23.4,168.1,307.0,1841.0,3531,47,7,Fuel System,Fuel System Failure,1,Critical
HEMM-D003,Dumper,2022-01-26,Morning,9,Poor,70.6,5.1,1.67,36.2,77.5,0.93,24.3,201.7,343.8,1821.0,6379,91,65,None,None,0,Low
HEMM-D003,Dumper,2022-01-21,Night,18,Good,93.2,4.17,2.03,42.3,82.6,0.85,24.1,175.6,315.6,1685.0,3755,66,33,None,None,0,Low
HEMM-B003,Dozer,2022-09-13,Morning,7,Good,88.9,5.44,1.87,28.1,76.3,0.83,24.5,166.1,299.8,1860.0,3313,99,156,None,None,0,Low
HEMM-L001,Wheel Loader,2022-05-12,Night,20,Fair,76.9,4.72,1.67,37.5,80.0,0.88,24.8,181.3,315.6,2005.0,11730,31,41,None,None,0,Medium
HEMM-SC01,Scraper,2022-10-21,Afternoon,13,Poor,80.3,4.84,1.93,32.7,76.9,0.76,25.3,188.4,324.2,1671.0,7839,73,137,None,None,0,Low
HEMM-B001,Dozer,2023-01-07,Night,16,Poor,80.7,4.63,2.48,43.7,79.8,0.89,24.7,191.0,329.3,1935.0,7835,17,84,None,None,0,Low
HEMM-B003,Dozer,2022-02-21,Afternoon,11,Poor,89.5,4.34,1.88,32.1,81.9,0.76,24.3,184.3,328.5,1731.0,6981,10,103,None,None,0,Low
HEMM-D005,Dumper,2021-02-03,Afternoon,18,Poor,92.3,3.63,2.3,40.2,79.5,0.81,23.7,194.2,313.1,1858.0,9768,79,151,None,None,0,Medium
HEMM-D005,Dumper,2022-02-06,Afternoon,8,Good,85.2,4.03,2.68,47.5,82.6,0.99,25.0,201.0,331.9,1751.0,6423,77,79,None,None,0,Low
HEMM-B003,Dozer,2022-06-12,Afternoon,16,Poor,91.6,4.46,1.97,38.3,77.8,0.81,24.7,181.3,313.3,1699.0,7750,26,107,None,None,0,Low
HEMM-E001,Excavator,2021-10-14,Night,18,Poor,92.8,4.02,2.46,34.4,89.1,0.89,24.0,185.3,321.1,1797.0,8200,28,54,None,None,0,Medium
HEMM-D002,Dumper,2023-12-10,Morning,3,Good,76.8,4.56,1.79,40.0,76.6,0.78,25.1,173.3,360.2,1701.0,11148,11,176,None,None,0,Medium
HEMM-E003,Excavator,2021-05-20,Night,5,Poor,85.4,4.52,1.8,31.1,83.3,0.8,24.5,174.0,341.6,1745.0,349,32,62,None,None,0,Low
HEMM-D002,Dumper,2023-09-17,Night,16,Poor,97.8,4.67,2.19,34.0,83.7,0.85,23.4,191.0,323.1,1801.0,457,5,45,None,None,0,Low
HEMM-D001,Dumper,2021-02-04,Night,9,Good,95.3,4.75,2.2,46.2,77.8,0.85,24.4,166.4,299.9,1892.0,8977,41,125,None,None,0,Medium
HEMM-DR01,Drill Rig,2022-01-03,Morning,4,Good,93.5,4.96,1.31,32.1,83.1,0.87,25.5,195.9,333.6,1719.0,8791,24,164,None,None,0,Medium
HEMM-L002,Wheel Loader,2022-06-01,Afternoon,9,Fair,87.6,5.08,2.35,32.6,87.5,0.93,24.7,177.4,368.8,1760.0,6702,15,146,None,None,0,Low
HEMM-DR02,Drill Rig,2022-05-14,Night,8,Good,80.1,4.57,1.85,35.2,78.1,0.85,24.4,183.2,314.6,1739.0,5114,92,95,None,None,0,Low
HEMM-D002,Dumper,2021-07-11,Afternoon,13,Fair,77.9,2.86,2.34,48.6,84.3,0.97,23.2,110.0,341.5,1822.0,6379,75,0,Hydraulics,Hydraulic Failure,1,Critical
HEMM-D003,Dumper,2023-10-21,Afternoon,11,Good,92.2,4.09,1.66,33.3,80.1,0.8,24.2,192.7,360.2,1663.0,9470,114,50,None,None,0,Medium
HEMM-D002,Dumper,2022-04-16,Morning,19,Good,100.4,4.01,2.03,31.5,79.2,0.85,24.0,193.4,343.7,1789.0,7990,39,49,None,None,0,High
HEMM-B001,Dozer,2021-03-09,Morning,11,Poor,93.0,4.57,5.99,33.8,49.5,0.78,23.8,190.8,283.7,1694.0,456,31,6,Tyres,Tyre Burst,1,Critical
HEMM-B002,Dozer,2021-11-29,Night,8,Fair,74.2,4.33,2.01,38.6,81.3,0.95,24.7,187.6,341.1,1790.0,9484,111,159,None,None,0,Medium
HEMM-SC01,Scraper,2022-11-11,Afternoon,5,Good,88.3,4.47,2.19,44.9,85.2,0.84,24.3,175.5,340.7,1658.0,11493,97,88,None,None,0,Medium
HEMM-G001,Grader,2021-04-20,Morning,14,Good,85.1,4.41,2.19,40.7,86.5,0.79,24.1,192.4,347.6,1773.0,4003,112,101,None,None,0,Low
HEMM-G002,Grader,2022-10-31,Morning,9,Good,88.7,4.57,1.7,52.6,78.3,0.98,24.7,184.1,328.7,1776.0,7581,67,175,None,None,0,Low
HEMM-G002,Grader,2023-06-04,Morning,19,Good,86.2,4.65,2.0,27.6,82.6,0.78,25.6,189.9,307.7,1787.0,11024,53,132,None,None,0,Medium
HEMM-B002,Dozer,2022-05-20,Night,3,Good,87.7,4.79,2.24,37.3,83.4,0.96,24.7,172.8,336.9,1915.0,1544,39,64,None,None,0,Low
HEMM-D005,Dumper,2023-03-09,Afternoon,12,Good,84.5,4.53,2.03,37.2,86.8,0.85,24.5,183.4,313.3,1666.0,1945,16,156,None,None,0,Low
HEMM-DR02,Drill Rig,2023-01-08,Afternoon,4,Good,86.7,5.08,1.95,37.2,84.7,0.87,24.7,182.2,311.3,1721.0,2370,16,145,None,None,0,Low
HEMM-SC01,Scraper,2023-11-16,Afternoon,4,Fair,83.2,4.13,2.03,38.9,76.5,0.81,24.9,178.6,326.2,1748.0,630,16,145,None,None,0,Low
HEMM-B003,Dozer,2023-02-28,Morning,10,Good,95.8,4.67,2.02,30.8,76.7,0.84,23.1,189.4,320.3,1905.0,6979,54,67,None,None,0,Low
HEMM-SC01,Scraper,2022-05-13,Night,17,Fair,83.8,4.24,0.95,31.0,82.4,0.87,21.3,192.4,313.0,1716.0,2978,92,4,Electrical,Electrical Fault,1,Critical
HEMM-B001,Dozer,2023-10-07,Morning,3,Fair,88.2,4.53,2.66,42.5,75.3,1.0,24.9,178.8,310.8,1784.0,2939,60,95,None,None,0,Low
HEMM-L001,Wheel Loader,2021-06-07,Afternoon,9,Poor,88.8,4.77,2.06,36.6,81.5,0.78,24.9,158.2,323.6,1943.0,4240,97,57,None,None,0,Low
HEMM-E002,Excavator,2023-07-27,Morning,5,Fair,73.2,4.81,1.67,41.8,78.7,0.82,24.1,182.1,353.2,1767.0,5191,5,68,None,None,0,Low
HEMM-G002,Grader,2022-11-06,Afternoon,11,Poor,86.6,4.57,2.28,43.6,82.1,0.76,24.3,174.1,340.1,1630.0,7255,109,97,None,None,0,Low
HEMM-D005,Dumper,2022-09-08,Afternoon,20,Fair,88.8,4.62,1.77,30.9,79.9,0.95,25.0,175.0,304.4,1724.0,11591,30,112,None,None,0,Medium
HEMM-G002,Grader,2022-10-16,Afternoon,16,Good,79.6,4.46,1.75,31.8,83.5,0.95,24.5,182.6,353.8,1754.0,9635,105,175,None,None,0,Medium
HEMM-B001,Dozer,2023-03-16,Afternoon,4,Poor,92.7,4.08,1.58,33.4,80.0,0.95,24.7,171.1,323.6,1930.0,9438,30,94,None,None,0,Medium
HEMM-E001,Excavator,2021-02-25,Night,15,Fair,83.4,4.59,2.63,38.3,79.4,0.82,24.1,166.1,288.0,1678.0,11805,31,176,None,None,0,Medium
HEMM-D003,Dumper,2023-04-18,Night,16,Fair,86.3,4.13,2.25,44.3,81.2,0.91,25.4,170.5,315.1,1706.0,2480,86,175,None,None,0,Low
HEMM-D005,Dumper,2023-05-17,Afternoon,3,Fair,80.0,4.28,2.36,43.3,82.1,0.96,25.4,203.8,323.2,1567.0,7557,81,64,None,None,0,Low
HEMM-SC01,Scraper,2023-11-04,Night,14,Fair,66.0,4.03,2.2,43.9,83.9,0.77,23.9,168.9,292.0,1932.0,9107,9,100,None,None,0,Medium
HEMM-SC01,Scraper,2021-06-24,Morning,8,Fair,89.3,3.93,6.02,39.6,83.8,0.91,24.5,187.2,322.1,1535.0,10974,90,0,Transmission,Transmission Failure,1,Critical
HEMM-B003,Dozer,2023-06-01,Morning,1,Good,105.0,4.29,2.2,44.5,77.6,0.76,23.9,191.5,322.9,1742.0,1815,38,146,None,None,0,High
HEMM-L002,Wheel Loader,2022-03-29,Afternoon,12,Poor,79.2,4.42,1.82,34.1,82.0,0.78,24.4,184.7,315.7,1866.0,6608,64,178,None,None,0,Low
HEMM-L002,Wheel Loader,2021-11-05,Afternoon,1,Fair,78.5,3.81,1.82,33.4,86.3,0.9,24.6,178.4,373.6,1806.0,8109,18,76,None,None,0,Medium
HEMM-D003,Dumper,2021-08-26,Night,5,Fair,83.1,3.83,2.3,33.8,81.4,0.84,24.9,179.4,330.7,1580.0,5907,44,71,None,None,0,Low
HEMM-E002,Excavator,2023-12-04,Afternoon,12,Fair,83.7,3.78,2.19,29.0,79.4,0.93,24.8,184.5,286.7,1905.0,8001,17,129,None,None,0,Medium
HEMM-DR02,Drill Rig,2022-10-16,Morning,10,Poor,88.4,4.65,5.39,37.3,57.8,0.86,24.0,172.6,345.8,1686.0,932,108,5,Tyres,Tyre Burst,1,Critical
HEMM-E001,Excavator,2022-05-15,Night,6,Fair,88.9,4.9,1.66,30.5,81.6,0.99,24.1,154.1,321.2,1895.0,9242,25,42,None,None,0,Medium
HEMM-DR02,Drill Rig,2022-04-20,Afternoon,6,Poor,97.3,4.9,2.05,48.4,79.5,0.76,24.4,166.2,296.4,1699.0,3253,86,159,None,None,0,Low
HEMM-D001,Dumper,2022-02-09,Afternoon,19,Good,82.5,4.69,1.71,45.6,84.6,0.94,24.5,183.9,345.0,1667.0,7237,54,163,None,None,0,Low
HEMM-E002,Excavator,2022-07-25,Night,3,Poor,74.4,4.5,1.37,43.1,83.0,0.9,23.8,184.6,312.4,1777.0,9659,18,98,None,None,0,Medium
HEMM-B003,Dozer,2022-02-08,Afternoon,4,Fair,79.6,4.39,1.49,40.6,78.7,0.88,23.9,185.2,332.6,1612.0,4498,90,101,None,None,0,Low
HEMM-B003,Dozer,2023-03-07,Night,13,Fair,86.1,4.6,1.57,33.5,78.2,0.77,24.8,193.1,322.6,1813.0,9817,19,144,None,None,0,Medium
HEMM-DR02,Drill Rig,2021-12-20,Night,10,Good,83.6,4.22,1.99,40.7,78.6,0.93,24.6,188.9,303.3,1858.0,10267,80,154,None,None,0,Medium
HEMM-B003,Dozer,2021-08-30,Morning,10,Fair,93.9,5.1,1.9,50.5,73.8,0.88,24.7,185.5,309.0,1992.0,2116,28,115,None,None,0,Low
HEMM-L002,Wheel Loader,2023-03-07,Afternoon,20,Fair,78.8,3.71,2.3,27.7,82.1,0.93,24.5,174.5,331.9,1777.0,2458,78,151,None,None,0,Low
HEMM-L001,Wheel Loader,2021-12-21,Night,6,Good,86.1,4.3,1.93,35.7,77.3,0.79,25.1,176.6,284.7,1950.0,8222,41,86,None,None,0,Medium
HEMM-DR02,Drill Rig,2021-04-20,Afternoon,1,Good,84.0,4.98,1.94,36.4,80.0,0.96,24.6,179.6,349.0,1783.0,8139,22,86,None,None,0,Medium
HEMM-SC01,Scraper,2023-11-02,Night,16,Fair,94.4,4.41,1.79,30.1,81.8,0.89,24.2,161.5,335.7,1732.0,6903,92,82,None,None,0,Low
HEMM-DR02,Drill Rig,2023-09-28,Morning,3,Good,82.5,4.59,1.87,39.4,86.1,0.93,24.9,165.8,297.0,1516.0,9463,8,52,None,None,0,Medium
HEMM-B001,Dozer,2022-04-06,Night,10,Fair,79.0,4.29,1.93,33.7,77.1,0.77,24.6,169.4,306.1,1705.0,2955,104,105,None,None,0,Low
HEMM-L001,Wheel Loader,2023-11-13,Morning,19,Poor,85.3,4.6,2.16,43.7,82.4,0.92,24.3,189.4,310.8,1841.0,2071,39,170,None,None,0,Low
HEMM-G001,Grader,2021-03-27,Night,15,Fair,91.0,4.61,1.62,39.6,78.0,0.98,20.1,187.6,342.5,1709.0,9151,32,3,Electrical,Electrical Fault,1,Critical
HEMM-D002,Dumper,2023-07-11,Afternoon,12,Good,80.4,4.77,1.6,29.9,80.7,0.86,24.3,184.7,317.3,1839.0,1625,61,97,None,None,0,Low
HEMM-E003,Excavator,2022-03-06,Night,19,Poor,88.2,4.67,1.4,33.5,82.0,0.85,24.2,193.5,350.0,1777.0,11490,49,138,None,None,0,Medium
HEMM-DR01,Drill Rig,2021-12-06,Night,5,Good,74.4,4.06,2.57,37.4,82.9,0.83,25.0,187.7,333.0,1881.0,3585,109,34,None,None,0,Low
HEMM-G001,Grader,2023-12-27,Afternoon,20,Fair,73.5,4.28,1.6,29.5,84.6,0.91,23.8,184.6,333.3,2006.0,9027,26,134,None,None,0,Medium
HEMM-B002,Dozer,2022-08-16,Night,9,Poor,89.6,4.38,3.03,36.1,79.8,0.82,24.1,165.8,304.2,1834.0,8628,120,120,None,None,0,Medium
HEMM-D005,Dumper,2023-04-23,Morning,9,Poor,86.8,4.92,2.44,35.0,81.2,0.9,24.3,181.2,318.7,1829.0,10946,21,140,None,None,0,Medium
HEMM-E003,Excavator,2021-10-27,Night,11,Poor,82.1,4.48,2.14,42.5,82.0,0.93,25.2,183.7,317.4,1910.0,4255,102,142,None,None,0,Low
HEMM-D005,Dumper,2022-07-05,Night,14,Good,78.9,4.49,1.12,44.6,81.0,0.96,24.7,173.5,321.7,1801.0,6346,62,174,None,None,0,Low
HEMM-D003,Dumper,2023-04-06,Night,9,Fair,88.8,4.96,1.96,33.2,79.6,0.78,25.0,172.9,289.1,1784.0,11582,117,146,None,None,0,Medium
HEMM-L001,Wheel Loader,2022-11-02,Night,1,Fair,88.7,4.43,1.47,37.7,81.6,0.93,25.0,182.8,309.8,1715.0,1726,98,78,None,None,0,Low
HEMM-G001,Grader,2021-05-10,Night,13,Good,80.3,4.46,1.56,31.5,89.7,0.76,24.7,182.6,345.7,1557.0,3768,59,151,None,None,0,Low
HEMM-B003,Dozer,2022-08-04,Afternoon,18,Poor,85.5,3.83,2.03,38.4,84.7,0.76,24.5,189.7,322.4,1780.0,9668,21,86,None,None,0,Medium
HEMM-B003,Dozer,2021-04-10,Morning,4,Fair,108.7,4.23,1.37,34.0,82.6,0.39,24.7,151.5,302.9,1687.0,10459,105,2,Cooling System,Cooling System Failure,1,Critical
HEMM-DR02,Drill Rig,2021-01-02,Afternoon,7,Poor,78.8,5.12,1.68,31.7,84.1,0.98,25.1,187.1,356.4,1859.0,11481,21,102,None,None,0,Medium
HEMM-B001,Dozer,2021-07-11,Night,12,Fair,86.2,5.24,1.81,39.6,74.8,0.88,23.9,176.6,370.2,1796.0,4302,15,80,None,None,0,Low
HEMM-E001,Excavator,2021-04-17,Afternoon,10,Good,82.5,4.26,2.11,34.8,82.7,0.95,23.5,192.6,300.1,1859.0,11659,101,39,None,None,0,Medium
HEMM-D003,Dumper,2021-07-14,Morning,7,Good,79.1,4.57,2.88,40.5,81.8,0.89,25.0,182.0,352.6,1862.0,8012,14,100,None,None,0,Medium
HEMM-L002,Wheel Loader,2023-07-01,Morning,1,Good,77.2,4.38,2.21,30.1,79.4,0.9,24.7,188.0,377.9,1888.0,11596,48,179,None,None,0,Medium
HEMM-DR01,Drill Rig,2021-09-28,Afternoon,3,Good,89.0,4.27,1.86,36.2,81.0,0.96,24.7,174.0,321.7,1959.0,3951,54,103,None,None,0,Low
HEMM-D004,Dumper,2021-07-31,Afternoon,12,Fair,102.7,4.64,1.82,44.7,81.7,0.75,23.3,183.3,319.9,1728.0,5102,22,44,None,None,0,High
HEMM-D005,Dumper,2021-10-20,Morning,17,Poor,72.8,3.91,1.92,44.0,75.9,0.89,24.3,173.2,305.1,1732.0,9428,6,98,None,None,0,Medium
HEMM-DR02,Drill Rig,2022-12-21,Night,7,Good,75.9,4.51,1.43,27.5,86.3,0.84,24.0,175.2,287.3,1822.0,10490,100,170,None,None,0,Medium
HEMM-DR02,Drill Rig,2022-03-21,Morning,4,Good,82.0,5.06,1.58,36.0,81.3,0.93,24.5,178.9,344.4,1692.0,2493,101,51,None,None,0,Low
HEMM-G002,Grader,2022-12-21,Afternoon,11,Fair,92.5,4.26,1.81,29.1,85.7,1.0,25.0,186.8,296.9,1875.0,2490,36,126,None,None,0,Low
HEMM-E003,Excavator,2022-08-07,Night,1,Fair,86.6,3.98,1.21,38.7,75.2,0.93,24.6,167.2,311.0,1975.0,10987,117,60,None,None,0,Medium
HEMM-L002,Wheel Loader,2022-01-22,Night,13,Good,84.6,3.87,1.62,35.2,73.9,0.81,24.5,169.0,317.8,1740.0,5042,87,99,None,None,0,Low
HEMM-E003,Excavator,2023-10-11,Afternoon,4,Poor,87.5,4.74,1.88,33.2,90.1,0.76,25.3,180.0,336.2,1738.0,4149,68,162,None,None,0,Low
HEMM-L002,Wheel Loader,2021-01-25,Afternoon,11,Poor,85.8,4.37,1.95,34.0,83.6,0.78,23.6,189.9,332.9,1563.0,2362,54,88,None,None,0,Low
HEMM-SC01,Scraper,2021-12-20,Afternoon,3,Good,132.8,4.45,2.34,49.2,79.7,0.63,25.0,164.9,411.4,1653.0,473,80,3,Engine,Engine Overheat,1,Critical
HEMM-D002,Dumper,2023-03-27,Night,10,Poor,89.1,4.83,2.13,35.3,85.4,0.84,23.8,183.2,316.7,1876.0,10498,96,131,None,None,0,Medium
HEMM-DR01,Drill Rig,2023-04-04,Morning,18,Good,89.1,4.69,2.43,33.6,83.4,0.91,24.2,179.3,341.6,1754.0,9008,83,98,None,None,0,Medium
HEMM-B002,Dozer,2021-06-11,Night,7,Fair,84.1,4.96,1.72,30.4,81.2,0.98,24.8,185.7,334.6,1693.0,2745,73,55,None,None,0,Low
HEMM-D003,Dumper,2022-09-28,Night,14,Good,93.8,4.2,6.11,36.4,57.5,0.9,23.6,157.7,324.5,1744.0,4109,12,6,Tyres,Tyre Burst,1,Critical
HEMM-DR02,Drill Rig,2021-04-23,Afternoon,6,Poor,87.5,1.92,1.91,43.9,84.4,0.77,23.5,128.8,349.9,1751.0,2156,6,0,Hydraulics,Hydraulic Failure,1,Critical
HEMM-L001,Wheel Loader,2022-12-12,Night,17,Fair,81.0,4.11,6.92,33.1,47.4,0.8,24.5,184.9,334.1,1750.0,4447,26,4,Tyres,Tyre Burst,1,Critical
HEMM-D001,Dumper,2022-11-18,Afternoon,9,Fair,80.4,4.04,2.34,40.1,82.4,0.8,24.7,198.7,344.9,1871.0,8782,13,116,None,None,0,Medium
HEMM-D003,Dumper,2023-10-14,Afternoon,17,Fair,92.8,4.73,2.41,41.2,82.0,0.82,24.5,176.6,332.6,1737.0,6100,12,84,None,None,0,Low
HEMM-E001,Excavator,2023-01-24,Morning,9,Poor,80.7,4.24,2.35,37.9,80.2,0.94,24.3,188.8,320.0,1840.0,1885,119,173,None,None,0,Low
HEMM-D004,Dumper,2022-04-13,Night,17,Good,77.3,3.75,2.37,37.9,87.1,0.98,24.4,192.5,331.1,1765.0,242,10,130,None,None,0,Low
HEMM-L001,Wheel Loader,2023-01-16,Afternoon,5,Good,74.4,4.72,2.76,40.4,82.4,0.87,23.8,188.3,283.2,2040.0,3132,114,98,None,None,0,Low
HEMM-DR01,Drill Rig,2022-04-05,Afternoon,8,Fair,106.4,4.04,2.22,44.7,77.0,0.88,25.1,191.4,292.2,1876.0,7019,97,83,None,None,0,High
HEMM-D003,Dumper,2023-02-03,Morning,17,Good,82.9,2.66,4.75,38.2,74.6,0.8,24.1,179.9,315.7,1221.0,11231,120,0,Transmission,Transmission Failure,1,Critical
HEMM-D003,Dumper,2023-08-11,Afternoon,10,Poor,90.8,5.11,1.45,29.4,74.3,0.83,24.7,185.8,318.0,1794.0,5562,16,38,None,None,0,Low
HEMM-G001,Grader,2022-02-15,Afternoon,19,Poor,81.4,4.1,2.41,34.7,77.3,0.86,25.0,178.3,323.8,1810.0,5179,99,49,None,None,0,Low
HEMM-G001,Grader,2023-10-08,Morning,18,Good,80.5,4.23,1.66,39.1,82.3,0.98,25.2,180.1,308.1,1770.0,4216,24,58,None,None,0,Low
HEMM-D001,Dumper,2022-04-23,Night,12,Poor,81.4,4.97,1.9,34.7,82.1,0.85,24.6,174.3,336.6,1821.0,10619,112,159,None,None,0,Medium
HEMM-B003,Dozer,2021-01-03,Night,13,Good,77.1,4.18,1.58,34.3,81.9,0.9,24.5,196.5,324.5,1698.0,5238,18,96,None,None,0,Low
HEMM-E003,Excavator,2023-05-10,Afternoon,2,Fair,84.9,3.74,6.14,44.5,83.7,0.97,25.2,197.3,290.5,1290.0,2532,96,3,Transmission,Transmission Failure,1,Critical
HEMM-G001,Grader,2023-07-28,Night,3,Poor,99.7,4.34,4.34,32.9,57.2,0.91,24.8,171.3,295.5,1929.0,9715,17,6,Tyres,Tyre Burst,1,Critical
HEMM-D002,Dumper,2023-06-10,Night,5,Fair,85.4,4.38,2.46,23.8,81.9,0.93,24.4,196.7,311.8,1867.0,4079,42,55,None,None,0,Low
HEMM-G002,Grader,2022-10-31,Afternoon,15,Good,80.4,4.3,1.57,34.3,81.6,0.89,25.3,186.2,320.8,1753.0,4655,34,126,None,None,0,Low
HEMM-D005,Dumper,2021-08-12,Morning,4,Fair,73.4,4.48,1.41,44.6,82.0,0.87,24.6,188.1,322.6,1777.0,2893,62,175,None,None,0,Low
HEMM-D004,Dumper,2023-01-04,Morning,15,Fair,96.1,4.41,3.06,37.2,76.5,0.81,24.4,186.3,320.9,1862.0,5251,64,128,None,None,0,Low
HEMM-D003,Dumper,2021-11-19,Night,10,Poor,91.2,3.48,1.53,37.3,81.7,0.8,24.9,100.2,317.8,1917.0,11745,94,5,Hydraulics,Hydraulic Failure,1,Critical
HEMM-D003,Dumper,2022-05-24,Afternoon,13,Poor,84.2,4.37,1.97,36.1,85.9,0.91,24.2,196.9,329.4,1798.0,8612,11,121,None,None,0,Medium
HEMM-E001,Excavator,2021-03-05,Afternoon,15,Poor,91.9,4.6,1.91,35.1,87.9,0.92,24.2,173.3,305.1,1735.0,9308,100,71,None,None,0,Medium
HEMM-DR02,Drill Rig,2021-07-28,Morning,4,Good,93.7,4.42,2.26,53.2,79.6,0.82,24.4,190.6,326.2,1711.0,395,12,6,Fuel System,Fuel System Failure,1,Critical
HEMM-D003,Dumper,2022-06-15,Morning,1,Poor,81.8,5.0,1.95,40.9,81.6,0.97,25.3,173.9,331.9,1841.0,1256,30,166,None,None,0,Low
HEMM-D005,Dumper,2021-07-08,Afternoon,4,Good,87.9,2.53,5.46,39.1,81.8,0.88,23.6,180.2,322.4,1407.0,899,64,6,Transmission,Transmission Failure,1,Critical
HEMM-L001,Wheel Loader,2021-03-02,Afternoon,14,Good,78.7,4.5,2.01,48.0,81.6,0.79,25.3,169.5,329.5,1829.0,3031,50,86,None,None,0,Low
HEMM-B001,Dozer,2022-07-28,Afternoon,5,Poor,92.7,4.51,2.22,39.0,79.4,0.81,24.8,185.0,320.0,1841.0,767,83,133,None,None,0,Low
HEMM-B002,Dozer,2023-10-19,Afternoon,18,Good,80.6,4.65,2.8,48.1,81.3,0.96,24.1,177.6,311.9,1747.0,8048,12,106,None,None,0,Medium
HEMM-D005,Dumper,2023-05-09,Morning,17,Poor,87.4,4.26,2.12,33.4,77.4,0.94,24.3,192.3,309.1,1790.0,4282,85,84,None,None,0,Low
HEMM-G002,Grader,2023-01-06,Afternoon,18,Poor,75.5,4.4,2.41,42.0,82.1,0.95,24.0,180.2,334.8,1805.0,8140,49,49,None,None,0,Medium
HEMM-G002,Grader,2022-07-08,Morning,1,Good,138.0,5.03,2.15,52.1,79.7,0.45,24.5,173.4,413.8,1814.0,5424,81,4,Engine,Engine Overheat,1,Critical
HEMM-L001,Wheel Loader,2023-12-21,Afternoon,19,Good,88.1,4.52,1.86,39.2,79.7,0.86,24.7,186.6,299.7,1763.0,4013,25,41,None,None,0,Low
HEMM-E003,Excavator,2022-06-30,Night,2,Fair,90.4,4.91,1.52,32.0,78.3,0.8,23.6,179.8,313.3,1818.0,3794,78,90,None,None,0,Low
HEMM-E001,Excavator,2021-12-27,Morning,19,Poor,84.5,3.86,2.4,33.2,77.7,0.95,25.7,170.3,331.2,1772.0,5410,108,88,None,None,0,Low
HEMM-D001,Dumper,2022-12-22,Night,19,Good,95.1,4.49,1.47,41.4,81.2,0.89,25.0,169.5,337.4,1681.0,2528,77,82,None,None,0,Low
HEMM-L001,Wheel Loader,2022-09-25,Morning,16,Good,82.9,4.15,2.04,38.5,88.1,0.78,24.8,197.5,338.4,1828.0,821,16,136,None,None,0,Low
HEMM-E003,Excavator,2021-02-10,Night,16,Poor,83.2,4.42,1.65,38.9,84.4,0.95,23.4,174.7,308.8,1848.0,211,47,79,None,None,0,Low
HEMM-D005,Dumper,2022-11-29,Night,6,Good,84.4,4.35,7.28,40.6,47.6,0.92,25.4,186.5,304.3,1882.0,5501,12,2,Tyres,Tyre Burst,1,Critical
HEMM-L002,Wheel Loader,2023-01-18,Morning,12,Fair,84.9,4.47,1.72,39.6,76.5,0.91,24.3,161.3,303.4,1659.0,11743,89,124,None,None,0,Medium
HEMM-B003,Dozer,2022-09-11,Afternoon,5,Fair,109.6,5.04,1.5,39.2,79.6,0.9,24.0,176.8,315.2,1858.0,2780,98,144,None,None,0,High
HEMM-L001,Wheel Loader,2022-10-12,Morning,18,Poor,89.9,4.41,1.85,38.3,85.9,0.82,23.5,178.2,333.2,1905.0,11563,118,147,None,None,0,Medium
HEMM-E003,Excavator,2021-12-26,Afternoon,10,Good,83.0,3.05,7.1,34.7,80.3,0.84,24.7,169.7,312.5,1650.0,11480,42,0,Transmission,Transmission Failure,1,Critical
HEMM-D002,Dumper,2022-01-08,Night,11,Poor,92.4,4.42,1.76,19.5,89.0,0.75,23.3,180.2,299.7,1616.0,10216,33,36,None,None,0,Medium
HEMM-L001,Wheel Loader,2021-10-16,Afternoon,3,Fair,92.1,4.76,2.29,43.8,71.3,0.79,24.5,181.2,302.6,1768.0,4099,49,1,Fuel System,Fuel System Failure,1,Critical
HEMM-DR02,Drill Rig,2021-01-24,Afternoon,7,Good,89.8,5.36,2.36,42.8,83.9,0.8,24.5,192.3,339.7,1660.0,4288,93,31,None,None,0,Low
HEMM-D004,Dumper,2021-01-03,Morning,13,Fair,102.6,4.98,1.5,41.9,86.1,0.8,24.3,182.4,345.1,1879.0,7379,98,62,None,None,0,High
HEMM-DR01,Drill Rig,2023-10-07,Afternoon,12,Good,92.8,4.05,1.93,38.4,78.2,0.77,25.0,171.4,340.2,1679.0,9146,53,75,None,None,0,Medium
HEMM-E003,Excavator,2021-11-30,Afternoon,3,Good,85.4,4.43,2.09,32.0,80.7,0.84,24.5,190.9,326.3,1796.0,747,42,147,None,None,0,Low
HEMM-D004,Dumper,2021-06-01,Afternoon,6,Poor,109.4,4.13,1.62,49.5,83.1,0.89,24.4,180.7,323.9,2039.0,6351,25,1,Fuel System,Fuel System Failure,1,Critical
HEMM-L001,Wheel Loader,2021-03-05,Afternoon,6,Fair,113.2,4.24,2.46,43.9,80.6,0.99,24.8,165.4,305.8,1714.0,10150,118,1,Fuel System,Fuel System Failure,1,Critical
HEMM-E002,Excavator,2022-01-25,Afternoon,18,Poor,83.7,3.78,1.87,41.7,76.9,0.91,24.3,192.3,316.5,1767.0,9049,38,104,None,None,0,Medium
HEMM-E003,Excavator,2021-07-16,Morning,13,Fair,116.0,4.87,1.88,54.0,84.4,0.71,24.5,169.9,365.0,2017.0,9567,75,5,Engine,Engine Overheat,1,Critical
HEMM-DR01,Drill Rig,2021-06-29,Afternoon,20,Good,90.6,4.7,2.4,40.5,81.2,0.98,19.9,185.4,334.3,2039.0,8069,30,2,Electrical,Electrical Fault,1,Critical
HEMM-D003,Dumper,2023-08-28,Morning,10,Fair,87.5,4.71,2.1,38.0,85.0,0.86,24.2,193.1,337.1,1703.0,6712,65,141,None,None,0,Low
HEMM-B001,Dozer,2021-07-06,Night,18,Fair,87.9,4.96,2.08,42.1,81.6,0.86,25.2,182.3,330.2,1809.0,6549,28,48,None,None,0,Low
HEMM-G001,Grader,2022-01-18,Afternoon,2,Fair,81.5,4.51,1.33,34.4,78.9,0.8,24.8,177.4,315.8,1870.0,4513,61,125,None,None,0,Low
HEMM-B001,Dozer,2021-05-07,Morning,4,Fair,82.3,4.56,2.09,39.5,82.0,0.87,23.9,177.8,332.2,1644.0,1604,90,115,None,None,0,Low
HEMM-DR01,Drill Rig,2022-04-11,Night,2,Poor,77.8,4.84,1.68,37.9,88.2,0.84,25.0,190.3,340.1,1878.0,6542,109,107,None,None,0,Low
HEMM-SC01,Scraper,2023-08-31,Night,8,Good,75.1,4.88,2.93,37.9,84.0,0.77,25.1,181.8,332.5,1772.0,8003,43,164,None,None,0,Medium
HEMM-D002,Dumper,2023-10-26,Night,17,Poor,86.0,2.69,2.3,32.6,89.6,0.96,24.4,88.1,304.2,1773.0,9563,91,7,Hydraulics,Hydraulic Failure,1,Critical
HEMM-E001,Excavator,2022-03-10,Morning,5,Good,73.2,4.51,2.32,38.4,77.9,0.78,24.3,205.4,319.2,1660.0,899,59,175,None,None,0,Low
HEMM-DR01,Drill Rig,2022-02-18,Night,5,Fair,95.1,4.49,1.8,34.1,82.7,0.81,24.3,169.4,277.9,1779.0,9949,38,164,None,None,0,Medium
HEMM-D003,Dumper,2021-06-28,Afternoon,18,Fair,92.3,4.78,1.73,36.6,81.9,0.77,24.8,186.7,313.3,1814.0,6710,75,109,None,None,0,Low
HEMM-L002,Wheel Loader,2023-07-28,Morning,20,Fair,95.8,3.42,2.07,30.7,85.0,0.87,25.2,107.5,324.6,1825.0,9826,71,2,Hydraulics,Hydraulic Failure,1,Critical
HEMM-D004,Dumper,2021-08-05,Night,4,Poor,88.6,4.58,2.48,42.0,77.3,0.97,25.6,171.5,330.4,1747.0,4887,116,90,None,None,0,Low
HEMM-DR01,Drill Rig,2022-06-25,Afternoon,16,Fair,84.7,2.96,5.78,33.8,77.3,0.86,24.5,182.7,278.5,1364.0,9572,82,4,Transmission,Transmission Failure,1,Critical
HEMM-D005,Dumper,2023-04-03,Morning,13,Good,85.1,4.1,1.78,32.3,83.0,0.84,21.3,198.0,294.0,1615.0,5631,93,7,Electrical,Electrical Fault,1,Critical
HEMM-G001,Grader,2021-02-11,Afternoon,10,Fair,86.7,4.52,2.27,37.0,90.5,0.98,24.5,180.1,341.6,1607.0,5294,40,170,None,None,0,Low
HEMM-D004,Dumper,2022-04-12,Morning,10,Fair,79.0,4.41,2.58,33.5,75.9,0.96,24.1,189.3,313.4,1749.0,7459,104,174,None,None,0,Low
HEMM-DR01,Drill Rig,2021-07-02,Morning,15,Fair,100.2,3.7,0.96,48.3,85.0,0.97,24.2,173.7,331.7,1820.0,3663,110,66,None,None,0,High
HEMM-L002,Wheel Loader,2023-02-05,Morning,17,Fair,78.8,4.16,2.26,38.2,72.7,0.93,24.4,170.7,378.7,1693.0,2804,13,89,None,None,0,Low
HEMM-G002,Grader,2021-10-05,Night,19,Good,83.4,4.27,1.84,46.0,82.8,0.98,25.2,202.3,302.3,1743.0,674,27,159,None,None,0,Low
HEMM-E002,Excavator,2021-04-29,Morning,2,Fair,73.0,4.8,2.26,42.9,81.9,0.82,24.9,178.0,326.2,1866.0,7678,11,79,None,None,0,Low
HEMM-B001,Dozer,2023-01-25,Afternoon,17,Good,74.2,4.38,1.19,31.1,89.5,0.88,23.7,184.4,353.4,1913.0,6703,86,177,None,None,0,Low
HEMM-E003,Excavator,2023-02-02,Afternoon,20,Fair,80.9,4.24,2.39,44.5,80.1,0.82,24.9,183.4,358.8,1929.0,7508,27,55,None,None,0,Low
HEMM-G001,Grader,2022-12-07,Morning,9,Fair,87.8,3.15,2.01,36.1,72.4,0.82,24.9,97.5,332.9,1857.0,11486,16,0,Hydraulics,Hydraulic Failure,1,Critical
HEMM-E002,Excavator,2022-03-30,Night,8,Fair,89.5,4.83,2.49,43.6,79.9,0.82,25.3,184.6,290.1,1708.0,11303,31,63,None,None,0,Medium
HEMM-L002,Wheel Loader,2021-02-11,Night,1,Poor,88.0,4.67,4.58,33.9,79.3,0.87,23.9,165.5,313.7,2066.0,7967,21,0,Brakes,Brake Failure,1,Critical
HEMM-B001,Dozer,2022-09-18,Night,9,Fair,78.6,5.06,2.15,38.2,80.6,0.96,24.4,179.9,319.4,1782.0,7143,119,161,None,None,0,Low
HEMM-DR02,Drill Rig,2022-06-01,Morning,15,Poor,95.0,4.89,1.55,37.1,84.9,0.91,24.8,184.5,333.3,1783.0,5150,91,140,None,None,0,Low
HEMM-G002,Grader,2021-07-29,Morning,17,Fair,92.9,4.69,1.3,35.3,81.0,0.75,25.1,178.2,299.9,1702.0,11052,112,80,None,None,0,Medium
HEMM-B002,Dozer,2022-09-04,Night,4,Fair,79.8,4.56,2.02,40.3,85.7,0.9,25.9,171.0,300.0,1940.0,8092,13,80,None,None,0,Medium
HEMM-B003,Dozer,2022-07-22,Afternoon,10,Poor,85.4,4.9,1.64,39.3,81.9,0.76,24.4,158.0,280.0,1803.0,3286,24,90,None,None,0,Low
HEMM-D002,Dumper,2023-04-08,Night,11,Poor,95.9,4.3,1.2,45.2,78.8,0.78,21.1,168.9,337.3,1763.0,11353,22,7,Electrical,Electrical Fault,1,Critical
HEMM-B001,Dozer,2023-05-08,Afternoon,13,Poor,82.4,4.41,1.87,25.9,76.8,0.95,24.3,195.9,295.2,1687.0,778,79,59,None,None,0,Low
HEMM-E002,Excavator,2022-12-04,Night,8,Poor,86.3,4.33,2.02,45.0,82.2,0.98,24.2,192.5,327.9,1875.0,11444,73,159,None,None,0,Medium
HEMM-G001,Grader,2023-11-05,Afternoon,6,Poor,91.6,4.51,1.72,41.8,80.2,0.85,24.7,178.1,294.4,1640.0,10974,117,152,None,None,0,Medium
HEMM-D004,Dumper,2023-08-23,Morning,9,Good,75.3,4.89,2.69,46.0,85.9,0.88,24.9,189.5,310.5,1808.0,9359,102,99,None,None,0,Medium
HEMM-B003,Dozer,2021-07-02,Morning,12,Fair,69.3,4.94,1.41,40.3,81.0,0.91,23.6,183.1,296.2,1760.0,3859,100,173,None,None,0,Low
HEMM-B003,Dozer,2023-02-01,Afternoon,19,Good,81.3,4.22,2.65,35.5,77.0,0.82,23.9,166.7,318.2,1989.0,5017,64,134,None,None,0,Low
HEMM-D003,Dumper,2023-08-26,Morning,17,Poor,83.9,4.96,2.05,48.6,81.1,0.88,25.1,179.1,317.9,1963.0,2163,116,60,None,None,0,Low
HEMM-B002,Dozer,2023-04-27,Morning,5,Fair,78.8,3.79,1.73,34.9,82.4,0.82,24.3,184.2,327.2,1540.0,2450,30,168,None,None,0,Low
HEMM-DR02,Drill Rig,2021-10-21,Afternoon,6,Fair,80.8,4.58,2.24,44.8,79.4,0.92,24.0,180.7,326.0,1825.0,1524,67,120,None,None,0,Low
HEMM-E001,Excavator,2022-10-04,Night,2,Fair,87.6,3.94,1.82,38.6,88.8,0.92,23.9,165.9,341.7,1785.0,277,62,48,None,None,0,Low
HEMM-E001,Excavator,2021-11-21,Afternoon,3,Fair,78.1,4.47,1.74,38.5,79.6,0.85,24.1,190.6,339.0,2035.0,2320,83,141,None,None,0,Low
HEMM-G002,Grader,2023-05-29,Afternoon,13,Poor,85.7,4.27,1.79,39.9,83.7,0.76,24.4,178.3,352.7,1782.0,276,9,41,None,None,0,Low
HEMM-G001,Grader,2021-01-29,Afternoon,17,Poor,84.8,4.62,6.01,29.7,79.2,0.84,23.5,181.0,315.7,2076.0,3322,7,3,Brakes,Brake Failure,1,Critical
HEMM-G001,Grader,2022-10-02,Morning,4,Poor,82.0,5.33,2.17,31.6,81.5,0.89,24.2,195.8,311.9,1851.0,6484,69,86,None,None,0,Low
HEMM-D003,Dumper,2021-04-04,Afternoon,10,Poor,89.9,4.54,2.82,33.6,87.3,0.83,25.0,179.2,339.8,1763.0,7669,98,90,None,None,0,Low
HEMM-B003,Dozer,2023-06-08,Night,5,Fair,78.7,4.19,2.72,42.3,81.0,0.91,24.8,185.0,332.5,1676.0,5815,120,140,None,None,0,Low
HEMM-E002,Excavator,2021-12-04,Afternoon,1,Poor,73.0,4.23,1.69,34.9,85.4,0.8,25.1,180.1,316.4,1789.0,3942,33,80,None,None,0,Low
HEMM-E002,Excavator,2021-02-14,Night,17,Fair,83.1,4.64,1.65,43.5,83.7,0.85,24.9,181.8,313.6,1876.0,2968,20,138,None,None,0,Low
HEMM-D002,Dumper,2023-02-08,Night,9,Good,74.3,4.99,1.92,36.2,75.3,0.88,25.1,186.5,352.8,1682.0,8961,84,155,None,None,0,Medium
HEMM-D002,Dumper,2021-08-10,Night,1,Good,93.2,4.77,1.84,39.6,87.0,0.83,24.4,162.5,315.0,1899.0,990,93,159,None,None,0,Low
HEMM-G002,Grader,2021-09-11,Night,9,Good,84.3,4.66,1.9,48.1,82.9,0.94,24.6,170.0,319.9,1747.0,7972,94,56,None,None,0,Low
HEMM-D001,Dumper,2022-09-09,Afternoon,4,Fair,85.3,4.82,1.93,38.1,79.7,0.87,23.7,186.7,370.1,1799.0,11054,71,157,None,None,0,Medium
HEMM-D005,Dumper,2023-05-08,Morning,17,Good,86.6,4.2,2.15,43.6,75.0,0.96,23.8,186.9,329.7,1767.0,11976,84,68,None,None,0,Medium
HEMM-D004,Dumper,2023-10-17,Morning,20,Fair,77.9,4.78,2.13,34.7,83.7,0.83,24.2,173.4,326.8,1795.0,3472,104,45,None,None,0,Low
HEMM-E002,Excavator,2023-01-04,Night,14,Good,97.4,4.48,1.69,40.7,79.2,0.98,25.2,206.0,333.4,1918.0,5039,25,50,None,None,0,Low
HEMM-E002,Excavator,2023-09-12,Afternoon,8,Poor,109.2,4.85,2.06,39.5,78.9,0.5,24.9,193.3,331.6,1768.0,244,6,1,Cooling System,Cooling System Failure,1,Critical
HEMM-D005,Dumper,2021-07-04,Night,3,Fair,89.3,4.13,2.4,36.8,82.5,0.97,23.1,179.8,351.3,1940.0,1859,120,107,None,None,0,Low
HEMM-DR02,Drill Rig,2022-08-30,Afternoon,15,Good,78.0,4.18,2.4,37.8,87.5,0.77,24.2,182.5,319.8,1729.0,1020,17,46,None,None,0,Low
HEMM-B002,Dozer,2023-01-08,Night,11,Good,137.4,4.44,1.21,33.4,74.1,0.54,24.3,173.7,397.2,1880.0,7179,99,0,Engine,Engine Overheat,1,Critical
HEMM-D005,Dumper,2021-12-16,Afternoon,12,Fair,92.2,4.14,2.36,39.6,81.7,0.86,23.6,175.4,349.8,1839.0,7371,84,56,None,None,0,Low
HEMM-D003,Dumper,2023-02-03,Afternoon,6,Fair,89.0,5.18,2.21,36.0,79.0,0.97,24.4,179.7,308.2,1793.0,2065,56,102,None,None,0,Low
HEMM-B001,Dozer,2023-03-01,Night,16,Good,82.7,2.98,2.17,34.0,84.0,0.99,24.2,123.7,336.5,2076.0,7109,88,0,Hydraulics,Hydraulic Failure,1,Critical
HEMM-D004,Dumper,2023-05-03,Night,16,Fair,72.6,4.41,2.15,36.6,84.6,0.89,24.3,197.2,304.7,1740.0,9521,91,147,None,None,0,Medium
HEMM-G002,Grader,2023-01-05,Night,1,Poor,71.3,4.14,1.89,38.8,81.7,0.86,24.2,171.9,357.8,1759.0,11414,117,88,None,None,0,Medium
HEMM-D005,Dumper,2023-09-17,Afternoon,4,Good,113.8,4.53,2.41,51.2,83.0,0.68,24.5,186.2,383.8,1790.0,6938,61,5,Engine,Engine Overheat,1,Critical
HEMM-L002,Wheel Loader,2022-04-04,Night,11,Poor,84.6,4.01,2.56,31.2,81.2,0.82,24.0,189.7,306.5,1610.0,8704,71,177,None,None,0,Medium
HEMM-D004,Dumper,2023-06-06,Night,8,Poor,87.1,4.54,1.87,41.1,81.7,0.81,23.7,208.3,312.2,1818.0,8095,49,56,None,None,0,Medium
HEMM-G002,Grader,2021-11-01,Night,20,Poor,91.5,4.99,1.87,36.9,88.0,0.8,25.6,192.9,320.7,1707.0,1094,6,104,None,None,0,Low
HEMM-L002,Wheel Loader,2023-08-20,Afternoon,6,Fair,70.1,4.37,1.32,47.3,81.0,0.99,24.4,178.9,382.0,1774.0,1426,101,150,None,None,0,Low
HEMM-B003,Dozer,2022-07-24,Morning,17,Poor,88.0,4.78,2.77,27.1,81.7,0.84,25.1,207.0,315.4,1910.0,3848,75,155,None,None,0,Low
HEMM-E003,Excavator,2021-06-11,Afternoon,15,Good,96.5,4.12,2.1,38.3,78.7,0.85,24.1,181.8,295.0,1773.0,9588,62,111,None,None,0,Medium
HEMM-DR02,Drill Rig,2022-10-10,Morning,16,Good,87.2,4.96,1.41,42.0,87.2,0.77,24.1,183.5,295.1,1963.0,10904,7,48,None,None,0,Medium
HEMM-D002,Dumper,2021-01-01,Morning,20,Fair,88.3,4.05,2.43,32.9,83.5,0.87,25.8,181.4,296.4,2160.0,10342,86,86,None,None,0,Medium
HEMM-SC01,Scraper,2022-02-28,Night,15,Good,73.3,5.25,1.35,36.2,81.8,0.89,25.2,170.8,308.7,1824.0,5784,51,98,None,None,0,Low
HEMM-DR02,Drill Rig,2022-11-11,Night,20,Poor,81.2,4.71,1.57,38.9,77.4,0.88,24.7,186.5,308.0,1746.0,10029,65,88,None,None,0,Medium
HEMM-DR02,Drill Rig,2021-08-22,Morning,8,Fair,79.7,4.22,1.74,36.1,79.5,0.78,24.6,166.4,344.6,1849.0,235,48,50,None,None,0,Low
HEMM-B002,Dozer,2023-12-06,Afternoon,4,Good,99.1,4.33,2.19,37.5,85.9,0.92,24.0,179.9,318.5,1820.0,950,119,51,None,None,0,Low
HEMM-DR01,Drill Rig,2021-08-08,Afternoon,20,Good,90.7,4.41,1.44,30.8,86.4,0.91,24.3,164.3,341.6,1804.0,3409,29,75,None,None,0,Low
HEMM-G002,Grader,2022-03-18,Afternoon,7,Good,93.7,4.82,2.18,38.7,77.5,0.75,24.3,182.1,300.6,1884.0,11943,48,98,None,None,0,Medium
HEMM-D002,Dumper,2021-09-10,Afternoon,15,Poor,106.1,4.71,1.65,42.4,82.4,0.66,25.8,178.9,428.2,1848.0,10988,80,7,Engine,Engine Overheat,1,Critical
HEMM-L002,Wheel Loader,2021-04-10,Night,14,Poor,85.1,4.9,1.35,39.3,78.4,0.96,24.0,172.0,322.1,1569.0,9786,66,45,None,None,0,Medium
HEMM-E001,Excavator,2021-12-22,Night,5,Poor,78.3,5.03,2.54,47.0,90.4,0.81,24.9,180.0,289.1,1849.0,1896,54,157,None,None,0,Low
HEMM-B003,Dozer,2023-10-30,Afternoon,14,Good,91.7,4.06,1.31,31.8,80.3,0.77,24.6,180.3,305.7,1881.0,10177,93,123,None,None,0,Medium
HEMM-B003,Dozer,2022-08-26,Afternoon,5,Poor,78.0,4.59,2.01,51.9,82.4,0.81,25.1,184.8,359.2,1841.0,2463,57,139,None,None,0,Low
HEMM-L002,Wheel Loader,2022-09-05,Night,18,Poor,73.1,4.19,2.13,38.0,89.2,0.97,24.8,158.5,328.9,1736.0,5343,96,93,None,None,0,Low
HEMM-E002,Excavator,2022-02-16,Morning,20,Poor,87.3,4.02,2.18,39.2,86.1,0.85,25.1,199.9,327.9,1959.0,11904,42,152,None,None,0,Medium
HEMM-D005,Dumper,2021-12-31,Night,18,Fair,80.4,4.07,2.85,38.6,82.6,0.84,24.9,171.3,301.9,1745.0,11575,86,146,None,None,0,Medium
HEMM-G001,Grader,2023-09-11,Night,19,Fair,89.5,4.4,2.09,39.1,83.7,0.95,24.6,164.2,335.9,1744.0,11130,95,58,None,None,0,Medium
HEMM-SC01,Scraper,2022-08-09,Afternoon,1,Good,84.7,4.96,1.67,37.7,83.8,0.97,23.9,182.3,322.8,1996.0,8764,18,79,None,None,0,Medium
HEMM-D002,Dumper,2021-04-26,Morning,9,Poor,77.0,4.36,1.63,36.9,79.9,0.88,24.5,189.5,322.7,1681.0,2836,41,115,None,None,0,Low
HEMM-D002,Dumper,2022-08-28,Morning,18,Fair,80.2,3.17,6.1,34.9,77.9,0.9,24.9,188.2,339.1,1504.0,729,50,3,Transmission,Transmission Failure,1,Critical
HEMM-E003,Excavator,2023-11-13,Night,10,Good,81.1,4.83,2.45,31.9,80.8,0.94,25.1,174.8,300.8,1875.0,11553,90,126,None,None,0,Medium
HEMM-G002,Grader,2023-05-04,Night,11,Good,85.2,5.43,2.24,33.5,81.8,0.94,24.1,191.0,337.3,1750.0,9246,11,103,None,None,0,Medium
HEMM-E002,Excavator,2023-06-27,Morning,12,Poor,79.8,4.67,2.08,42.8,81.6,0.96,24.0,177.1,329.7,1744.0,9840,74,107,None,None,0,Medium
HEMM-E002,Excavator,2022-08-26,Afternoon,6,Good,87.4,3.97,2.53,45.7,83.3,0.88,23.9,173.4,304.7,1791.0,11384,14,52,None,None,0,Medium
HEMM-L002,Wheel Loader,2021-09-02,Afternoon,2,Poor,87.1,4.48,2.3,38.5,81.3,0.98,24.1,196.5,370.8,1871.0,7220,40,88,None,None,0,Low
HEMM-E001,Excavator,2022-06-07,Morning,11,Good,118.0,4.73,2.65,51.6,78.3,0.43,24.0,159.1,409.4,1777.0,7840,95,5,Engine,Engine Overheat,1,Critical
HEMM-B002,Dozer,2023-10-02,Night,18,Poor,84.1,4.56,1.7,39.1,88.1,0.91,24.1,165.6,336.5,1718.0,6066,14,76,None,None,0,Low
HEMM-E003,Excavator,2022-01-12,Night,3,Fair,83.0,4.35,1.17,35.8,85.1,0.98,24.9,171.9,346.8,1870.0,8476,25,170,None,None,0,Medium
HEMM-G002,Grader,2021-07-08,Afternoon,8,Fair,86.5,4.74,2.36,31.1,78.0,0.85,24.0,180.0,343.7,1703.0,3695,89,154,None,None,0,Low
HEMM-B002,Dozer,2022-03-24,Night,17,Poor,134.7,4.35,1.43,44.5,85.5,0.4,24.1,171.3,334.5,1845.0,7980,76,5,Cooling System,Cooling System Failure,1,Critical
HEMM-E003,Excavator,2022-05-15,Morning,11,Good,99.4,3.97,0.87,31.5,86.5,0.91,23.6,174.3,324.1,1846.0,6448,106,100,None,None,0,Low
HEMM-SC01,Scraper,2022-08-03,Morning,17,Poor,86.1,4.35,2.68,41.6,74.3,0.77,24.3,166.8,326.7,1774.0,6343,70,30,None,None,0,Low
HEMM-D002,Dumper,2022-08-31,Night,7,Good,84.2,5.0,1.42,35.6,79.5,0.92,24.7,175.4,331.5,1672.0,5448,70,89,None,None,0,Low
HEMM-E001,Excavator,2023-12-29,Morning,3,Poor,91.0,4.48,1.24,29.0,75.7,0.81,24.4,176.4,309.0,1690.0,3653,90,156,None,None,0,Low
HEMM-DR01,Drill Rig,2021-08-01,Morning,18,Poor,91.3,3.86,2.29,42.0,86.1,0.97,23.7,179.6,314.0,1746.0,11713,117,163,None,None,0,Medium
HEMM-D003,Dumper,2021-11-11,Morning,15,Good,74.3,2.65,1.74,42.9,82.5,0.78,24.2,122.8,287.9,1707.0,11945,47,0,Hydraulics,Hydraulic Failure,1,Critical
HEMM-B001,Dozer,2021-05-25,Night,8,Fair,82.2,4.43,1.94,47.3,76.1,0.85,23.6,190.9,306.5,1787.0,4437,57,122,None,None,0,Low
HEMM-G002,Grader,2023-06-06,Afternoon,1,Good,97.9,4.62,1.85,37.1,72.0,0.97,25.0,156.3,335.8,1688.0,6581,91,116,None,None,0,Low
HEMM-D003,Dumper,2021-04-04,Night,3,Good,102.4,4.33,1.94,33.3,77.4,0.91,23.9,182.7,303.5,1709.0,6060,69,149,None,None,0,High
HEMM-B002,Dozer,2021-06-27,Afternoon,15,Poor,94.4,4.47,5.12,36.4,78.8,1.0,25.5,188.4,310.9,1932.0,6449,55,2,Brakes,Brake Failure,1,Critical
HEMM-D005,Dumper,2023-03-12,Night,10,Fair,93.1,4.77,2.32,34.1,75.8,1.0,24.8,186.4,323.1,1781.0,10588,23,32,None,None,0,Medium
HEMM-G001,Grader,2021-01-23,Night,18,Good,84.0,4.51,7.72,42.1,50.0,0.93,24.2,173.8,299.2,1870.0,2516,20,6,Tyres,Tyre Burst,1,Critical
HEMM-B002,Dozer,2022-03-07,Night,12,Poor,96.4,4.41,2.18,42.9,79.0,0.83,24.0,176.5,308.3,1778.0,3669,57,135,None,None,0,Low
HEMM-D005,Dumper,2021-11-26,Morning,8,Fair,73.5,4.42,1.65,39.4,79.4,0.76,25.0,184.6,330.7,1555.0,10307,111,157,None,None,0,Medium
HEMM-E001,Excavator,2021-04-22,Night,15,Good,83.8,5.12,1.67,49.0,82.0,0.96,25.0,176.1,346.1,1751.0,10762,75,130,None,None,0,Medium
HEMM-D003,Dumper,2022-05-29,Morning,7,Fair,73.7,3.88,2.57,39.7,83.1,0.96,24.1,188.8,322.9,1936.0,9712,67,36,None,None,0,Medium
HEMM-E003,Excavator,2021-07-24,Afternoon,20,Good,77.6,4.45,1.94,37.2,82.1,0.95,24.5,163.5,299.3,1788.0,1343,120,68,None,None,0,Low
HEMM-DR02,Drill Rig,2022-11-04,Night,10,Good,72.3,3.96,2.29,27.6,81.1,0.86,23.6,199.0,351.5,1742.0,11561,79,154,None,None,0,Medium
HEMM-G001,Grader,2022-10-10,Afternoon,6,Good,75.2,4.12,2.67,40.0,85.0,0.99,24.5,192.4,307.7,1849.0,279,45,65,None,None,0,Low
HEMM-DR01,Drill Rig,2022-07-21,Afternoon,5,Fair,87.4,4.66,2.06,48.5,76.5,0.99,25.0,180.7,361.2,1656.0,11334,98,105,None,None,0,Medium
HEMM-DR02,Drill Rig,2023-07-02,Afternoon,10,Good,80.9,4.45,2.18,44.3,81.9,0.94,18.6,180.0,351.4,1703.0,8178,75,1,Electrical,Electrical Fault,1,Critical
HEMM-D005,Dumper,2022-02-07,Afternoon,3,Good,98.8,4.87,1.79,44.6,83.7,1.0,24.5,178.9,313.9,1750.0,1435,119,150,None,None,0,Low
HEMM-D001,Dumper,2023-04-10,Night,7,Fair,82.1,4.7,2.21,44.7,81.7,0.92,24.7,178.5,307.2,1804.0,800,75,167,None,None,0,Low
HEMM-SC01,Scraper,2023-08-25,Night,5,Good,89.3,4.41,2.4,35.7,81.6,0.89,24.2,183.5,340.3,1730.0,6193,55,140,None,None,0,Low
HEMM-B002,Dozer,2021-10-02,Afternoon,17,Fair,86.8,3.84,2.23,33.7,76.3,0.95,23.7,173.7,267.6,1652.0,8562,16,124,None,None,0,Medium
HEMM-D001,Dumper,2022-05-05,Night,6,Fair,98.2,4.25,2.73,40.6,80.0,0.62,23.6,178.7,292.3,1890.0,8623,22,2,Cooling System,Cooling System Failure,1,Critical
HEMM-G001,Grader,2021-03-24,Morning,16,Fair,79.6,4.04,2.01,39.3,79.6,0.83,24.0,172.9,327.3,1732.0,3996,13,109,None,None,0,Low
HEMM-D002,Dumper,2022-02-28,Night,12,Fair,75.3,4.76,1.94,45.6,77.5,0.81,24.1,175.2,330.6,1734.0,6558,65,41,None,None,0,Low
HEMM-D002,Dumper,2022-10-26,Morning,17,Fair,86.0,3.55,1.27,41.1,86.1,0.97,24.0,177.2,335.1,1594.0,10580,111,108,None,None,0,Medium
HEMM-B001,Dozer,2021-12-23,Afternoon,13,Poor,91.0,4.78,3.0,36.9,76.4,0.95,24.1,181.9,356.4,1843.0,6185,80,98,None,None,0,Low
HEMM-D003,Dumper,2023-11-25,Afternoon,13,Fair,95.0,4.85,2.76,35.6,87.6,0.76,23.9,192.9,310.3,1863.0,3851,71,151,None,None,0,Low
HEMM-G001,Grader,2023-09-25,Afternoon,20,Good,92.1,3.99,2.71,35.9,84.4,1.0,25.1,184.9,295.5,1942.0,308,69,77,None,None,0,Low
HEMM-E003,Excavator,2021-06-07,Night,9,Good,84.8,5.04,5.53,40.2,77.3,0.81,24.7,185.4,331.3,2108.0,3665,24,1,Brakes,Brake Failure,1,Critical
HEMM-DR01,Drill Rig,2022-11-08,Night,4,Fair,87.4,4.73,2.18,45.7,87.0,0.76,24.7,185.5,337.6,1699.0,8089,91,76,None,None,0,Medium
HEMM-E001,Excavator,2023-04-22,Morning,8,Poor,86.8,4.1,2.3,41.3,82.2,0.91,24.5,178.2,333.0,1747.0,906,21,38,None,None,0,Low
HEMM-D005,Dumper,2023-11-16,Morning,19,Good,76.6,4.21,1.96,37.3,82.5,0.98,24.4,191.1,333.7,1940.0,2606,12,171,None,None,0,Low
HEMM-E001,Excavator,2023-11-25,Afternoon,20,Good,86.5,4.09,1.38,34.3,80.0,0.9,24.0,168.1,325.4,1852.0,9434,86,145,None,None,0,Medium
HEMM-B002,Dozer,2021-06-25,Morning,15,Fair,84.4,3.11,2.46,35.0,78.0,0.82,24.2,131.1,327.5,1759.0,10137,65,6,Hydraulics,Hydraulic Failure,1,Critical
HEMM-E001,Excavator,2023-11-13,Afternoon,6,Fair,97.8,4.54,2.57,36.7,78.5,0.79,24.6,159.7,295.2,1851.0,11432,48,127,None,None,0,Medium
HEMM-D003,Dumper,2022-04-16,Afternoon,13,Good,97.4,4.3,1.76,29.2,89.0,0.88,24.7,170.0,311.0,1865.0,2366,18,121,None,None,0,Low
HEMM-L002,Wheel Loader,2023-05-10,Morning,20,Fair,94.7,4.91,1.9,28.8,74.5,0.82,25.0,175.0,343.2,1886.0,1777,27,154,None,None,0,Low
HEMM-D002,Dumper,2023-12-25,Night,4,Poor,81.4,2.19,7.66,38.3,75.5,0.84,24.7,179.6,306.9,1300.0,1726,66,0,Transmission,Transmission Failure,1,Critical
HEMM-L002,Wheel Loader,2023-05-12,Afternoon,2,Fair,89.1,4.22,1.8,26.5,85.0,0.85,24.6,172.9,337.3,1798.0,11630,72,57,None,None,0,Medium
HEMM-L001,Wheel Loader,2023-02-20,Afternoon,19,Good,71.1,4.37,1.36,38.2,81.5,0.85,24.1,173.3,300.4,1980.0,11614,78,73,None,None,0,Medium
HEMM-B001,Dozer,2023-09-05,Morning,3,Poor,90.0,5.22,2.26,43.4,83.4,0.86,24.2,167.3,350.7,1789.0,4841,81,69,None,None,0,Low
HEMM-E002,Excavator,2021-01-12,Night,1,Good,87.4,4.83,1.75,42.3,71.2,0.82,24.3,162.7,322.1,1791.0,9669,71,122,None,None,0,Medium
HEMM-G002,Grader,2022-02-25,Night,11,Good,87.1,5.31,1.79,40.2,81.1,0.78,19.7,162.5,304.6,1809.0,6898,51,4,Electrical,Electrical Fault,1,Critical
HEMM-SC01,Scraper,2023-05-18,Night,12,Poor,85.5,4.0,2.08,34.4,74.9,0.83,24.7,173.0,315.2,1847.0,10225,40,114,None,None,0,Medium
HEMM-E002,Excavator,2023-04-27,Night,18,Fair,84.0,4.9,1.89,32.5,75.1,0.84,24.4,179.6,294.9,1861.0,8104,27,55,None,None,0,Medium
HEMM-L001,Wheel Loader,2022-06-04,Afternoon,19,Poor,93.9,5.27,1.95,26.2,84.6,0.91,23.8,163.0,297.3,1825.0,5841,104,121,None,None,0,Low
HEMM-D005,Dumper,2021-09-01,Night,8,Poor,93.4,4.47,2.7,42.3,84.3,0.85,25.0,194.1,321.3,1662.0,7517,105,172,None,None,0,Low
HEMM-D004,Dumper,2022-03-16,Night,13,Poor,72.5,4.45,2.15,38.1,82.6,0.84,24.0,171.3,302.3,1980.0,5744,107,86,None,None,0,Low
HEMM-D002,Dumper,2021-11-26,Afternoon,1,Good,84.7,4.91,2.33,38.4,81.5,0.82,25.0,164.3,290.2,1700.0,1692,110,178,None,None,0,Low
HEMM-DR01,Drill Rig,2021-06-30,Morning,9,Good,77.6,4.15,1.52,31.6,86.0,0.8,24.3,171.2,312.8,1830.0,3833,52,63,None,None,0,Low
HEMM-G002,Grader,2023-04-01,Night,17,Poor,113.7,5.14,2.36,40.2,82.0,0.68,24.5,183.0,353.3,1588.0,4893,96,2,Cooling System,Cooling System Failure,1,Critical
HEMM-DR02,Drill Rig,2021-01-22,Morning,17,Good,88.3,5.16,1.99,38.4,82.3,0.87,24.2,182.1,295.7,1796.0,4885,29,134,None,None,0,Low
HEMM-L002,Wheel Loader,2023-11-23,Night,8,Poor,139.0,4.43,2.48,48.7,82.2,0.51,24.4,175.8,433.1,1912.0,10279,26,3,Engine,Engine Overheat,1,Critical
HEMM-E001,Excavator,2021-06-27,Afternoon,13,Fair,94.6,4.76,2.03,43.1,82.1,0.84,23.9,161.6,362.1,1984.0,5985,90,127,None,None,0,Low
HEMM-E002,Excavator,2023-11-27,Morning,3,Fair,88.7,4.42,1.33,46.1,86.9,0.99,24.8,169.9,320.0,1704.0,1677,75,145,None,None,0,Low
HEMM-SC01,Scraper,2022-12-14,Afternoon,9,Good,63.3,4.31,1.84,37.1,86.0,0.85,24.5,174.6,359.8,1983.0,3907,82,58,None,None,0,Low
HEMM-G002,Grader,2021-01-10,Afternoon,6,Good,80.6,4.21,2.0,32.4,78.5,0.93,24.3,168.5,322.2,1839.0,6870,69,79,None,None,0,Low
HEMM-L002,Wheel Loader,2022-08-26,Afternoon,4,Poor,75.6,3.81,2.32,37.6,81.5,0.8,25.4,171.5,368.8,1844.0,8609,37,96,None,None,0,Medium
HEMM-B001,Dozer,2023-06-26,Afternoon,19,Good,76.0,3.57,2.5,30.6,84.5,0.94,25.1,169.2,333.2,1810.0,8123,103,77,None,None,0,Medium
HEMM-DR02,Drill Rig,2023-08-02,Night,1,Fair,103.1,4.88,5.38,38.4,86.8,0.92,24.5,190.3,341.9,2008.0,8096,19,3,Brakes,Brake Failure,1,Critical
HEMM-B003,Dozer,2023-04-25,Afternoon,17,Poor,88.3,4.94,1.55,41.2,78.5,0.79,25.4,180.5,348.0,1522.0,8976,6,72,None,None,0,Medium
HEMM-E003,Excavator,2022-08-12,Morning,13,Fair,99.2,4.57,1.67,30.6,89.2,0.54,24.5,173.3,296.2,1802.0,11237,100,2,Cooling System,Cooling System Failure,1,Critical
HEMM-B003,Dozer,2022-12-26,Morning,19,Poor,75.0,4.68,1.72,35.3,79.1,0.8,23.9,176.0,319.9,1828.0,4608,28,150,None,None,0,Low
HEMM-E002,Excavator,2023-10-19,Night,7,Good,101.3,4.71,1.4,39.3,75.3,0.98,24.5,192.1,320.8,1746.0,4047,99,35,None,None,0,High
HEMM-E002,Excavator,2022-04-15,Morning,8,Good,90.9,4.21,1.64,36.0,80.3,0.91,24.9,169.1,371.2,1975.0,10335,50,82,None,None,0,Medium
HEMM-D004,Dumper,2021-06-10,Night,16,Poor,84.7,4.37,1.69,38.1,84.2,0.91,23.8,168.8,320.0,1756.0,10256,5,30,None,None,0,Medium
HEMM-L001,Wheel Loader,2023-01-31,Night,11,Poor,88.7,4.26,1.15,37.5,82.7,0.94,23.9,170.8,305.7,1679.0,8266,119,74,None,None,0,Medium
HEMM-L001,Wheel Loader,2022-01-10,Night,9,Poor,125.5,4.19,2.08,38.5,80.4,0.5,24.6,177.4,311.7,1608.0,6718,33,6,Cooling System,Cooling System Failure,1,Critical
HEMM-SC01,Scraper,2021-03-08,Night,12,Poor,93.1,3.97,1.59,30.0,78.7,0.85,23.9,180.9,356.1,2067.0,6650,115,78,None,None,0,Low
HEMM-DR02,Drill Rig,2021-09-04,Night,17,Poor,85.8,2.52,4.69,37.0,82.1,0.77,24.4,177.7,325.0,1460.0,7737,45,3,Transmission,Transmission Failure,1,Critical
HEMM-D004,Dumper,2022-10-29,Afternoon,20,Poor,76.5,4.48,2.76,43.8,87.4,0.97,24.5,172.8,354.2,1994.0,4454,28,116,None,None,0,Low
HEMM-B001,Dozer,2023-08-24,Night,11,Fair,91.8,5.05,2.35,36.7,81.3,0.98,23.9,182.0,328.2,1757.0,6195,28,138,None,None,0,Low
HEMM-DR01,Drill Rig,2023-02-02,Afternoon,13,Good,81.0,4.48,2.4,35.1,86.5,0.92,25.0,173.7,314.0,1877.0,4781,62,124,None,None,0,Low
HEMM-E003,Excavator,2021-07-24,Night,9,Fair,80.8,4.31,2.32,38.4,92.2,0.76,24.5,186.9,301.7,1753.0,4063,76,155,None,None,0,Low
HEMM-E002,Excavator,2021-10-26,Night,5,Good,90.7,3.24,2.64,44.8,87.4,0.89,25.2,126.6,326.5,2024.0,7949,108,7,Hydraulics,Hydraulic Failure,1,Critical
HEMM-L002,Wheel Loader,2023-12-30,Night,11,Fair,63.2,4.28,2.01,43.7,83.6,0.79,25.3,196.3,318.9,1825.0,8172,43,129,None,None,0,Medium
HEMM-D002,Dumper,2023-03-27,Morning,6,Fair,80.7,4.62,1.82,36.1,77.9,0.94,25.2,189.8,308.3,1715.0,1183,32,162,None,None,0,Low
HEMM-D004,Dumper,2023-07-11,Night,11,Fair,79.4,3.85,2.22,28.5,85.1,0.83,25.0,184.0,341.0,1832.0,4456,51,44,None,None,0,Low
HEMM-B001,Dozer,2022-12-06,Morning,14,Poor,62.7,4.94,2.01,36.7,85.9,0.93,25.4,172.9,322.3,1824.0,2186,49,94,None,None,0,Low
HEMM-E002,Excavator,2021-12-24,Afternoon,12,Poor,77.5,3.91,1.73,40.6,78.5,0.91,24.0,194.7,337.5,1720.0,5526,91,149,None,None,0,Low
HEMM-DR02,Drill Rig,2021-06-10,Afternoon,20,Poor,91.4,5.32,2.22,37.2,83.4,0.81,25.1,174.0,297.8,1613.0,4894,64,105,None,None,0,Low
HEMM-E001,Excavator,2022-11-22,Afternoon,20,Good,83.3,4.9,4.35,42.1,77.6,0.96,25.2,204.9,297.3,1924.0,9565,56,5,Brakes,Brake Failure,1,Critical
HEMM-B003,Dozer,2022-10-11,Night,10,Poor,79.4,4.41,1.5,42.4,81.8,0.83,25.0,156.3,327.1,1702.0,11839,39,36,None,None,0,Medium
HEMM-B001,Dozer,2023-07-01,Afternoon,19,Fair,86.3,2.8,1.67,36.1,82.2,0.88,25.2,115.4,338.8,1942.0,8735,62,0,Hydraulics,Hydraulic Failure,1,Critical
HEMM-E003,Excavator,2022-05-31,Night,3,Fair,108.3,4.48,2.54,28.3,82.1,0.47,24.8,174.4,321.2,1872.0,3650,26,1,Cooling System,Cooling System Failure,1,Critical
HEMM-SC01,Scraper,2021-04-21,Morning,13,Good,70.8,4.09,6.51,41.1,43.9,0.95,24.9,188.9,328.5,1758.0,8784,102,2,Tyres,Tyre Burst,1,Critical
HEMM-G002,Grader,2022-09-26,Morning,8,Poor,118.3,4.77,1.61,45.5,85.9,0.66,24.7,173.9,408.4,1817.0,4855,61,2,Engine,Engine Overheat,1,Critical
HEMM-D002,Dumper,2023-01-01,Afternoon,16,Poor,87.9,4.38,1.59,32.1,90.0,0.77,25.4,178.9,341.7,1804.0,7854,116,86,None,None,0,Low
HEMM-SC01,Scraper,2023-07-01,Morning,18,Poor,94.5,3.74,1.74,43.3,79.2,0.82,24.7,183.1,312.8,1873.0,3100,80,122,None,None,0,Low
HEMM-DR01,Drill Rig,2023-12-09,Night,18,Fair,77.6,4.25,2.29,38.6,80.2,0.89,25.3,168.4,287.8,1833.0,5273,49,142,None,None,0,Low
HEMM-D003,Dumper,2023-06-24,Afternoon,12,Good,87.5,4.73,2.68,41.8,89.7,0.92,24.7,185.3,289.7,1788.0,6953,38,77,None,None,0,Low
HEMM-D001,Dumper,2023-12-08,Morning,12,Poor,117.8,5.45,1.85,31.5,80.4,0.52,25.4,180.9,284.6,1691.0,4898,65,7,Cooling System,Cooling System Failure,1,Critical
HEMM-B002,Dozer,2021-01-19,Afternoon,10,Good,80.2,4.72,2.45,40.4,76.4,0.91,25.0,173.4,299.1,1834.0,9981,34,175,None,None,0,Medium
HEMM-E002,Excavator,2023-04-24,Night,14,Good,72.6,4.42,2.2,37.9,75.9,0.82,23.4,184.9,312.1,1738.0,6667,36,162,None,None,0,Low
HEMM-G002,Grader,2023-02-14,Morning,9,Poor,96.0,5.16,2.9,43.7,80.4,0.92,24.3,182.3,319.6,1727.0,1497,59,30,None,None,0,Low
HEMM-B001,Dozer,2022-08-07,Night,18,Good,76.6,4.67,2.16,39.2,80.3,0.99,24.9,198.2,318.3,1865.0,4604,57,171,None,None,0,Low
HEMM-E001,Excavator,2021-10-07,Afternoon,4,Poor,85.3,4.93,1.54,36.4,83.7,0.84,24.6,183.3,288.7,1925.0,10634,63,53,None,None,0,Medium
HEMM-L001,Wheel Loader,2022-01-20,Afternoon,1,Poor,98.7,3.86,1.88,40.8,86.9,0.88,19.2,172.0,316.1,1929.0,2692,11,1,Electrical,Electrical Fault,1,Critical
HEMM-B001,Dozer,2021-09-14,Night,15,Good,71.9,4.36,4.59,41.6,83.5,0.83,24.0,177.7,299.9,1824.0,334,34,7,Brakes,Brake Failure,1,Critical
HEMM-B003,Dozer,2023-05-11,Afternoon,16,Poor,85.3,4.6,1.31,36.3,86.6,0.93,24.4,183.9,332.1,1872.0,6284,64,67,None,None,0,Low
HEMM-B003,Dozer,2021-06-14,Morning,2,Fair,89.0,2.6,1.95,32.6,89.9,0.91,24.5,108.6,300.6,1755.0,4566,104,7,Hydraulics,Hydraulic Failure,1,Critical
HEMM-E002,Excavator,2022-05-28,Afternoon,1,Poor,79.0,5.09,1.68,31.7,78.1,0.89,24.8,178.8,310.9,1824.0,2198,103,39,None,None,0,Low
HEMM-DR02,Drill Rig,2022-05-22,Night,2,Poor,88.4,4.9,1.72,49.6,86.9,0.99,24.8,204.7,298.1,1994.0,3463,63,98,None,None,0,Low
HEMM-L002,Wheel Loader,2022-03-03,Afternoon,13,Fair,79.9,4.6,6.31,37.8,37.4,0.96,25.3,180.3,311.8,1740.0,11364,44,0,Tyres,Tyre Burst,1,Critical
HEMM-B001,Dozer,2023-09-13,Night,10,Good,78.2,3.99,2.18,46.8,82.8,0.87,24.9,167.2,305.2,1798.0,3455,51,34,None,None,0,Low
HEMM-E002,Excavator,2021-08-20,Morning,14,Good,104.3,3.99,1.89,34.9,77.6,0.95,25.0,187.6,354.6,1753.0,5516,6,162,None,None,0,High
HEMM-D004,Dumper,2023-03-22,Morning,1,Poor,78.6,4.72,2.67,41.9,87.2,0.97,24.0,156.8,308.9,1861.0,888,79,158,None,None,0,Low
HEMM-D005,Dumper,2023-01-31,Morning,8,Good,73.4,4.11,1.35,44.7,73.8,0.81,24.2,188.8,322.4,1988.0,2783,68,137,None,None,0,Low
HEMM-B003,Dozer,2021-05-03,Morning,12,Poor,89.5,4.19,1.95,37.5,89.2,0.76,24.7,174.0,334.5,1697.0,10760,24,68,None,None,0,Medium
HEMM-D004,Dumper,2021-09-15,Afternoon,8,Poor,101.7,4.83,1.58,42.9,81.1,0.82,23.6,191.8,341.0,1810.0,5389,76,109,None,None,0,High
HEMM-DR02,Drill Rig,2022-01-31,Morning,13,Good,82.8,3.82,2.25,38.3,78.9,0.75,25.2,179.8,315.0,1757.0,6068,97,32,None,None,0,Low
HEMM-D002,Dumper,2023-09-21,Night,15,Poor,84.9,4.71,1.29,33.7,79.9,0.85,24.6,164.4,320.8,1658.0,9359,42,118,None,None,0,Medium
HEMM-E002,Excavator,2022-01-18,Night,12,Fair,83.0,4.54,1.94,36.2,83.1,0.94,24.9,181.9,315.8,1648.0,5503,98,42,None,None,0,Low
HEMM-SC01,Scraper,2021-11-25,Morning,17,Fair,96.3,4.81,1.81,44.2,81.0,0.96,24.8,170.8,299.6,1694.0,2739,62,115,None,None,0,Low
HEMM-SC01,Scraper,2023-01-22,Afternoon,1,Fair,77.7,4.8,1.75,31.3,79.6,0.99,24.5,170.3,343.6,1746.0,10653,69,179,None,None,0,Medium
HEMM-D001,Dumper,2023-01-16,Night,8,Good,69.8,3.71,1.66,39.1,79.9,0.96,24.6,174.2,280.4,1608.0,5454,97,119,None,None,0,Low
HEMM-SC01,Scraper,2023-03-05,Morning,17,Poor,86.4,4.58,2.77,55.2,81.1,0.98,24.6,176.4,332.5,1883.0,11393,68,4,Fuel System,Fuel System Failure,1,Critical
HEMM-DR01,Drill Rig,2022-10-22,Morning,4,Good,72.9,2.93,1.69,35.0,82.0,0.84,24.7,126.3,311.6,1478.0,8772,89,2,Hydraulics,Hydraulic Failure,1,Critical
HEMM-D002,Dumper,2022-02-18,Morning,16,Good,78.6,4.59,2.25,38.3,82.4,0.77,24.3,189.1,309.0,1730.0,3339,17,58,None,None,0,Low
HEMM-G002,Grader,2023-10-01,Night,20,Fair,78.8,4.6,8.68,29.9,56.3,0.9,24.6,184.5,318.5,1721.0,11690,80,3,Tyres,Tyre Burst,1,Critical
HEMM-D001,Dumper,2022-03-04,Night,16,Poor,95.9,4.74,1.89,61.6,90.1,0.94,24.1,180.9,311.2,1747.0,1510,64,6,Fuel System,Fuel System Failure,1,Critical
HEMM-D002,Dumper,2022-06-29,Night,2,Fair,76.4,4.45,7.28,31.5,40.3,0.96,24.6,174.3,294.6,1692.0,1353,111,3,Tyres,Tyre Burst,1,Critical
HEMM-D004,Dumper,2022-04-19,Night,13,Poor,85.1,4.11,2.3,46.4,83.4,0.84,25.5,191.5,289.5,1799.0,3304,29,44,None,None,0,Low
HEMM-E001,Excavator,2023-05-01,Night,4,Fair,92.9,4.15,1.91,30.3,77.5,0.93,24.1,171.0,297.1,1815.0,10663,78,47,None,None,0,Medium
HEMM-DR01,Drill Rig,2021-08-02,Morning,6,Poor,79.3,4.45,0.8,41.6,84.8,0.86,25.1,187.4,302.1,1721.0,9210,56,59,None,None,0,Medium
HEMM-E001,Excavator,2023-12-30,Night,15,Fair,88.8,3.64,1.99,35.2,76.3,0.75,24.2,185.1,322.5,1763.0,5972,120,162,None,None,0,Low
HEMM-B003,Dozer,2023-02-01,Afternoon,14,Good,80.1,4.32,1.96,43.7,77.4,0.99,23.4,184.6,335.7,1718.0,5499,82,53,None,None,0,Low
HEMM-E002,Excavator,2023-02-08,Night,9,Fair,80.9,4.4,1.47,37.1,79.3,0.94,23.7,169.5,339.9,1825.0,6098,62,152,None,None,0,Low
HEMM-D001,Dumper,2021-03-12,Afternoon,20,Good,88.8,4.85,2.2,36.7,85.4,0.98,24.2,192.6,328.6,1741.0,467,71,69,None,None,0,Low
HEMM-B002,Dozer,2021-01-14,Afternoon,8,Fair,89.5,2.7,1.84,45.5,77.7,0.95,25.7,110.2,307.1,1709.0,3719,114,4,Hydraulics,Hydraulic Failure,1,Critical
HEMM-D004,Dumper,2021-03-19,Afternoon,12,Fair,88.8,4.59,2.32,36.8,79.3,0.97,23.7,192.0,286.4,1960.0,2757,22,122,None,None,0,Low
HEMM-E003,Excavator,2022-04-23,Afternoon,10,Fair,70.7,4.71,3.07,43.4,87.4,0.86,24.0,177.7,372.1,1840.0,1705,78,177,None,None,0,Low
HEMM-E002,Excavator,2021-06-08,Night,11,Fair,85.8,3.67,2.09,44.5,74.9,0.82,24.3,191.0,312.3,1794.0,8105,27,170,None,None,0,Medium
HEMM-D004,Dumper,2022-09-08,Morning,19,Good,88.9,4.94,1.7,38.7,81.6,0.88,24.4,170.8,308.0,1742.0,6451,15,145,None,None,0,Low
HEMM-B003,Dozer,2022-12-14,Afternoon,14,Good,92.1,4.76,1.59,35.6,82.0,0.84,24.5,166.7,324.7,1758.0,2174,116,133,None,None,0,Low
HEMM-D001,Dumper,2023-02-23,Morning,10,Fair,90.0,4.47,1.53,39.0,79.4,0.95,24.5,168.9,305.6,1884.0,8791,10,151,None,None,0,Medium
HEMM-D005,Dumper,2022-11-01,Night,8,Poor,90.3,3.72,1.58,39.1,75.2,0.96,24.3,188.9,310.2,1965.0,2709,11,102,None,None,0,Low
HEMM-G002,Grader,2023-07-02,Night,19,Good,80.9,4.91,1.44,40.2,85.4,0.82,25.0,186.5,316.1,1855.0,8469,16,161,None,None,0,Medium
HEMM-G002,Grader,2021-10-31,Morning,11,Poor,94.3,4.24,2.11,38.2,81.0,0.77,24.4,185.4,323.5,1926.0,1552,65,104,None,None,0,Low
HEMM-SC01,Scraper,2023-03-29,Afternoon,3,Fair,91.8,4.73,1.51,40.7,79.4,0.83,24.4,167.6,316.6,1944.0,6729,69,69,None,None,0,Low
HEMM-D005,Dumper,2021-10-04,Afternoon,18,Fair,77.8,4.42,1.75,37.5,83.1,0.91,24.2,180.9,317.2,1751.0,3445,67,38,None,None,0,Low
HEMM-E002,Excavator,2023-12-10,Morning,8,Fair,85.7,5.58,2.21,39.1,84.5,0.85,24.3,177.2,332.8,1988.0,1373,39,164,None,None,0,Low
HEMM-D003,Dumper,2021-08-19,Night,14,Fair,77.0,4.53,1.79,41.5,85.2,0.87,25.3,165.9,294.0,1931.0,7139,51,155,None,None,0,Low
HEMM-G001,Grader,2021-02-19,Afternoon,6,Fair,90.7,4.58,2.0,28.6,87.5,0.84,24.9,195.4,328.3,1750.0,5929,83,115,None,None,0,Low
HEMM-DR02,Drill Rig,2021-04-02,Morning,7,Good,81.6,5.04,2.21,42.8,84.3,0.77,24.8,197.1,324.0,1795.0,11428,52,156,None,None,0,Medium
HEMM-D003,Dumper,2021-08-19,Night,2,Good,93.8,4.13,1.82,38.4,86.8,0.98,24.8,189.6,309.0,1716.0,4182,84,47,None,None,0,Low
HEMM-B002,Dozer,2021-01-29,Afternoon,4,Fair,90.0,5.17,4.22,34.3,71.2,0.94,24.4,185.1,352.1,2068.0,5199,62,3,Brakes,Brake Failure,1,Critical
HEMM-E002,Excavator,2023-12-08,Afternoon,18,Poor,95.2,3.94,1.67,39.1,76.8,0.8,24.8,187.7,291.4,1837.0,8113,84,134,None,None,0,Medium
HEMM-D001,Dumper,2023-02-11,Night,17,Good,76.9,4.35,2.33,38.6,86.3,0.75,21.0,186.4,314.6,1822.0,912,37,3,Electrical,Electrical Fault,1,Critical
HEMM-D002,Dumper,2023-08-11,Night,1,Poor,78.4,3.83,1.8,39.4,85.9,0.9,24.1,180.7,307.0,1767.0,1291,54,59,None,None,0,Low
HEMM-G001,Grader,2021-08-09,Morning,10,Good,79.2,4.58,2.21,42.8,81.4,0.78,24.1,179.4,337.3,1874.0,10839,54,76,None,None,0,Medium
HEMM-L002,Wheel Loader,2021-07-23,Afternoon,16,Good,86.0,4.96,1.77,28.6,79.6,0.93,24.8,186.0,330.6,1840.0,9982,73,53,None,None,0,Medium
HEMM-L002,Wheel Loader,2023-07-27,Night,1,Poor,107.6,4.36,1.76,39.6,79.7,0.77,24.7,179.1,306.2,1794.0,851,36,60,None,None,0,High
HEMM-L001,Wheel Loader,2023-03-17,Night,6,Poor,74.1,4.13,2.12,47.0,85.5,0.86,24.6,185.2,317.8,1648.0,501,49,76,None,None,0,Low
HEMM-B002,Dozer,2022-04-29,Night,9,Fair,69.5,4.28,2.53,37.4,76.6,0.84,24.3,170.0,309.7,1748.0,1215,85,102,None,None,0,Low
HEMM-D001,Dumper,2022-07-28,Morning,5,Fair,104.2,4.43,2.23,41.9,88.4,0.87,24.5,176.5,349.5,1596.0,5799,119,50,None,None,0,High
HEMM-D003,Dumper,2023-02-22,Night,20,Good,85.7,4.67,1.93,38.2,84.4,0.8,23.7,180.4,284.7,1807.0,10448,92,55,None,None,0,Medium
HEMM-D005,Dumper,2023-05-24,Afternoon,20,Poor,87.3,4.8,3.88,40.6,75.0,0.77,24.7,165.2,332.2,2186.0,5595,62,2,Brakes,Brake Failure,1,Critical
HEMM-D005,Dumper,2022-09-25,Night,17,Good,92.3,4.46,2.28,25.5,71.2,0.94,23.9,160.3,325.8,1656.0,2415,60,170,None,None,0,Low
HEMM-E001,Excavator,2022-10-13,Morning,18,Good,88.6,4.7,1.86,40.2,83.1,0.95,24.4,173.6,321.4,1691.0,8932,97,56,None,None,0,Medium
HEMM-D005,Dumper,2021-03-02,Afternoon,14,Fair,72.4,4.7,2.52,33.5,80.2,0.75,25.2,173.9,323.3,1830.0,6937,43,68,None,None,0,Low
HEMM-B001,Dozer,2021-11-08,Morning,4,Good,78.8,4.34,1.57,39.5,83.2,0.85,25.3,186.4,306.9,1749.0,2355,28,145,None,None,0,Low
HEMM-B001,Dozer,2022-04-18,Night,8,Good,82.9,5.49,1.46,35.9,73.5,0.89,24.4,191.0,348.8,2035.0,3983,92,116,None,None,0,Low
HEMM-L001,Wheel Loader,2021-10-02,Night,20,Poor,72.4,4.53,1.9,42.0,77.3,0.94,25.0,193.8,324.0,1779.0,7880,96,85,None,None,0,Low
HEMM-G002,Grader,2023-10-04,Afternoon,5,Good,98.1,4.86,1.72,49.0,83.3,0.89,19.2,175.2,321.1,1880.0,2883,29,0,Electrical,Electrical Fault,1,Critical
HEMM-DR01,Drill Rig,2022-04-01,Night,7,Good,84.5,4.77,2.27,43.8,82.2,0.85,24.4,184.3,317.7,1794.0,3551,13,101,None,None,0,Low
HEMM-DR02,Drill Rig,2023-10-01,Night,11,Good,71.7,4.61,1.61,28.1,81.5,0.95,24.0,176.8,344.0,1748.0,7696,118,81,None,None,0,Low
HEMM-D002,Dumper,2023-02-19,Night,11,Poor,85.2,4.01,1.15,37.5,86.3,0.76,24.4,164.5,341.7,1777.0,6657,83,44,None,None,0,Low
HEMM-SC01,Scraper,2023-12-12,Night,2,Fair,81.7,5.1,2.56,41.9,80.7,0.85,25.5,194.8,293.7,1920.0,8730,18,65,None,None,0,Medium
HEMM-D002,Dumper,2022-05-19,Night,18,Good,84.9,4.48,1.9,48.0,82.9,0.77,25.3,177.3,336.4,1703.0,6681,99,72,None,None,0,Low
HEMM-L002,Wheel Loader,2021-04-11,Morning,10,Fair,80.7,4.14,1.64,35.6,84.5,0.79,24.2,180.8,314.2,1818.0,7401,55,106,None,None,0,Low
HEMM-B002,Dozer,2023-08-03,Morning,14,Good,77.1,3.99,2.0,32.8,86.1,0.82,24.7,176.6,326.7,1894.0,5023,83,31,None,None,0,Low
HEMM-D005,Dumper,2023-08-08,Night,15,Poor,92.6,3.96,5.59,34.0,73.7,0.97,24.6,194.2,317.5,1634.0,1681,97,2,Transmission,Transmission Failure,1,Critical
HEMM-DR01,Drill Rig,2022-10-25,Afternoon,1,Poor,88.4,4.52,1.29,44.2,78.4,0.88,24.7,174.4,316.0,1849.0,3130,63,53,None,None,0,Low
HEMM-E002,Excavator,2023-07-21,Morning,9,Poor,84.2,4.3,2.02,51.2,86.6,0.92,25.1,179.6,308.3,1638.0,5509,93,123,None,None,0,Low
HEMM-E001,Excavator,2021-09-11,Morning,4,Poor,78.1,4.04,1.21,37.8,85.3,0.91,24.3,190.6,281.5,1652.0,11770,62,108,None,None,0,Medium
HEMM-L002,Wheel Loader,2023-02-26,Night,17,Fair,98.0,4.38,1.68,40.6,82.5,0.76,24.7,188.0,326.6,1614.0,10228,25,82,None,None,0,Medium
HEMM-D002,Dumper,2021-12-16,Afternoon,19,Good,92.9,2.35,1.95,37.0,82.7,1.0,24.9,118.2,316.4,1828.0,11005,115,2,Hydraulics,Hydraulic Failure,1,Critical
HEMM-D002,Dumper,2023-05-10,Afternoon,10,Poor,85.8,4.41,1.28,51.2,84.9,0.8,24.0,163.8,326.9,1737.0,7511,41,119,None,None,0,Low
HEMM-D005,Dumper,2022-02-20,Morning,20,Fair,79.1,4.26,2.37,29.1,83.7,0.9,23.8,168.1,305.7,1894.0,4346,6,59,None,None,0,Low
HEMM-L001,Wheel Loader,2021-01-12,Night,16,Poor,86.5,4.09,2.17,34.2,81.4,0.87,24.9,180.4,335.8,2068.0,4097,32,84,None,None,0,Low
HEMM-DR02,Drill Rig,2023-04-20,Afternoon,3,Good,81.6,4.88,1.69,28.2,80.7,0.91,25.1,186.8,329.6,1732.0,10050,81,149,None,None,0,Medium
HEMM-SC01,Scraper,2022-07-24,Night,18,Good,109.9,4.07,1.2,45.3,86.3,0.55,24.2,180.5,404.9,1775.0,3601,11,5,Engine,Engine Overheat,1,Critical
HEMM-D005,Dumper,2021-03-08,Night,19,Fair,83.3,4.77,2.26,32.9,85.4,0.97,24.5,180.9,322.2,1900.0,10084,43,175,None,None,0,Medium
HEMM-D002,Dumper,2021-08-12,Afternoon,6,Fair,90.2,4.48,1.82,42.6,76.3,0.91,23.6,165.0,352.4,1681.0,2843,91,52,None,None,0,Low
HEMM-SC01,Scraper,2021-12-30,Afternoon,19,Good,98.2,4.28,2.03,39.2,81.2,0.89,24.0,173.9,277.7,1897.0,6101,9,52,None,None,0,Low
HEMM-B003,Dozer,2023-01-25,Afternoon,3,Poor,96.9,2.21,1.91,31.3,75.4,0.95,25.0,109.6,338.3,1774.0,7201,112,7,Hydraulics,Hydraulic Failure,1,Critical
HEMM-D004,Dumper,2022-07-17,Afternoon,17,Good,87.0,4.4,2.29,38.0,74.6,0.86,25.2,169.5,331.7,1843.0,6979,72,127,None,None,0,Low
HEMM-D002,Dumper,2021-08-12,Night,17,Poor,81.2,4.22,2.26,30.9,84.5,0.83,24.3,169.9,301.5,1825.0,1636,66,166,None,None,0,Low
HEMM-B002,Dozer,2023-05-25,Night,11,Poor,76.2,4.01,1.05,47.6,82.8,0.99,24.5,173.7,341.4,1839.0,4454,72,112,None,None,0,Low
HEMM-G001,Grader,2021-09-23,Night,19,Poor,83.5,3.92,1.89,41.1,84.4,0.93,24.5,171.6,336.9,1722.0,8332,71,142,None,None,0,Medium
HEMM-L001,Wheel Loader,2022-01-04,Night,8,Good,115.5,4.57,2.23,32.3,78.8,0.39,24.2,176.1,297.5,1838.0,11809,42,0,Cooling System,Cooling System Failure,1,Critical
HEMM-D004,Dumper,2022-03-01,Night,14,Fair,93.2,4.25,1.39,27.0,89.4,0.82,24.6,181.5,299.5,1737.0,6983,10,94,None,None,0,Low
HEMM-E002,Excavator,2021-01-24,Night,7,Fair,69.8,4.75,1.25,36.1,84.0,0.99,24.6,181.9,355.0,1755.0,11505,41,59,None,None,0,Medium
HEMM-B002,Dozer,2022-09-07,Night,18,Good,105.9,4.26,1.26,47.3,82.5,0.87,24.1,182.4,303.0,1886.0,5507,103,5,Fuel System,Fuel System Failure,1,Critical
HEMM-G002,Grader,2021-03-01,Morning,7,Fair,91.2,4.46,2.95,35.4,76.9,0.89,24.0,179.1,308.1,1821.0,5615,111,56,None,None,0,Low
HEMM-L001,Wheel Loader,2023-08-30,Morning,5,Poor,70.1,4.82,2.01,41.5,82.0,0.89,24.6,164.2,302.0,1722.0,8088,24,67,None,None,0,Medium
HEMM-SC01,Scraper,2022-11-18,Afternoon,14,Poor,75.1,4.27,1.74,36.1,75.2,0.91,24.3,187.4,311.1,1683.0,1117,111,37,None,None,0,Low
HEMM-B003,Dozer,2021-02-08,Morning,19,Fair,105.7,3.97,1.2,39.7,80.5,0.94,19.8,167.3,355.1,1861.0,11431,47,2,Electrical,Electrical Fault,1,Critical
HEMM-D001,Dumper,2022-11-26,Afternoon,18,Poor,81.7,4.48,1.64,35.2,79.6,0.92,24.4,188.0,331.8,1684.0,2919,78,107,None,None,0,Low
HEMM-D004,Dumper,2022-09-24,Night,11,Fair,90.9,4.63,2.07,37.5,87.2,0.85,24.7,180.0,335.2,1762.0,11830,9,36,None,None,0,Medium
HEMM-L001,Wheel Loader,2022-05-02,Afternoon,15,Poor,85.5,4.9,2.18,30.7,82.5,0.88,25.3,183.7,308.2,1675.0,5158,32,157,None,None,0,Low
HEMM-D004,Dumper,2023-02-06,Morning,7,Poor,88.7,2.99,2.07,39.6,79.5,0.85,24.8,87.4,317.9,1616.0,1717,61,7,Hydraulics,Hydraulic Failure,1,Critical
HEMM-E002,Excavator,2022-11-28,Afternoon,17,Fair,87.0,3.08,2.47,41.1,81.3,0.86,23.3,127.4,296.9,2054.0,5284,104,1,Hydraulics,Hydraulic Failure,1,Critical
HEMM-E002,Excavator,2021-03-16,Afternoon,13,Poor,119.3,5.17,1.49,47.1,81.4,0.48,24.1,188.7,381.3,1760.0,11892,115,4,Engine,Engine Overheat,1,Critical
HEMM-D003,Dumper,2022-11-14,Afternoon,2,Poor,97.7,4.12,1.84,31.3,79.8,0.96,24.8,174.3,316.5,1790.0,1889,71,91,None,None,0,Low
HEMM-D001,Dumper,2022-10-02,Night,7,Good,99.2,5.0,2.82,40.4,82.6,0.82,24.0,171.1,307.5,1690.0,5457,30,49,None,None,0,Low
HEMM-SC01,Scraper,2022-10-16,Afternoon,4,Good,90.9,4.64,2.27,29.9,76.6,0.86,24.7,169.0,339.8,1762.0,4667,24,153,None,None,0,Low
HEMM-D001,Dumper,2023-11-19,Morning,7,Poor,87.8,4.33,1.98,43.8,80.1,0.87,24.7,195.7,290.0,1823.0,9088,49,73,None,None,0,Medium
HEMM-D005,Dumper,2022-08-04,Night,8,Fair,80.1,4.35,2.15,29.4,82.4,0.93,25.1,170.7,339.5,1717.0,3006,14,55,None,None,0,Low
HEMM-B003,Dozer,2023-06-28,Morning,5,Poor,138.3,4.21,2.51,41.6,81.5,0.68,24.2,186.8,407.3,1920.0,675,65,6,Engine,Engine Overheat,1,Critical
HEMM-D003,Dumper,2023-05-24,Afternoon,6,Poor,99.3,4.37,2.22,43.3,84.3,0.79,24.3,150.8,316.2,1604.0,11745,81,38,None,None,0,Medium
HEMM-DR02,Drill Rig,2022-12-30,Afternoon,11,Poor,93.3,4.88,2.46,34.9,86.1,0.78,24.2,175.1,299.7,1626.0,3446,96,75,None,None,0,Low
HEMM-D003,Dumper,2023-08-12,Night,5,Poor,76.6,4.9,2.54,41.6,72.0,0.99,25.4,190.3,327.4,1614.0,1722,109,81,None,None,0,Low
HEMM-DR02,Drill Rig,2022-09-28,Night,15,Good,110.3,4.78,2.26,61.6,83.3,0.8,24.8,177.6,264.2,1839.0,7909,34,4,Fuel System,Fuel System Failure,1,Critical
HEMM-G002,Grader,2022-01-11,Night,11,Fair,79.1,5.06,7.12,38.4,57.1,0.85,25.1,175.8,374.1,1923.0,5520,63,7,Tyres,Tyre Burst,1,Critical
HEMM-G001,Grader,2023-09-08,Afternoon,6,Fair,84.5,5.24,1.29,35.9,83.0,0.88,24.3,159.0,346.9,1699.0,4824,103,46,None,None,0,Low
HEMM-D005,Dumper,2023-11-07,Morning,13,Good,84.2,5.02,1.89,35.2,79.7,0.91,24.5,192.0,302.5,1883.0,11902,106,138,None,None,0,Medium
HEMM-D003,Dumper,2022-09-11,Night,15,Fair,77.6,4.54,1.93,41.1,81.2,0.9,24.1,199.4,322.7,1790.0,6766,80,95,None,None,0,Low
HEMM-E003,Excavator,2021-11-22,Afternoon,13,Good,83.4,4.13,2.35,40.7,78.3,0.96,25.9,163.6,318.9,1607.0,1282,48,111,None,None,0,Low
HEMM-DR01,Drill Rig,2023-06-11,Night,11,Good,105.5,4.2,3.03,40.1,84.5,0.52,25.1,172.6,270.1,1915.0,9121,93,1,Cooling System,Cooling System Failure,1,Critical
HEMM-D004,Dumper,2023-08-07,Afternoon,18,Fair,82.7,4.25,7.87,41.4,52.1,0.88,24.2,201.5,319.8,1772.0,1799,110,6,Tyres,Tyre Burst,1,Critical
HEMM-D004,Dumper,2023-02-16,Afternoon,16,Good,140.7,3.79,1.51,41.8,80.6,0.59,25.2,195.2,439.4,1689.0,10767,89,2,Engine,Engine Overheat,1,Critical
HEMM-D005,Dumper,2021-11-02,Afternoon,18,Poor,75.7,4.21,2.28,36.6,86.2,0.93,25.1,181.8,325.0,1603.0,4975,54,49,None,None,0,Low
HEMM-E002,Excavator,2022-02-26,Night,11,Poor,76.0,4.33,1.72,40.2,76.4,0.79,23.6,191.5,299.3,1884.0,5110,77,50,None,None,0,Low
HEMM-DR01,Drill Rig,2022-12-07,Morning,19,Poor,78.6,4.37,2.34,33.1,79.3,0.76,25.1,192.7,341.1,1835.0,333,83,134,None,None,0,Low
HEMM-D005,Dumper,2022-08-26,Morning,12,Good,89.0,4.76,2.05,46.2,82.8,0.98,25.0,183.9,381.0,1824.0,9192,11,39,None,None,0,Medium
HEMM-G001,Grader,2021-08-13,Afternoon,1,Poor,73.0,4.85,2.13,32.4,87.5,0.88,24.6,180.9,331.0,1764.0,4054,60,58,None,None,0,Low
HEMM-B003,Dozer,2023-02-23,Afternoon,13,Good,83.7,4.77,2.03,38.8,70.3,0.89,23.9,179.0,296.4,1959.0,7330,74,179,None,None,0,Low
HEMM-L001,Wheel Loader,2021-10-12,Morning,18,Fair,80.3,4.4,1.82,40.6,91.0,0.77,24.2,176.4,318.8,1869.0,6501,112,150,None,None,0,Low
HEMM-D005,Dumper,2022-08-14,Night,5,Good,84.1,4.32,1.53,36.4,86.4,1.0,24.8,190.9,286.3,1896.0,2400,6,121,None,None,0,Low
HEMM-D005,Dumper,2023-09-24,Night,14,Good,91.6,4.61,2.13,37.3,80.5,0.88,23.6,182.4,315.3,1873.0,2424,15,43,None,None,0,Low
HEMM-DR01,Drill Rig,2023-07-23,Night,20,Good,98.1,4.63,1.92,32.1,72.4,0.86,24.6,195.6,316.6,1824.0,7174,84,164,None,None,0,Low
HEMM-DR01,Drill Rig,2023-07-11,Afternoon,12,Fair,82.2,4.36,1.18,43.7,77.8,0.96,24.8,176.2,306.9,1927.0,3898,28,35,None,None,0,Low
HEMM-L001,Wheel Loader,2022-04-30,Night,17,Poor,78.2,3.82,1.92,38.3,82.2,0.87,25.0,167.7,314.3,1762.0,4611,57,173,None,None,0,Low
HEMM-D002,Dumper,2021-03-19,Night,16,Good,94.9,4.35,2.63,34.1,84.6,0.84,24.9,185.1,297.7,1584.0,11748,52,163,None,None,0,Medium
HEMM-D003,Dumper,2021-10-18,Night,17,Poor,93.3,4.4,4.63,40.9,75.5,0.92,24.3,192.2,308.4,1970.0,4778,64,1,Brakes,Brake Failure,1,Critical
HEMM-L001,Wheel Loader,2021-06-09,Night,18,Poor,125.3,3.86,2.53,50.5,80.8,0.56,25.1,191.9,382.7,1685.0,9696,44,5,Engine,Engine Overheat,1,Critical
HEMM-L001,Wheel Loader,2023-07-19,Night,16,Fair,86.4,4.26,2.73,31.8,79.5,0.89,23.9,162.7,345.3,1703.0,9603,98,107,None,None,0,Medium
HEMM-B002,Dozer,2022-08-16,Morning,2,Poor,77.4,4.69,2.11,39.9,87.4,0.92,23.9,189.5,344.9,1962.0,11587,81,137,None,None,0,Medium
HEMM-B001,Dozer,2021-05-06,Night,16,Poor,124.6,4.43,1.53,50.8,88.4,0.57,24.7,181.2,377.4,1915.0,9672,26,4,Engine,Engine Overheat,1,Critical
HEMM-B002,Dozer,2023-09-20,Morning,5,Fair,88.5,4.1,1.87,42.8,87.1,0.76,24.3,186.7,357.4,1725.0,8483,14,155,None,None,0,Medium
HEMM-B001,Dozer,2022-07-18,Afternoon,1,Good,79.2,4.46,2.57,35.4,81.3,0.86,24.9,183.0,322.7,1757.0,2027,82,39,None,None,0,Low
HEMM-D005,Dumper,2023-07-04,Afternoon,6,Poor,71.7,4.9,1.48,39.1,86.9,0.76,23.5,158.5,359.5,1851.0,4480,105,35,None,None,0,Low
HEMM-E001,Excavator,2023-12-17,Morning,11,Poor,88.7,4.37,1.89,31.9,84.3,0.87,24.2,167.1,292.3,1818.0,1582,23,68,None,None,0,Low
HEMM-D005,Dumper,2023-10-13,Afternoon,13,Fair,94.2,4.64,1.95,37.7,80.9,0.97,24.0,170.6,337.6,1646.0,4098,89,108,None,None,0,Low
HEMM-E001,Excavator,2022-03-08,Night,12,Fair,74.3,4.67,2.44,30.9,82.4,0.94,25.0,187.3,343.4,1855.0,1090,87,148,None,None,0,Low
HEMM-D004,Dumper,2021-04-18,Morning,15,Fair,81.9,4.68,1.67,39.4,85.3,0.81,24.6,174.5,322.5,1749.0,6733,65,144,None,None,0,Low
HEMM-SC01,Scraper,2022-04-24,Afternoon,13,Good,71.3,4.83,2.67,40.0,77.6,0.92,24.4,176.7,291.6,1822.0,7975,38,171,None,None,0,Low
HEMM-DR01,Drill Rig,2021-01-25,Afternoon,15,Fair,73.9,4.67,1.7,22.3,85.2,0.99,24.0,202.4,329.5,1785.0,6458,91,95,None,None,0,Low
HEMM-D002,Dumper,2021-07-19,Night,12,Poor,92.4,5.06,2.17,35.2,85.5,0.98,23.9,180.4,277.3,1679.0,7274,83,47,None,None,0,Low
HEMM-B003,Dozer,2022-07-08,Afternoon,4,Poor,84.0,4.39,2.42,32.2,80.6,0.85,24.3,189.1,314.5,1770.0,4383,88,83,None,None,0,Low
HEMM-E003,Excavator,2022-02-04,Night,11,Good,78.4,4.74,1.96,40.3,83.3,0.99,24.3,178.5,318.8,1861.0,11303,93,128,None,None,0,Medium
HEMM-D001,Dumper,2021-01-18,Morning,1,Poor,94.8,4.27,2.64,60.4,79.5,0.86,24.5,188.3,315.5,1967.0,6937,17,7,Fuel System,Fuel System Failure,1,Critical
HEMM-E003,Excavator,2022-08-04,Afternoon,7,Poor,77.2,3.89,5.27,32.6,42.1,1.0,25.5,192.4,288.6,2006.0,757,8,3,Tyres,Tyre Burst,1,Critical
HEMM-D004,Dumper,2021-06-26,Night,5,Poor,78.3,4.9,1.95,37.7,83.7,0.96,24.4,203.1,339.2,1733.0,6359,89,53,None,None,0,Low
HEMM-E001,Excavator,2021-08-16,Night,6,Fair,89.2,4.89,2.1,35.1,89.2,0.82,25.3,188.9,304.2,1764.0,4350,42,35,None,None,0,Low
HEMM-D003,Dumper,2023-07-18,Afternoon,14,Poor,72.0,4.33,2.43,39.5,79.3,0.75,23.8,178.9,323.4,1805.0,11541,120,142,None,None,0,Medium
HEMM-B003,Dozer,2022-06-12,Morning,3,Good,85.3,5.04,2.31,38.0,82.9,0.82,24.6,165.0,324.9,1721.0,4743,104,160,None,None,0,Low
HEMM-B003,Dozer,2021-05-04,Afternoon,9,Good,62.4,4.42,2.36,40.1,77.5,0.76,24.6,179.6,316.6,1711.0,3115,61,43,None,None,0,Low
HEMM-E002,Excavator,2023-03-16,Morning,16,Poor,105.2,4.0,2.07,32.4,78.2,0.82,23.7,182.0,329.4,1880.0,1976,23,163,None,None,0,High
HEMM-E002,Excavator,2021-08-06,Afternoon,9,Good,106.1,5.2,1.77,40.1,77.2,0.6,25.0,174.8,288.0,1949.0,1892,9,4,Cooling System,Cooling System Failure,1,Critical
HEMM-D001,Dumper,2023-10-17,Morning,1,Fair,71.4,4.08,2.57,35.3,84.8,0.82,24.5,193.8,311.9,2004.0,819,90,154,None,None,0,Low
HEMM-B003,Dozer,2023-03-13,Night,1,Fair,100.9,4.1,1.99,47.3,80.4,1.0,24.6,159.7,313.5,1885.0,8644,95,83,None,None,0,High
HEMM-G002,Grader,2021-05-24,Night,8,Poor,81.3,4.11,1.88,37.4,86.3,0.85,24.6,187.3,347.6,1701.0,254,54,148,None,None,0,Low
HEMM-L001,Wheel Loader,2021-09-06,Night,18,Poor,82.3,4.44,2.26,38.3,89.5,0.95,24.1,194.1,295.9,1720.0,6080,47,44,None,None,0,Low
HEMM-D002,Dumper,2021-07-05,Afternoon,18,Fair,80.0,4.97,1.74,32.0,84.7,0.94,25.5,174.0,280.0,1613.0,5771,15,162,None,None,0,Low
HEMM-B002,Dozer,2022-02-20,Morning,18,Poor,82.2,4.53,2.26,42.2,84.4,0.92,25.1,200.1,324.9,1827.0,844,54,101,None,None,0,Low
HEMM-G002,Grader,2021-08-07,Night,12,Poor,76.0,4.0,1.67,36.2,80.7,0.9,24.1,181.0,318.3,1809.0,8170,15,68,None,None,0,Medium
HEMM-E002,Excavator,2021-10-14,Morning,7,Poor,96.1,3.8,2.26,45.4,65.8,0.76,25.2,172.1,287.3,1806.0,615,97,171,None,None,0,Medium
HEMM-G002,Grader,2021-05-10,Night,10,Fair,82.6,5.3,1.88,41.5,84.8,0.95,24.3,169.0,320.9,1863.0,8386,73,45,None,None,0,Medium
HEMM-D001,Dumper,2021-03-17,Afternoon,2,Poor,75.8,4.35,4.12,38.6,80.9,0.97,24.8,181.7,323.9,2105.0,5733,105,1,Brakes,Brake Failure,1,Critical
HEMM-L002,Wheel Loader,2023-07-28,Night,18,Poor,78.2,3.86,1.57,43.2,83.8,0.89,25.2,162.5,313.5,1565.0,2640,99,45,None,None,0,Low
HEMM-D003,Dumper,2021-03-17,Night,5,Good,71.5,4.75,2.14,33.0,75.9,0.9,24.3,203.3,323.4,1797.0,8210,88,147,None,None,0,Medium
HEMM-D002,Dumper,2022-05-13,Night,5,Poor,93.2,4.5,6.33,26.3,37.3,0.81,25.0,180.2,272.0,1737.0,435,27,4,Tyres,Tyre Burst,1,Critical
HEMM-DR02,Drill Rig,2021-12-16,Night,3,Fair,84.2,4.81,1.83,41.1,84.6,0.84,25.1,182.7,302.0,1759.0,1942,19,30,None,None,0,Low
HEMM-E003,Excavator,2021-05-10,Morning,14,Poor,75.3,4.38,2.08,33.2,79.3,0.97,24.4,186.3,304.7,1885.0,5727,108,131,None,None,0,Low
HEMM-B003,Dozer,2021-09-05,Night,19,Fair,80.2,4.53,1.95,43.9,76.8,0.82,25.2,183.8,317.3,1825.0,9143,22,132,None,None,0,Medium
HEMM-E002,Excavator,2021-04-04,Night,6,Good,72.8,5.49,2.01,39.6,77.0,0.85,25.1,173.0,323.1,1722.0,5696,13,174,None,None,0,Low
HEMM-DR01,Drill Rig,2021-12-11,Night,12,Fair,80.0,5.46,2.58,30.7,79.1,0.91,24.5,168.8,307.8,1849.0,9267,26,96,None,None,0,Medium
HEMM-D002,Dumper,2021-10-01,Morning,20,Good,87.0,5.01,7.71,36.1,45.5,0.92,24.5,186.1,312.7,1954.0,6362,104,7,Tyres,Tyre Burst,1,Critical
HEMM-D001,Dumper,2021-01-15,Morning,3,Poor,83.1,4.33,2.16,35.7,80.8,0.88,24.7,186.5,310.5,1666.0,11779,88,109,None,None,0,Medium
HEMM-DR01,Drill Rig,2023-09-02,Night,5,Poor,88.4,4.66,2.01,42.5,79.3,0.89,24.7,175.8,288.8,1666.0,3577,23,172,None,None,0,Low
HEMM-DR02,Drill Rig,2023-04-24,Morning,6,Good,90.9,4.51,2.24,36.7,83.3,0.76,24.3,169.1,305.9,1699.0,10203,93,49,None,None,0,Medium
HEMM-L001,Wheel Loader,2021-06-30,Night,10,Good,93.4,4.9,2.1,35.7,85.3,0.81,25.1,191.4,314.9,1920.0,5899,58,88,None,None,0,Low
HEMM-E002,Excavator,2021-08-29,Night,4,Poor,92.0,4.93,1.97,37.4,75.9,0.78,23.9,176.2,292.9,1654.0,10340,51,122,None,None,0,Medium
HEMM-DR02,Drill Rig,2022-03-03,Afternoon,2,Good,81.4,4.34,2.04,29.9,76.2,0.94,24.7,185.0,315.4,1722.0,3373,19,116,None,None,0,Low
HEMM-L001,Wheel Loader,2023-10-16,Morning,6,Good,100.4,4.71,1.79,36.2,79.9,0.81,24.4,182.9,316.1,1947.0,11179,10,175,None,None,0,High
HEMM-B002,Dozer,2022-03-06,Afternoon,9,Fair,85.5,2.93,2.08,33.6,81.2,0.79,24.6,137.8,316.8,1833.0,5677,83,0,Hydraulics,Hydraulic Failure,1,Critical
HEMM-E001,Excavator,2021-03-01,Afternoon,17,Good,91.0,4.27,2.39,39.9,88.2,0.78,23.4,184.8,333.2,1875.0,2101,14,30,None,None,0,Low
HEMM-B003,Dozer,2023-05-09,Morning,11,Good,85.4,4.43,1.34,33.0,86.5,0.98,24.7,176.8,346.7,1898.0,3969,104,33,None,None,0,Low
HEMM-D004,Dumper,2022-05-01,Night,14,Good,114.6,4.26,2.13,39.8,77.9,0.51,25.3,170.4,362.2,1799.0,3476,53,7,Engine,Engine Overheat,1,Critical
HEMM-DR01,Drill Rig,2021-10-24,Morning,20,Fair,78.6,5.2,2.41,42.0,81.5,0.86,25.3,167.1,329.0,1834.0,7654,27,116,None,None,0,Low
HEMM-DR02,Drill Rig,2022-02-02,Night,12,Fair,87.9,4.12,1.79,39.4,80.1,0.86,20.6,175.8,329.7,2053.0,4618,30,0,Electrical,Electrical Fault,1,Critical
HEMM-D005,Dumper,2021-08-16,Afternoon,15,Fair,95.5,4.27,2.75,38.8,78.6,0.82,24.2,173.1,346.8,1716.0,7052,26,77,None,None,0,Low
HEMM-B002,Dozer,2021-11-18,Night,20,Poor,81.8,4.85,2.21,40.3,85.6,0.99,24.9,180.2,300.4,1739.0,2984,78,117,None,None,0,Low
HEMM-D003,Dumper,2023-04-24,Night,16,Fair,67.1,5.04,1.6,48.5,85.2,0.97,23.9,190.5,312.2,1604.0,3746,80,98,None,None,0,Low
HEMM-B001,Dozer,2021-01-30,Night,14,Fair,74.1,4.88,2.24,33.4,83.7,0.78,23.5,194.1,329.3,1793.0,4241,36,32,None,None,0,Low
HEMM-E003,Excavator,2021-11-02,Night,1,Good,89.2,4.25,2.15,37.2,86.4,0.77,23.8,187.8,305.4,1878.0,7044,10,135,None,None,0,Low
HEMM-L002,Wheel Loader,2021-03-10,Afternoon,17,Poor,85.4,4.44,2.43,41.8,80.7,0.96,24.8,167.5,348.7,1614.0,6660,66,156,None,None,0,Low
HEMM-DR02,Drill Rig,2023-10-12,Morning,3,Good,80.1,4.87,2.83,38.6,81.7,0.92,24.4,189.5,306.2,1723.0,9350,101,164,None,None,0,Medium
HEMM-DR01,Drill Rig,2022-03-23,Morning,12,Poor,90.3,3.9,2.52,37.2,86.8,0.93,24.4,171.8,310.0,1724.0,5046,35,47,None,None,0,Low
HEMM-D001,Dumper,2023-09-10,Night,10,Fair,92.6,4.52,2.03,46.9,75.6,0.81,23.7,180.5,314.0,1736.0,2850,95,102,None,None,0,Low
HEMM-D001,Dumper,2023-07-21,Afternoon,5,Good,80.0,4.12,2.67,48.0,85.6,0.99,24.4,172.9,317.0,1637.0,11720,56,41,None,None,0,Medium
HEMM-G001,Grader,2023-08-09,Night,1,Fair,92.2,5.0,2.76,34.7,82.3,0.89,24.3,168.8,308.5,1790.0,10477,14,82,None,None,0,Medium
HEMM-B003,Dozer,2023-12-24,Morning,10,Fair,79.1,3.82,2.15,35.2,80.4,0.96,23.9,184.4,323.5,1785.0,7177,101,65,None,None,0,Low
HEMM-SC01,Scraper,2022-03-01,Night,3,Fair,83.8,4.33,1.93,33.2,77.5,0.96,25.0,184.7,318.7,1818.0,10365,117,179,None,None,0,Medium
HEMM-D002,Dumper,2023-11-21,Night,12,Fair,88.0,5.06,1.95,41.4,85.0,0.84,25.6,169.1,316.3,1834.0,1044,19,112,None,None,0,Low
HEMM-D002,Dumper,2023-01-19,Afternoon,6,Poor,81.6,3.72,1.41,41.7,79.7,0.78,24.3,148.2,305.8,1715.0,10819,76,3,Hydraulics,Hydraulic Failure,1,Critical
HEMM-B003,Dozer,2022-05-04,Night,4,Poor,86.8,5.1,1.9,36.8,76.3,0.79,24.9,191.0,335.3,1786.0,10833,66,140,None,None,0,Medium
HEMM-E002,Excavator,2022-04-07,Afternoon,12,Poor,92.5,5.17,1.93,34.4,80.5,0.91,24.0,164.7,325.4,1915.0,4580,69,162,None,None,0,Low
HEMM-D002,Dumper,2021-05-10,Afternoon,12,Poor,72.4,3.81,1.84,43.9,75.7,0.96,24.3,167.2,326.1,1555.0,7612,67,158,None,None,0,Low
HEMM-D004,Dumper,2023-08-21,Night,18,Poor,82.5,4.28,2.05,42.9,79.1,0.93,24.4,188.6,350.5,1520.0,11313,110,100,None,None,0,Medium
HEMM-DR02,Drill Rig,2023-01-24,Night,3,Fair,88.5,2.4,1.69,37.6,86.8,0.98,24.5,110.1,330.0,1697.0,3285,119,6,Hydraulics,Hydraulic Failure,1,Critical
HEMM-B002,Dozer,2021-06-07,Morning,6,Poor,90.9,4.87,4.49,30.9,86.5,0.87,24.5,185.4,358.4,1870.0,4721,19,2,Brakes,Brake Failure,1,Critical
HEMM-L002,Wheel Loader,2021-02-16,Afternoon,14,Good,81.0,4.24,1.1,29.6,81.1,0.96,23.9,173.4,309.4,1704.0,11380,74,118,None,None,0,Medium
HEMM-DR01,Drill Rig,2023-06-29,Night,1,Good,103.5,4.49,2.13,58.6,86.5,0.94,24.8,194.2,323.4,1634.0,4976,29,3,Fuel System,Fuel System Failure,1,Critical
HEMM-DR01,Drill Rig,2022-12-04,Night,11,Poor,91.9,4.35,1.38,36.2,88.6,0.77,24.7,174.7,338.0,1991.0,8165,80,55,None,None,0,Medium
HEMM-SC01,Scraper,2023-07-01,Afternoon,10,Fair,77.0,4.99,5.78,34.7,88.6,0.85,25.0,182.8,319.9,2016.0,9493,21,4,Brakes,Brake Failure,1,Critical
HEMM-L001,Wheel Loader,2023-02-01,Afternoon,2,Fair,73.9,4.04,1.39,36.9,85.7,0.91,24.4,182.8,263.8,1784.0,2630,50,105,None,None,0,Low
HEMM-E001,Excavator,2021-11-26,Night,18,Good,89.5,4.44,1.3,43.1,85.0,0.82,24.6,185.9,320.1,1854.0,4873,28,165,None,None,0,Low
HEMM-D005,Dumper,2021-11-27,Morning,4,Poor,103.1,4.55,2.04,50.6,86.0,0.87,24.5,178.7,337.9,1791.0,874,45,4,Fuel System,Fuel System Failure,1,Critical
HEMM-E001,Excavator,2022-02-25,Night,2,Fair,87.1,2.66,2.24,34.9,80.7,0.98,24.6,111.3,295.4,1788.0,11104,45,7,Hydraulics,Hydraulic Failure,1,Critical
HEMM-SC01,Scraper,2022-09-10,Morning,1,Good,87.8,4.11,2.25,37.7,82.6,0.96,24.6,174.4,317.2,1821.0,6828,68,86,None,None,0,Low
HEMM-B003,Dozer,2021-11-16,Morning,18,Poor,88.4,3.7,2.24,35.2,79.9,0.87,24.7,173.2,343.0,1752.0,8513,47,44,None,None,0,Medium
HEMM-L001,Wheel Loader,2022-08-17,Night,5,Fair,86.1,4.63,1.85,45.4,80.2,0.99,23.9,182.5,328.2,1877.0,9460,98,50,None,None,0,Medium
HEMM-D004,Dumper,2023-09-08,Morning,5,Good,82.6,4.75,2.01,51.8,69.9,0.8,24.1,177.0,351.7,1840.0,11308,75,103,None,None,0,Medium
HEMM-G002,Grader,2022-03-28,Afternoon,12,Good,86.3,4.55,2.06,44.0,75.3,0.79,23.7,182.0,323.9,1968.0,1715,46,94,None,None,0,Low
HEMM-E002,Excavator,2023-12-15,Morning,9,Good,88.1,3.75,1.8,35.5,89.1,0.78,24.9,181.8,299.6,1730.0,3406,7,105,None,None,0,Low
HEMM-DR02,Drill Rig,2021-06-28,Night,13,Fair,73.1,4.57,1.62,35.0,87.0,0.99,23.9,177.8,359.5,1762.0,3385,67,39,None,None,0,Low
HEMM-L002,Wheel Loader,2021-04-25,Night,12,Poor,103.4,4.09,2.33,31.4,82.6,0.81,25.0,179.8,332.2,1699.0,6713,23,163,None,None,0,High
HEMM-G001,Grader,2023-03-02,Afternoon,1,Fair,80.7,4.26,1.85,31.9,82.2,0.9,24.6,168.5,297.1,1564.0,4863,49,65,None,None,0,Low
HEMM-DR02,Drill Rig,2021-06-29,Morning,15,Fair,80.4,4.86,1.83,35.3,72.1,0.82,24.0,185.2,306.9,1698.0,7009,107,147,None,None,0,Low
HEMM-DR01,Drill Rig,2023-04-29,Morning,19,Good,78.5,3.97,1.54,36.6,88.4,0.8,24.7,176.6,330.0,1994.0,9996,16,70,None,None,0,Medium
HEMM-L001,Wheel Loader,2023-12-12,Afternoon,3,Fair,79.8,4.46,2.57,36.9,75.9,0.75,20.1,175.6,319.2,1827.0,9877,101,6,Electrical,Electrical Fault,1,Critical
HEMM-DR01,Drill Rig,2021-12-25,Night,15,Good,107.3,4.74,2.23,34.9,77.6,0.78,24.8,200.5,332.1,1847.0,11836,77,141,None,None,0,High
HEMM-G002,Grader,2022-08-16,Night,16,Fair,94.9,4.9,1.34,37.0,81.3,0.84,24.1,170.7,299.0,1833.0,891,110,90,None,None,0,Low
HEMM-B002,Dozer,2023-10-09,Night,15,Good,123.6,4.67,2.4,36.9,81.8,0.52,23.9,184.5,330.9,1691.0,3878,8,4,Cooling System,Cooling System Failure,1,Critical
HEMM-D004,Dumper,2022-08-13,Afternoon,6,Poor,75.0,4.33,2.47,38.6,86.4,0.91,25.3,173.0,286.6,1737.0,8259,93,170,None,None,0,Medium
HEMM-D004,Dumper,2022-07-22,Afternoon,3,Fair,92.8,4.87,2.15,32.4,81.8,0.82,25.1,195.8,359.3,1833.0,10012,100,154,None,None,0,Medium
HEMM-DR01,Drill Rig,2022-06-13,Night,16,Good,86.7,4.89,1.71,42.0,84.6,0.85,24.6,187.2,338.0,1812.0,11574,109,171,None,None,0,Medium
HEMM-D001,Dumper,2022-06-16,Morning,19,Fair,79.8,3.81,2.42,38.2,79.9,0.85,24.6,182.7,309.7,1859.0,1158,23,125,None,None,0,Low
HEMM-D005,Dumper,2023-01-02,Morning,2,Fair,96.4,4.92,2.81,40.1,81.8,0.85,23.7,182.3,305.0,1621.0,4667,51,77,None,None,0,Low
HEMM-G001,Grader,2021-04-10,Afternoon,10,Good,84.7,4.77,2.24,35.7,90.5,0.89,24.0,177.1,332.3,1568.0,8877,86,174,None,None,0,Medium
HEMM-E001,Excavator,2021-07-13,Night,6,Fair,82.5,4.72,2.19,36.7,79.4,0.78,24.6,183.9,299.3,1865.0,9108,46,177,None,None,0,Medium
HEMM-B002,Dozer,2022-07-10,Night,12,Poor,88.4,4.27,2.65,50.4,79.9,0.77,24.0,168.2,286.1,1848.0,1770,73,72,None,None,0,Low
HEMM-D005,Dumper,2021-01-27,Morning,17,Fair,77.7,4.78,2.34,41.0,88.1,0.85,24.2,191.1,335.0,1683.0,4810,52,93,None,None,0,Low
HEMM-E001,Excavator,2021-07-29,Morning,5,Good,82.5,4.42,2.3,35.2,78.6,0.86,24.0,172.3,348.7,1819.0,8447,33,144,None,None,0,Medium
HEMM-SC01,Scraper,2023-12-13,Night,18,Good,90.2,4.65,2.53,25.9,81.6,0.87,24.6,184.9,293.1,1593.0,11705,101,161,None,None,0,Medium
HEMM-D003,Dumper,2021-08-27,Morning,1,Fair,93.1,4.98,1.69,43.0,78.9,0.94,24.9,170.8,307.9,1946.0,8056,49,163,None,None,0,Medium
HEMM-D005,Dumper,2023-06-25,Night,17,Poor,91.6,4.52,1.57,40.3,79.1,0.9,25.4,181.1,354.7,1859.0,5804,27,102,None,None,0,Low
HEMM-D004,Dumper,2022-04-01,Morning,5,Fair,91.7,4.26,6.21,30.4,43.0,0.93,24.6,175.5,333.4,1881.0,11472,34,2,Tyres,Tyre Burst,1,Critical
HEMM-DR01,Drill Rig,2021-08-17,Morning,1,Fair,117.9,4.31,2.19,38.3,77.9,0.54,24.6,181.2,366.7,1774.0,8134,101,1,Engine,Engine Overheat,1,Critical
HEMM-L002,Wheel Loader,2021-05-02,Afternoon,4,Good,86.0,5.2,2.02,36.5,80.4,0.83,24.2,166.8,357.0,1860.0,4345,10,134,None,None,0,Low
HEMM-D001,Dumper,2021-07-17,Morning,20,Good,83.2,3.83,2.19,30.8,82.6,0.92,24.6,176.1,372.9,1765.0,3565,80,158,None,None,0,Low
HEMM-G001,Grader,2021-03-01,Morning,5,Fair,83.3,4.52,1.97,40.3,84.0,0.93,24.8,190.8,344.2,1923.0,4744,79,133,None,None,0,Low
HEMM-L002,Wheel Loader,2022-05-11,Night,19,Poor,95.9,4.18,2.16,28.8,75.3,0.99,24.3,171.4,298.1,1836.0,1319,17,46,None,None,0,Low
HEMM-L002,Wheel Loader,2022-03-21,Night,7,Poor,82.0,4.03,4.16,35.1,73.0,0.85,24.4,196.0,333.5,1934.0,4817,26,1,Brakes,Brake Failure,1,Critical
HEMM-L002,Wheel Loader,2023-08-31,Afternoon,19,Poor,97.5,4.14,1.75,46.8,82.9,0.99,25.5,183.4,297.3,1660.0,3233,61,147,None,None,0,Low
HEMM-E001,Excavator,2022-12-28,Afternoon,14,Good,84.7,4.47,2.53,34.5,89.5,0.89,24.6,176.7,309.4,1866.0,3710,70,131,None,None,0,Low
HEMM-B003,Dozer,2021-09-11,Afternoon,4,Fair,84.5,4.11,2.25,45.1,81.1,0.88,24.1,179.7,322.4,1762.0,8715,22,52,None,None,0,Medium
HEMM-B002,Dozer,2021-03-25,Morning,11,Fair,74.4,4.22,1.62,33.7,80.2,0.95,24.1,182.1,297.0,1989.0,8288,19,96,None,None,0,Medium
HEMM-B002,Dozer,2023-06-29,Morning,18,Fair,90.4,4.09,1.98,40.8,75.6,0.97,24.6,185.8,321.1,1792.0,6872,42,41,None,None,0,Low
HEMM-D003,Dumper,2023-09-02,Night,12,Poor,75.3,3.88,2.04,42.9,81.1,0.88,24.0,173.8,330.1,1921.0,3137,6,120,None,None,0,Low
HEMM-D004,Dumper,2023-03-23,Afternoon,17,Good,92.6,3.19,5.15,39.8,80.8,0.93,25.0,192.8,322.4,1374.0,10989,91,6,Transmission,Transmission Failure,1,Critical
HEMM-D004,Dumper,2021-12-12,Morning,12,Good,84.1,4.85,2.05,30.6,85.7,0.82,25.1,180.0,316.9,1771.0,3461,48,38,None,None,0,Low
HEMM-G002,Grader,2021-09-09,Morning,14,Poor,86.9,4.46,2.26,43.7,76.9,0.99,24.5,171.6,314.7,1908.0,8377,40,167,None,None,0,Medium
HEMM-B001,Dozer,2023-03-31,Afternoon,16,Fair,84.9,4.07,1.77,36.7,84.0,0.97,24.7,193.7,295.6,1918.0,11122,82,141,None,None,0,Medium
HEMM-L002,Wheel Loader,2022-07-26,Morning,15,Fair,65.5,4.5,1.77,38.7,86.4,0.8,24.5,186.7,317.8,1609.0,1970,20,176,None,None,0,Low
HEMM-E003,Excavator,2021-10-03,Morning,4,Good,77.3,4.78,1.26,39.2,83.3,0.89,24.4,176.1,347.2,1651.0,1065,111,154,None,None,0,Low
HEMM-D001,Dumper,2022-01-02,Afternoon,20,Good,87.3,4.73,2.25,43.1,81.0,0.96,24.4,186.7,354.8,1841.0,11328,46,99,None,None,0,Medium
HEMM-D004,Dumper,2021-06-06,Night,17,Fair,75.1,4.64,2.42,34.8,75.3,0.93,24.3,185.2,352.4,1748.0,8264,106,140,None,None,0,Medium
HEMM-L001,Wheel Loader,2023-10-02,Night,9,Poor,96.2,4.84,2.16,32.8,81.6,0.98,24.4,191.6,316.3,1778.0,9087,48,86,None,None,0,Medium
HEMM-D002,Dumper,2023-06-01,Morning,13,Fair,79.9,4.33,1.99,38.2,85.6,0.77,24.4,171.3,323.2,1836.0,7574,45,33,None,None,0,Low
HEMM-D002,Dumper,2021-03-09,Morning,18,Fair,84.9,4.61,2.77,44.0,84.4,0.8,24.8,184.7,313.4,1843.0,11003,115,165,None,None,0,Medium
HEMM-E001,Excavator,2023-10-04,Afternoon,5,Fair,94.3,4.16,2.28,36.6,86.5,0.76,25.1,172.5,327.8,1644.0,5319,96,60,None,None,0,Low
HEMM-D004,Dumper,2023-10-02,Night,18,Poor,89.3,5.27,1.78,35.4,78.6,0.84,24.0,171.2,316.5,1810.0,11429,74,141,None,None,0,Medium
HEMM-SC01,Scraper,2021-11-17,Night,2,Fair,82.8,5.05,1.67,48.5,74.2,0.89,24.5,182.1,327.6,1763.0,6612,38,157,None,None,0,Low
HEMM-G002,Grader,2022-12-24,Afternoon,11,Poor,115.9,4.51,1.79,55.5,75.6,0.76,24.8,174.3,336.2,1735.0,1206,8,5,Fuel System,Fuel System Failure,1,Critical
HEMM-D001,Dumper,2022-11-30,Afternoon,4,Fair,92.3,4.8,1.71,36.9,79.0,0.88,24.6,162.7,314.3,1750.0,7214,49,76,None,None,0,Low
HEMM-D002,Dumper,2022-05-16,Morning,8,Poor,89.1,4.93,1.69,35.3,89.6,0.81,18.7,167.4,311.9,1695.0,10818,44,1,Electrical,Electrical Fault,1,Critical
HEMM-D004,Dumper,2022-11-23,Morning,1,Good,81.3,4.44,1.84,30.9,81.3,0.83,24.8,173.3,337.8,1940.0,9021,46,131,None,None,0,Medium
HEMM-DR01,Drill Rig,2023-11-21,Afternoon,9,Fair,80.9,4.26,1.64,38.3,89.9,0.88,23.7,185.0,280.2,1764.0,534,94,95,None,None,0,Low
HEMM-B003,Dozer,2023-02-13,Night,13,Good,86.0,4.5,2.35,32.7,80.2,0.97,24.9,178.2,312.6,1904.0,5482,78,101,None,None,0,Low
HEMM-D004,Dumper,2022-02-26,Afternoon,16,Poor,74.0,5.21,1.69,36.9,83.3,0.99,24.2,195.1,335.5,1721.0,8437,108,97,None,None,0,Medium
HEMM-B002,Dozer,2023-01-15,Afternoon,7,Good,92.0,4.27,1.29,49.2,73.2,0.82,25.2,189.6,340.6,1720.0,8342,86,80,None,None,0,Medium
HEMM-SC01,Scraper,2022-03-15,Afternoon,9,Poor,82.6,4.24,1.95,35.2,83.0,0.92,23.8,155.1,344.3,1909.0,978,43,155,None,None,0,Low
HEMM-E003,Excavator,2021-07-08,Night,19,Fair,82.1,4.18,1.39,42.4,90.4,0.99,24.2,169.1,341.0,1821.0,1752,80,154,None,None,0,Low
HEMM-L002,Wheel Loader,2023-09-01,Afternoon,7,Good,80.8,4.42,1.26,31.1,81.9,0.83,24.6,167.4,287.0,1847.0,5890,106,154,None,None,0,Low
HEMM-B002,Dozer,2023-10-31,Afternoon,14,Fair,79.6,5.67,2.19,38.1,87.3,0.98,25.0,184.0,320.3,1799.0,11070,74,119,None,None,0,Medium
HEMM-G002,Grader,2022-05-30,Night,17,Poor,89.2,4.33,1.73,39.1,76.1,0.8,24.5,169.6,335.7,1853.0,7625,90,71,None,None,0,Low
HEMM-D001,Dumper,2023-11-24,Morning,19,Poor,71.7,4.37,1.78,37.6,79.7,0.96,25.0,189.4,296.5,1925.0,8378,32,141,None,None,0,Medium
HEMM-DR02,Drill Rig,2022-07-03,Night,18,Fair,82.1,4.26,1.2,38.4,81.9,0.97,24.6,167.0,312.7,1742.0,10266,114,131,None,None,0,Medium
HEMM-D002,Dumper,2023-12-06,Morning,12,Good,78.1,3.51,6.88,33.2,80.0,0.9,24.0,191.5,358.0,1533.0,7777,23,4,Transmission,Transmission Failure,1,Critical
HEMM-DR01,Drill Rig,2022-10-15,Morning,7,Fair,77.9,3.66,2.24,40.9,88.3,0.86,24.7,174.4,323.5,1868.0,6957,39,84,None,None,0,Low
HEMM-B001,Dozer,2022-04-29,Afternoon,8,Good,110.5,4.16,2.52,38.2,78.4,0.41,25.1,181.4,350.8,1933.0,2060,24,4,Cooling System,Cooling System Failure,1,Critical
HEMM-L001,Wheel Loader,2023-06-13,Afternoon,2,Fair,94.1,4.83,1.89,36.0,81.4,0.78,18.3,196.5,311.1,1685.0,3509,25,4,Electrical,Electrical Fault,1,Critical
HEMM-SC01,Scraper,2021-12-27,Night,2,Good,108.9,3.97,1.53,48.9,83.7,0.91,24.4,192.6,342.4,1933.0,8160,105,1,Fuel System,Fuel System Failure,1,Critical
HEMM-B002,Dozer,2021-05-11,Afternoon,12,Good,90.1,4.67,1.64,30.1,86.2,0.76,24.3,191.0,296.6,1618.0,11204,89,48,None,None,0,Medium
HEMM-D005,Dumper,2022-04-29,Morning,19,Poor,99.9,4.13,1.75,45.1,77.4,0.86,23.9,187.3,328.4,1934.0,8396,20,143,None,None,0,Medium
HEMM-L002,Wheel Loader,2022-05-31,Afternoon,3,Good,79.5,3.94,1.48,30.7,86.0,0.79,23.7,183.5,327.9,1917.0,4100,81,65,None,None,0,Low
HEMM-B003,Dozer,2022-11-06,Night,13,Good,84.4,4.61,4.9,36.0,84.2,0.95,24.7,175.3,316.5,2093.0,4065,59,2,Brakes,Brake Failure,1,Critical
HEMM-B001,Dozer,2023-06-20,Afternoon,9,Fair,71.9,3.67,2.36,30.1,83.9,0.79,23.9,178.1,310.4,1839.0,9858,12,105,None,None,0,Medium
HEMM-D004,Dumper,2022-10-11,Night,14,Good,82.9,4.58,1.48,34.9,81.9,0.75,24.3,157.8,303.2,1673.0,7980,92,76,None,None,0,Low
HEMM-D005,Dumper,2023-01-14,Afternoon,12,Poor,87.8,4.6,2.17,37.3,86.8,0.92,24.8,180.9,355.5,1778.0,5249,7,42,None,None,0,Low
HEMM-D002,Dumper,2021-04-22,Night,8,Fair,100.1,4.72,1.81,41.8,83.6,0.95,25.1,173.3,302.9,1681.0,4344,75,179,None,None,0,High
HEMM-G001,Grader,2021-09-07,Night,8,Good,85.1,4.5,1.77,29.9,80.1,0.87,23.9,190.0,304.9,1950.0,7448,54,162,None,None,0,Low
HEMM-G002,Grader,2022-06-08,Afternoon,3,Good,79.5,4.57,2.12,39.9,80.9,0.85,25.1,182.8,331.1,1739.0,4057,43,57,None,None,0,Low
HEMM-E001,Excavator,2023-06-18,Night,11,Good,84.7,3.83,1.75,38.9,83.5,0.88,25.4,187.3,287.8,1712.0,10758,57,46,None,None,0,Medium
HEMM-D003,Dumper,2023-10-04,Afternoon,14,Fair,94.3,4.39,1.43,37.4,81.0,0.88,23.7,165.0,292.3,1802.0,5651,96,111,None,None,0,Low
HEMM-D004,Dumper,2021-11-25,Night,9,Fair,93.6,4.42,1.68,39.1,89.9,0.81,24.7,191.2,316.1,1748.0,8495,13,36,None,None,0,Medium
HEMM-SC01,Scraper,2022-11-01,Afternoon,1,Poor,79.1,4.16,2.58,45.2,78.5,0.81,24.0,184.6,321.8,1875.0,1053,87,56,None,None,0,Low
HEMM-DR02,Drill Rig,2021-10-06,Morning,13,Fair,76.0,4.97,2.16,36.3,80.2,0.8,24.3,169.3,320.5,1817.0,3478,85,129,None,None,0,Low
HEMM-D003,Dumper,2021-08-15,Morning,8,Poor,88.4,4.43,1.84,37.9,82.6,0.78,24.7,177.4,288.8,1656.0,8660,96,79,None,None,0,Medium
HEMM-DR01,Drill Rig,2022-10-17,Afternoon,16,Good,91.2,4.63,1.73,40.0,78.8,0.93,24.3,185.1,325.9,1967.0,2387,38,149,None,None,0,Low
HEMM-B003,Dozer,2022-08-01,Morning,3,Good,96.0,5.08,1.29,33.6,86.5,0.87,24.1,171.7,317.1,1862.0,6991,52,45,None,None,0,Low
HEMM-G002,Grader,2022-04-05,Morning,1,Poor,105.1,5.21,1.72,43.3,84.0,0.92,24.5,186.4,305.8,1756.0,9350,87,59,None,None,0,High
HEMM-D003,Dumper,2023-08-06,Morning,9,Good,73.2,4.63,1.73,29.8,86.9,0.76,20.2,199.3,332.7,1721.0,11689,114,6,Electrical,Electrical Fault,1,Critical
HEMM-D005,Dumper,2021-07-02,Afternoon,6,Good,78.5,4.07,1.86,41.3,76.5,0.78,24.2,190.0,324.7,1865.0,9493,20,117,None,None,0,Medium
HEMM-DR01,Drill Rig,2023-07-19,Night,16,Poor,93.6,5.0,2.5,40.3,84.5,0.86,25.3,189.3,259.6,1958.0,2141,33,77,None,None,0,Low
HEMM-B001,Dozer,2022-08-13,Night,16,Fair,65.9,4.44,1.8,32.5,82.0,0.92,23.4,176.1,333.3,1915.0,6459,21,58,None,None,0,Low
HEMM-E002,Excavator,2022-08-03,Night,7,Fair,102.9,4.19,2.58,42.3,80.2,0.81,24.5,165.3,287.0,1826.0,7053,28,102,None,None,0,High
HEMM-D001,Dumper,2022-08-18,Afternoon,8,Good,82.9,4.3,2.02,40.2,85.4,0.86,24.4,183.9,316.7,1820.0,10320,62,42,None,None,0,Medium
HEMM-DR02,Drill Rig,2021-06-25,Morning,16,Fair,86.6,4.27,2.21,39.5,82.2,0.82,24.5,194.5,328.6,1692.0,2382,116,155,None,None,0,Low
HEMM-G002,Grader,2022-03-11,Night,13,Poor,77.2,4.2,2.4,42.4,68.2,0.78,24.5,164.3,327.4,1688.0,11807,59,145,None,None,0,Medium
HEMM-D003,Dumper,2021-07-15,Night,2,Good,82.8,4.05,1.55,34.4,77.7,0.8,24.4,190.3,320.8,1672.0,1053,47,173,None,None,0,Low
HEMM-G001,Grader,2021-04-04,Morning,9,Fair,91.7,5.06,1.36,39.9,80.4,0.86,24.3,177.6,299.0,1842.0,8466,84,52,None,None,0,Medium
HEMM-G002,Grader,2023-01-30,Morning,18,Good,77.5,4.59,1.75,34.5,83.1,0.83,24.1,186.9,315.9,1761.0,873,79,30,None,None,0,Low
HEMM-L002,Wheel Loader,2023-10-07,Afternoon,15,Fair,78.2,4.33,2.0,33.4,84.2,0.98,24.8,176.6,300.1,1871.0,2361,16,69,None,None,0,Low
HEMM-DR01,Drill Rig,2021-10-18,Afternoon,4,Good,81.6,4.76,1.07,36.5,83.9,0.81,24.1,167.7,326.5,1736.0,5332,10,46,None,None,0,Low
HEMM-B001,Dozer,2023-01-09,Afternoon,10,Fair,77.2,4.14,2.29,33.2,82.8,0.92,24.3,171.6,303.1,1932.0,4512,83,141,None,None,0,Low
HEMM-DR01,Drill Rig,2021-12-04,Afternoon,16,Poor,90.2,4.0,2.19,42.4,78.6,0.99,25.0,183.0,286.7,1945.0,2678,76,60,None,None,0,Low
HEMM-DR02,Drill Rig,2021-04-19,Morning,5,Good,72.9,2.84,1.73,36.1,78.3,0.9,24.2,97.7,302.5,2017.0,1094,34,4,Hydraulics,Hydraulic Failure,1,Critical
HEMM-DR02,Drill Rig,2023-06-13,Morning,16,Fair,83.7,4.71,2.07,32.3,82.5,0.8,24.5,193.5,358.0,1866.0,868,61,71,None,None,0,Low
HEMM-SC01,Scraper,2023-09-21,Afternoon,16,Poor,78.7,4.79,1.98,38.9,82.9,0.98,24.4,173.9,331.9,1972.0,2043,113,70,None,None,0,Low
HEMM-D004,Dumper,2022-12-17,Morning,7,Good,72.9,4.53,2.42,29.6,78.8,0.82,24.8,176.5,338.4,1921.0,4854,28,34,None,None,0,Low
HEMM-B001,Dozer,2022-03-11,Night,1,Poor,84.1,4.39,2.28,51.5,83.5,0.81,25.6,171.0,300.5,1694.0,8818,103,35,None,None,0,Medium
HEMM-D003,Dumper,2022-05-20,Afternoon,4,Fair,82.9,4.2,2.12,39.4,81.3,0.92,25.0,187.6,310.1,1881.0,5584,8,127,None,None,0,Low
HEMM-D004,Dumper,2023-03-19,Afternoon,19,Fair,110.9,4.18,1.56,36.2,82.2,0.58,24.0,175.6,356.4,2001.0,1937,112,1,Cooling System,Cooling System Failure,1,Critical
HEMM-L001,Wheel Loader,2023-07-19,Night,9,Good,107.0,4.88,2.08,46.3,81.3,0.95,24.6,181.6,294.7,1779.0,9935,89,168,None,None,0,High
HEMM-D002,Dumper,2023-07-17,Afternoon,19,Good,94.9,4.18,1.51,47.1,82.1,0.8,24.5,169.2,342.3,1764.0,2318,32,93,None,None,0,Low
HEMM-B002,Dozer,2022-10-24,Morning,3,Fair,91.6,2.34,2.6,35.6,80.9,0.8,24.6,102.8,317.3,1722.0,9164,82,4,Hydraulics,Hydraulic Failure,1,Critical
HEMM-E003,Excavator,2023-03-28,Morning,1,Fair,81.3,4.59,2.68,32.3,76.8,0.89,24.1,187.6,338.4,1812.0,3611,25,152,None,None,0,Low
HEMM-B002,Dozer,2021-11-12,Morning,10,Fair,97.8,4.99,1.68,41.6,86.9,0.85,24.3,181.1,313.0,1823.0,8242,107,77,None,None,0,Medium
HEMM-B002,Dozer,2021-09-26,Afternoon,4,Good,86.5,4.99,2.44,43.8,85.5,0.76,25.4,173.5,303.3,1779.0,6220,70,97,None,None,0,Low
HEMM-G002,Grader,2023-09-03,Afternoon,19,Good,80.2,4.5,2.34,45.3,79.6,0.77,24.6,173.2,349.4,1793.0,10035,59,156,None,None,0,Medium
HEMM-G001,Grader,2022-01-17,Afternoon,14,Poor,96.6,3.83,2.15,38.0,85.3,0.82,24.1,183.1,313.2,1713.0,1722,10,90,None,None,0,Low
HEMM-DR02,Drill Rig,2022-04-05,Night,5,Poor,74.5,4.0,2.02,49.6,78.8,0.87,24.1,179.8,308.4,1700.0,8315,72,30,None,None,0,Medium
HEMM-D003,Dumper,2022-08-19,Afternoon,14,Fair,78.9,4.89,2.26,25.5,83.5,0.77,24.0,174.5,298.8,1682.0,1497,107,74,None,None,0,Low
HEMM-D005,Dumper,2022-09-08,Morning,17,Poor,135.4,3.94,2.09,49.4,80.6,0.57,24.0,184.1,404.0,1818.0,7207,42,1,Engine,Engine Overheat,1,Critical
HEMM-L002,Wheel Loader,2021-08-09,Night,14,Fair,84.5,4.57,1.76,41.1,76.8,0.84,24.6,192.2,354.8,1765.0,6966,17,113,None,None,0,Low
HEMM-B001,Dozer,2022-12-29,Afternoon,19,Poor,78.8,3.63,1.63,33.4,85.4,0.93,24.0,103.0,324.5,1935.0,1539,103,7,Hydraulics,Hydraulic Failure,1,Critical
HEMM-E001,Excavator,2023-03-16,Morning,3,Poor,88.9,5.18,2.13,41.1,78.4,0.83,25.0,173.0,339.5,1642.0,7019,117,176,None,None,0,Low
HEMM-DR02,Drill Rig,2023-07-11,Night,9,Good,88.2,4.01,2.16,29.1,83.4,0.83,24.2,178.2,296.7,1947.0,5792,116,66,None,None,0,Low
HEMM-D003,Dumper,2022-06-16,Night,4,Good,104.9,4.52,1.41,48.1,88.5,0.63,24.5,170.2,360.9,1753.0,7307,73,1,Engine,Engine Overheat,1,Critical
HEMM-E001,Excavator,2023-09-05,Afternoon,13,Poor,87.5,4.67,2.66,38.3,75.8,0.88,24.2,181.3,319.3,1846.0,10976,100,60,None,None,0,Medium
HEMM-B002,Dozer,2023-01-09,Night,13,Good,86.9,4.36,6.78,35.6,54.0,0.92,25.0,190.4,344.1,1956.0,5158,16,3,Tyres,Tyre Burst,1,Critical
HEMM-D001,Dumper,2022-01-21,Morning,7,Good,77.3,4.81,1.84,35.7,77.8,0.94,24.3,187.7,304.9,1815.0,8082,88,84,None,None,0,Medium
HEMM-DR01,Drill Rig,2022-01-26,Morning,10,Fair,82.8,4.25,1.86,42.2,74.3,0.86,25.4,168.3,357.1,1798.0,7792,23,155,None,None,0,Low
HEMM-D004,Dumper,2021-12-07,Morning,15,Good,79.2,4.68,1.76,40.4,88.7,0.87,24.6,184.0,329.9,1850.0,8147,65,169,None,None,0,Medium
HEMM-E003,Excavator,2022-02-17,Afternoon,19,Fair,78.1,3.03,7.62,34.2,82.2,0.78,25.0,199.9,340.2,1461.0,6618,11,6,Transmission,Transmission Failure,1,Critical
HEMM-L001,Wheel Loader,2022-08-19,Morning,16,Poor,94.0,5.59,2.6,36.7,82.0,0.75,24.0,186.6,321.5,1623.0,6748,67,164,None,None,0,Low
HEMM-L001,Wheel Loader,2022-04-20,Night,2,Fair,82.4,4.69,1.95,33.6,78.1,0.88,24.8,189.4,316.4,1918.0,8855,7,140,None,None,0,Medium
HEMM-SC01,Scraper,2021-05-11,Afternoon,14,Fair,65.3,4.4,2.2,37.3,78.8,0.96,25.1,179.0,302.8,1868.0,7955,19,36,None,None,0,Low
HEMM-G001,Grader,2023-07-08,Night,14,Fair,85.0,3.72,1.51,36.6,77.5,0.8,24.2,179.5,292.7,1832.0,540,25,144,None,None,0,Low
HEMM-L001,Wheel Loader,2022-12-06,Afternoon,8,Poor,95.9,5.14,2.19,27.4,84.2,0.99,24.9,185.2,297.0,1754.0,8517,33,141,None,None,0,Medium
HEMM-B003,Dozer,2023-08-18,Morning,10,Fair,100.1,4.5,2.17,33.1,90.5,0.79,24.3,174.8,308.8,1724.0,11855,54,102,None,None,0,High
HEMM-G001,Grader,2023-08-26,Morning,20,Poor,79.2,4.19,2.78,41.7,85.7,0.78,24.5,178.0,324.4,1804.0,3594,41,155,None,None,0,Low
HEMM-L001,Wheel Loader,2021-09-22,Morning,7,Fair,121.4,3.82,2.81,40.4,80.4,0.61,25.3,185.6,332.2,1746.0,2761,82,6,Cooling System,Cooling System Failure,1,Critical
HEMM-B002,Dozer,2022-04-26,Morning,18,Fair,84.6,4.37,1.89,31.6,80.7,0.84,24.4,169.3,303.0,1669.0,970,7,98,None,None,0,Low
HEMM-G001,Grader,2021-11-21,Morning,17,Good,73.5,5.34,2.15,43.8,84.7,0.79,24.5,188.6,303.8,1752.0,723,108,125,None,None,0,Low
HEMM-D004,Dumper,2022-04-10,Morning,18,Fair,96.1,4.29,2.41,38.6,81.3,0.86,23.8,179.7,332.6,1999.0,3871,67,162,None,None,0,Low
HEMM-G001,Grader,2021-04-06,Night,9,Poor,87.1,4.39,2.16,40.1,76.8,0.83,25.2,182.3,305.5,2138.0,2676,114,69,None,None,0,Low
HEMM-D004,Dumper,2021-04-14,Afternoon,15,Poor,89.1,4.22,1.96,38.7,87.9,0.76,24.6,175.4,314.5,1934.0,2017,18,169,None,None,0,Low
HEMM-D004,Dumper,2021-03-27,Night,4,Good,87.0,4.15,1.73,37.6,78.7,0.96,24.5,188.9,361.0,1759.0,2936,85,135,None,None,0,Low
HEMM-G001,Grader,2021-11-18,Night,10,Poor,79.4,4.4,1.68,41.8,85.9,0.76,24.1,181.0,315.5,1865.0,11802,61,60,None,None,0,Medium
HEMM-D004,Dumper,2021-11-12,Night,12,Good,114.7,3.85,2.08,38.8,84.7,0.49,24.2,177.6,315.5,2026.0,5682,109,3,Cooling System,Cooling System Failure,1,Critical
HEMM-DR01,Drill Rig,2021-01-14,Morning,16,Poor,96.7,4.03,1.8,59.6,79.9,0.94,24.8,177.2,292.4,1841.0,5792,41,4,Fuel System,Fuel System Failure,1,Critical
HEMM-DR01,Drill Rig,2023-01-09,Night,8,Poor,82.6,4.9,2.34,38.2,80.9,0.85,24.5,178.4,305.7,1736.0,2683,101,75,None,None,0,Low
HEMM-E003,Excavator,2021-10-10,Afternoon,14,Fair,76.4,4.0,1.73,41.2,76.5,0.83,24.7,181.4,346.1,1872.0,6906,119,47,None,None,0,Low
HEMM-L002,Wheel Loader,2023-01-11,Morning,15,Good,80.9,4.51,2.4,37.6,84.4,0.91,24.4,177.7,313.2,1685.0,2585,103,104,None,None,0,Low
HEMM-L002,Wheel Loader,2021-05-23,Morning,11,Good,82.0,4.74,1.99,45.1,80.7,0.99,24.4,183.5,276.4,1794.0,5357,56,96,None,None,0,Low
HEMM-G002,Grader,2021-03-17,Night,5,Poor,93.6,4.32,2.53,24.6,88.2,0.79,24.5,166.1,331.9,1761.0,9613,12,76,None,None,0,Medium
HEMM-L002,Wheel Loader,2022-08-29,Afternoon,13,Poor,91.6,4.01,2.15,34.8,75.4,0.84,25.7,186.1,358.3,1883.0,11355,94,33,None,None,0,Medium
HEMM-B003,Dozer,2022-12-06,Morning,9,Good,71.8,5.31,1.6,38.7,78.1,0.96,23.4,185.6,348.5,1692.0,8847,83,169,None,None,0,Medium
HEMM-DR02,Drill Rig,2022-02-25,Night,20,Fair,80.8,4.04,2.35,28.4,77.0,0.94,24.7,186.8,303.9,1610.0,10328,88,156,None,None,0,Medium
HEMM-G002,Grader,2022-02-09,Afternoon,3,Fair,85.1,4.63,1.85,35.6,79.6,0.87,24.5,194.1,311.8,1835.0,805,73,143,None,None,0,Low
HEMM-D005,Dumper,2023-12-02,Night,10,Poor,75.2,4.62,2.44,43.7,87.2,0.8,24.4,170.4,335.5,1757.0,3701,16,102,None,None,0,Low
HEMM-L002,Wheel Loader,2022-11-29,Night,6,Poor,92.2,4.19,2.16,40.6,83.0,0.93,25.6,191.0,313.0,1919.0,583,8,81,None,None,0,Low
HEMM-E003,Excavator,2022-09-15,Night,14,Poor,93.5,4.37,2.2,44.5,79.8,0.87,20.4,187.9,336.9,1772.0,8478,19,5,Electrical,Electrical Fault,1,Critical
HEMM-L002,Wheel Loader,2022-12-27,Morning,2,Fair,86.0,4.35,1.61,35.0,85.3,0.83,25.4,163.6,321.7,1759.0,10865,20,121,None,None,0,Medium
HEMM-D001,Dumper,2023-07-18,Afternoon,8,Poor,91.4,4.7,2.87,41.8,85.1,0.9,24.2,191.1,325.5,1891.0,9728,77,109,None,None,0,Medium
HEMM-SC01,Scraper,2022-04-24,Afternoon,10,Poor,71.6,4.21,2.3,36.6,82.1,0.87,24.3,161.9,309.6,1544.0,4861,90,141,None,None,0,Low
HEMM-D005,Dumper,2023-02-13,Night,8,Poor,82.9,4.57,1.54,32.1,88.4,0.87,24.2,184.7,309.8,1943.0,1924,46,68,None,None,0,Low
HEMM-G001,Grader,2023-07-20,Morning,5,Fair,81.0,3.47,5.79,43.5,84.9,0.83,24.5,181.3,313.3,1480.0,11859,59,0,Transmission,Transmission Failure,1,Critical
HEMM-D005,Dumper,2023-09-03,Morning,15,Poor,76.2,4.61,1.51,28.9,86.7,0.84,24.0,195.9,307.9,1653.0,1479,52,73,None,None,0,Low
HEMM-SC01,Scraper,2023-11-29,Afternoon,9,Poor,84.0,4.25,2.03,34.8,83.3,0.78,23.5,174.6,298.4,1720.0,9773,68,45,None,None,0,Medium
HEMM-DR02,Drill Rig,2023-09-30,Night,14,Poor,86.8,2.84,2.29,33.9,83.9,0.78,25.7,154.4,297.2,1824.0,2868,23,7,Hydraulics,Hydraulic Failure,1,Critical
HEMM-L002,Wheel Loader,2023-12-20,Morning,7,Good,91.4,4.38,2.51,40.0,78.1,0.86,24.4,201.8,283.5,1726.0,7661,65,110,None,None,0,Low
HEMM-SC01,Scraper,2023-01-27,Morning,20,Good,80.0,4.35,2.29,37.3,81.5,0.96,24.5,196.1,338.5,1683.0,6894,19,155,None,None,0,Low
HEMM-B002,Dozer,2021-03-24,Night,5,Fair,84.6,4.4,1.92,41.0,83.5,0.8,24.5,179.2,341.9,1926.0,2129,52,75,None,None,0,Low
HEMM-B002,Dozer,2022-08-26,Afternoon,1,Poor,85.4,4.69,2.4,38.8,82.3,0.99,24.5,183.3,300.4,1769.0,2540,23,31,None,None,0,Low
HEMM-B002,Dozer,2022-08-04,Morning,6,Good,90.9,4.84,1.65,38.4,81.7,0.84,24.9,194.7,341.9,1852.0,8208,5,72,None,None,0,Medium
HEMM-D003,Dumper,2021-04-02,Afternoon,16,Poor,81.4,4.47,2.13,37.3,82.8,0.8,25.2,185.5,290.3,1837.0,9589,44,167,None,None,0,Medium
HEMM-B003,Dozer,2023-02-12,Afternoon,20,Good,77.3,4.62,2.52,32.2,85.2,0.82,24.4,172.2,334.1,1931.0,2375,102,169,None,None,0,Low
HEMM-DR02,Drill Rig,2023-07-11,Night,15,Poor,84.9,4.06,1.62,33.0,80.9,0.88,25.0,194.5,315.6,1938.0,2640,115,31,None,None,0,Low
HEMM-DR01,Drill Rig,2023-03-05,Morning,13,Good,75.4,4.85,2.65,34.5,85.1,0.93,24.5,189.7,323.2,1920.0,5754,74,36,None,None,0,Low
HEMM-DR02,Drill Rig,2022-07-23,Night,3,Good,95.8,5.04,2.14,35.1,86.9,1.0,23.7,195.5,330.3,1875.0,2913,95,79,None,None,0,Low
HEMM-B002,Dozer,2021-09-11,Night,18,Poor,91.3,4.38,2.89,38.2,80.4,0.97,23.8,175.0,293.9,1713.0,1595,29,39,None,None,0,Low
HEMM-D002,Dumper,2023-12-05,Morning,16,Good,106.9,4.16,2.7,42.2,78.0,0.41,23.6,166.8,421.4,1874.0,8435,119,2,Engine,Engine Overheat,1,Critical
HEMM-B001,Dozer,2022-02-26,Morning,19,Poor,81.0,4.71,1.59,50.2,85.7,0.86,24.4,182.3,330.7,1710.0,7478,15,125,None,None,0,Low
HEMM-G002,Grader,2021-04-03,Afternoon,1,Good,84.4,4.01,2.05,37.9,81.5,0.78,24.8,171.0,315.8,1935.0,5769,60,139,None,None,0,Low
HEMM-L002,Wheel Loader,2022-10-12,Afternoon,9,Good,87.4,3.84,2.26,45.4,78.3,0.95,24.4,193.5,304.4,1972.0,1691,19,66,None,None,0,Low
HEMM-B002,Dozer,2021-10-22,Morning,9,Fair,85.7,4.37,2.02,33.9,79.0,0.81,25.7,190.5,315.7,1878.0,1668,24,175,None,None,0,Low
HEMM-E001,Excavator,2021-05-01,Night,11,Poor,89.6,4.69,7.87,34.7,53.3,0.78,24.5,171.0,312.3,1627.0,3173,8,6,Tyres,Tyre Burst,1,Critical
HEMM-B003,Dozer,2021-10-19,Afternoon,11,Good,68.0,4.88,5.19,41.0,83.3,0.96,23.7,195.1,351.5,2023.0,4425,53,3,Brakes,Brake Failure,1,Critical
HEMM-L001,Wheel Loader,2023-11-08,Night,13,Good,85.1,4.01,2.16,42.2,80.1,0.97,24.8,188.2,338.3,1879.0,2085,39,170,None,None,0,Low
HEMM-SC01,Scraper,2023-04-14,Morning,16,Poor,82.5,4.34,2.39,35.9,78.4,0.86,25.0,211.0,344.2,1816.0,673,57,102,None,None,0,Low
HEMM-D001,Dumper,2022-07-06,Night,19,Good,90.2,4.78,2.36,40.1,82.5,0.81,24.8,194.3,308.8,1694.0,11260,17,83,None,None,0,Medium
HEMM-D005,Dumper,2022-09-16,Night,14,Poor,89.0,4.06,1.87,36.5,83.5,0.98,25.3,176.1,287.1,1832.0,7506,15,62,None,None,0,Low
HEMM-D005,Dumper,2023-02-04,Night,6,Fair,83.8,4.47,2.18,43.4,83.1,0.84,24.8,181.0,301.1,1687.0,4216,73,61,None,None,0,Low
HEMM-SC01,Scraper,2023-07-15,Morning,1,Poor,77.7,4.56,1.96,46.4,78.4,0.93,24.8,182.9,316.2,1788.0,7812,111,48,None,None,0,Low
HEMM-E001,Excavator,2021-01-02,Morning,16,Fair,81.9,4.51,2.17,32.9,84.5,0.79,25.3,159.7,304.7,1910.0,4677,81,50,None,None,0,Low
HEMM-G002,Grader,2022-12-21,Night,7,Poor,84.9,4.94,1.94,36.6,78.7,0.9,24.8,174.5,336.3,1906.0,9787,112,102,None,None,0,Medium
HEMM-E001,Excavator,2023-12-30,Night,3,Fair,82.3,4.53,2.02,41.8,81.5,0.77,24.3,196.2,299.6,1569.0,5125,16,141,None,None,0,Low
HEMM-D005,Dumper,2022-07-27,Afternoon,7,Fair,80.2,4.08,2.06,48.5,75.6,0.9,24.2,177.9,316.8,2015.0,10201,69,117,None,None,0,Medium
HEMM-B003,Dozer,2022-06-20,Night,15,Poor,69.6,4.47,2.76,41.3,81.9,0.76,24.3,182.5,293.7,1787.0,4673,36,142,None,None,0,Low
HEMM-B003,Dozer,2022-03-08,Afternoon,20,Poor,105.6,4.67,1.77,40.1,83.0,0.42,24.8,175.0,334.3,1831.0,5581,7,0,Cooling System,Cooling System Failure,1,Critical
HEMM-D001,Dumper,2021-01-20,Night,6,Poor,77.6,4.41,1.2,34.0,84.5,0.99,23.9,186.7,301.5,1799.0,6969,76,171,None,None,0,Low
HEMM-G002,Grader,2021-06-16,Night,3,Poor,98.6,4.46,2.13,44.6,86.9,0.85,24.7,178.1,314.0,1823.0,9025,8,174,None,None,0,Medium
HEMM-D004,Dumper,2022-12-24,Afternoon,20,Good,76.6,4.79,1.73,37.0,88.8,0.84,25.1,179.3,353.9,1607.0,6064,54,82,None,None,0,Low
HEMM-D001,Dumper,2021-09-13,Afternoon,12,Good,73.4,4.23,1.23,25.3,87.9,0.87,24.1,175.1,347.7,1840.0,3361,61,150,None,None,0,Low
HEMM-D001,Dumper,2022-07-30,Night,12,Poor,85.0,4.54,2.22,40.7,85.6,0.89,24.1,167.7,324.4,1818.0,3337,16,95,None,None,0,Low
HEMM-E003,Excavator,2022-04-25,Afternoon,12,Fair,70.6,4.81,2.38,28.6,84.6,0.96,24.6,182.1,280.8,1883.0,802,40,116,None,None,0,Low
HEMM-E002,Excavator,2021-01-15,Morning,13,Fair,102.1,4.77,0.93,42.4,81.8,0.85,23.8,186.4,334.4,1808.0,2017,116,168,None,None,0,High
HEMM-L001,Wheel Loader,2021-12-16,Night,7,Poor,92.1,4.35,2.26,35.2,84.4,0.82,24.2,172.0,328.7,1905.0,11010,99,108,None,None,0,Medium
HEMM-E001,Excavator,2021-05-14,Night,5,Fair,84.7,4.69,1.1,44.7,92.6,0.85,25.1,178.0,338.3,1739.0,1265,21,34,None,None,0,Low
HEMM-E003,Excavator,2023-12-08,Night,9,Poor,131.8,4.26,2.32,34.8,85.4,0.39,23.8,180.8,334.0,1928.0,3343,113,4,Cooling System,Cooling System Failure,1,Critical
HEMM-D001,Dumper,2023-05-25,Night,2,Fair,85.8,4.78,2.0,32.6,86.0,0.98,24.7,171.2,310.7,1815.0,5492,60,48,None,None,0,Low
HEMM-L002,Wheel Loader,2023-08-14,Afternoon,12,Good,82.9,3.82,1.4,41.7,79.2,0.91,24.3,170.1,308.9,1712.0,8674,102,124,None,None,0,Medium
HEMM-E003,Excavator,2021-04-07,Afternoon,14,Fair,88.9,3.86,1.66,55.3,79.5,0.87,25.3,179.7,321.5,1682.0,8923,62,3,Fuel System,Fuel System Failure,1,Critical
HEMM-D003,Dumper,2021-02-21,Night,8,Good,98.0,4.58,2.06,40.8,76.9,0.85,24.5,182.8,308.5,1667.0,11497,59,177,None,None,0,Medium
HEMM-E002,Excavator,2021-12-03,Afternoon,10,Poor,86.4,3.17,5.75,40.5,85.0,0.9,24.1,187.0,336.2,1546.0,1229,85,7,Transmission,Transmission Failure,1,Critical
HEMM-D001,Dumper,2022-11-16,Afternoon,8,Good,73.0,4.97,1.44,28.0,80.4,0.94,24.5,177.0,292.8,1678.0,1966,65,55,None,None,0,Low
HEMM-D002,Dumper,2022-11-15,Night,8,Poor,73.0,4.22,1.86,43.7,76.1,0.91,24.7,179.9,313.8,1866.0,1394,104,125,None,None,0,Low
HEMM-D004,Dumper,2023-07-04,Night,4,Good,86.8,4.51,2.16,40.8,77.0,0.88,23.6,206.6,335.1,1983.0,1601,12,158,None,None,0,Low
HEMM-D003,Dumper,2021-09-19,Morning,15,Poor,83.8,4.94,2.19,32.2,81.4,0.76,25.5,189.7,328.9,1880.0,1097,43,161,None,None,0,Low
HEMM-D003,Dumper,2021-07-28,Night,2,Fair,89.3,4.94,2.41,39.1,83.7,0.9,25.2,166.1,280.1,1825.0,9362,11,69,None,None,0,Medium
HEMM-G002,Grader,2021-07-16,Night,14,Poor,69.7,4.09,2.05,45.0,86.0,0.79,25.3,176.2,328.7,1796.0,4019,115,164,None,None,0,Low
HEMM-D001,Dumper,2023-07-18,Afternoon,15,Poor,85.6,4.39,2.12,27.2,83.9,0.78,24.5,173.8,312.6,1788.0,7214,117,35,None,None,0,Low
HEMM-B003,Dozer,2021-02-23,Afternoon,17,Good,67.3,4.39,5.67,32.4,47.2,0.98,24.0,200.1,343.5,1880.0,5577,80,0,Tyres,Tyre Burst,1,Critical
HEMM-E002,Excavator,2021-09-16,Night,17,Fair,73.0,4.38,2.4,41.4,73.4,0.99,24.5,189.4,334.1,1972.0,4398,50,113,None,None,0,Low
HEMM-DR02,Drill Rig,2022-01-16,Morning,5,Good,87.0,4.46,3.1,36.6,79.3,0.81,24.2,182.3,329.5,1740.0,922,12,73,None,None,0,Low
HEMM-DR01,Drill Rig,2023-11-17,Night,12,Poor,95.6,4.84,1.79,41.9,83.1,0.91,24.9,185.1,306.8,1817.0,5298,79,142,None,None,0,Low
HEMM-D005,Dumper,2023-08-20,Afternoon,20,Fair,86.6,4.36,2.24,38.3,83.6,0.8,23.9,194.8,335.2,1883.0,5818,42,166,None,None,0,Low
HEMM-L002,Wheel Loader,2021-10-24,Morning,8,Poor,89.7,4.68,1.2,38.4,85.3,0.93,25.1,172.7,305.2,2022.0,8508,109,124,None,None,0,Medium
HEMM-DR01,Drill Rig,2022-12-06,Morning,7,Good,92.4,3.9,2.38,37.1,85.8,0.84,24.6,167.7,333.5,1943.0,10694,30,147,None,None,0,Medium
HEMM-L001,Wheel Loader,2023-08-16,Night,11,Fair,87.3,4.89,1.71,39.5,84.2,0.87,24.2,157.7,322.4,1919.0,9676,77,82,None,None,0,Medium
HEMM-DR01,Drill Rig,2022-11-05,Morning,4,Good,90.2,4.87,2.62,52.7,83.0,0.98,24.2,177.5,311.5,1771.0,7643,117,93,None,None,0,Low
HEMM-D001,Dumper,2022-04-02,Night,8,Good,89.3,4.9,1.57,36.6,92.2,0.92,24.8,178.5,340.3,1882.0,7843,84,99,None,None,0,Low
HEMM-B003,Dozer,2023-02-09,Morning,13,Good,96.1,4.28,1.96,41.4,81.3,0.82,25.3,188.1,333.0,1736.0,3218,110,36,None,None,0,Low
HEMM-D003,Dumper,2023-01-03,Morning,18,Fair,77.2,4.22,1.66,38.4,75.7,0.83,24.4,168.1,323.9,1903.0,2087,23,66,None,None,0,Low
HEMM-G001,Grader,2021-03-31,Morning,7,Good,100.7,4.22,1.74,37.9,75.3,0.98,24.5,196.6,294.8,1490.0,3441,41,129,None,None,0,High
HEMM-B001,Dozer,2021-12-23,Afternoon,18,Good,87.1,4.95,8.05,42.9,57.8,0.78,24.1,176.0,329.6,1867.0,4229,27,4,Tyres,Tyre Burst,1,Critical
HEMM-D001,Dumper,2021-10-09,Afternoon,4,Fair,85.4,4.26,1.71,40.0,80.5,1.0,25.6,189.2,345.5,1803.0,5744,31,120,None,None,0,Low
HEMM-G001,Grader,2023-02-02,Night,6,Poor,88.1,3.74,1.31,39.9,83.7,0.93,23.5,175.9,339.0,1827.0,8833,107,121,None,None,0,Medium
HEMM-D003,Dumper,2021-08-31,Morning,5,Poor,66.6,4.49,1.44,37.7,80.3,0.91,24.8,176.7,296.8,1690.0,3307,29,78,None,None,0,Low
HEMM-G001,Grader,2022-10-14,Night,14,Good,89.8,4.31,2.2,41.8,79.1,0.81,24.0,188.5,324.2,1795.0,10622,36,122,None,None,0,Medium
HEMM-E002,Excavator,2022-08-26,Morning,11,Poor,82.7,3.61,2.3,30.0,80.3,0.97,25.4,168.4,321.1,1731.0,4249,11,80,None,None,0,Low
HEMM-D005,Dumper,2023-11-07,Night,16,Good,102.8,3.91,1.34,39.9,90.6,0.84,24.8,175.9,296.9,1831.0,3628,98,99,None,None,0,High
HEMM-D003,Dumper,2021-12-09,Night,13,Poor,90.9,4.77,2.12,37.0,84.2,0.88,24.0,177.7,311.0,1918.0,10768,101,56,None,None,0,Medium
HEMM-L002,Wheel Loader,2023-08-09,Morning,11,Poor,85.5,4.39,2.01,47.6,82.0,0.77,24.5,187.1,334.3,1794.0,11873,52,102,None,None,0,Medium
HEMM-L001,Wheel Loader,2023-08-29,Afternoon,19,Poor,87.9,5.51,2.04,36.7,86.6,0.81,25.0,181.0,340.6,1756.0,6769,86,113,None,None,0,Low
HEMM-E002,Excavator,2022-03-26,Morning,15,Good,90.5,4.21,2.61,41.5,79.0,0.95,24.4,186.8,274.5,1810.0,4040,55,115,None,None,0,Low
HEMM-G002,Grader,2021-11-18,Afternoon,9,Good,83.8,4.68,2.07,31.4,86.1,0.9,25.1,182.1,315.6,1657.0,9220,15,86,None,None,0,Medium
HEMM-B002,Dozer,2023-06-30,Night,12,Good,81.9,5.23,1.49,39.2,82.4,0.79,25.0,178.8,299.3,1933.0,3971,79,53,None,None,0,Low
HEMM-B003,Dozer,2023-05-23,Afternoon,15,Fair,94.9,4.92,1.95,42.7,87.0,0.86,24.9,180.8,317.5,1775.0,7286,57,160,None,None,0,Low
HEMM-B003,Dozer,2022-07-14,Afternoon,1,Good,90.4,4.59,2.27,39.5,79.4,0.81,25.3,168.0,288.4,1760.0,3142,61,109,None,None,0,Low
HEMM-D003,Dumper,2023-01-06,Morning,10,Poor,87.6,4.46,1.92,45.0,84.2,0.79,24.2,174.4,295.7,1798.0,8420,70,103,None,None,0,Medium
HEMM-B001,Dozer,2022-04-12,Morning,4,Good,76.5,4.32,2.17,35.3,78.3,0.9,24.1,192.7,334.2,1829.0,1368,51,47,None,None,0,Low
HEMM-B003,Dozer,2022-02-07,Night,11,Poor,91.1,4.41,1.65,34.7,87.6,0.97,23.9,182.4,314.4,1835.0,4296,43,68,None,None,0,Low
HEMM-B001,Dozer,2022-01-26,Night,20,Poor,95.1,4.33,1.84,38.0,86.5,0.81,24.8,183.2,291.2,1925.0,2458,114,116,None,None,0,Low
HEMM-B001,Dozer,2021-01-18,Afternoon,10,Fair,90.6,4.55,1.56,30.8,82.4,0.93,24.2,174.6,328.5,1672.0,5879,105,159,None,None,0,Low
HEMM-D001,Dumper,2023-08-25,Night,17,Fair,83.2,3.9,1.78,32.8,80.9,0.78,24.7,178.2,296.7,1594.0,2645,115,69,None,None,0,Low
HEMM-E002,Excavator,2023-08-30,Morning,17,Poor,88.4,3.86,1.49,32.2,82.4,0.88,24.4,188.9,318.2,1800.0,9817,105,153,None,None,0,Medium
HEMM-DR02,Drill Rig,2022-11-29,Morning,11,Poor,80.8,4.1,1.6,37.5,73.3,0.85,24.5,179.1,335.3,1606.0,3277,59,53,None,None,0,Low
HEMM-DR02,Drill Rig,2023-07-11,Night,1,Poor,87.2,4.94,1.72,30.3,84.8,0.76,24.7,177.9,309.7,1723.0,6339,22,175,None,None,0,Low
HEMM-B002,Dozer,2021-01-20,Afternoon,12,Fair,78.0,4.04,1.99,38.8,79.8,0.81,24.3,179.6,338.8,1622.0,5767,33,160,None,None,0,Low
HEMM-G002,Grader,2022-09-06,Afternoon,19,Good,84.6,4.33,2.1,33.8,80.3,0.82,24.6,192.8,276.1,1695.0,580,77,39,None,None,0,Low
HEMM-D005,Dumper,2022-11-08,Night,20,Fair,76.9,4.49,1.97,32.2,81.9,0.78,25.0,160.1,340.7,1887.0,10158,78,45,None,None,0,Medium
HEMM-E002,Excavator,2023-03-12,Morning,18,Fair,78.9,4.37,1.64,34.6,80.3,0.8,18.8,174.3,353.5,1743.0,6531,29,7,Electrical,Electrical Fault,1,Critical
HEMM-D003,Dumper,2021-12-18,Morning,18,Poor,79.9,4.14,1.56,30.9,84.2,0.9,24.3,179.0,335.1,1783.0,3110,9,101,None,None,0,Low
HEMM-D001,Dumper,2022-01-18,Morning,3,Good,95.0,4.45,1.85,36.3,85.4,0.97,24.7,183.9,363.7,1914.0,6522,41,171,None,None,0,Low
HEMM-L002,Wheel Loader,2021-05-24,Afternoon,2,Good,78.3,3.38,6.83,44.6,82.2,0.99,24.6,171.8,339.0,1617.0,6239,71,6,Transmission,Transmission Failure,1,Critical
HEMM-E001,Excavator,2021-08-15,Morning,18,Poor,81.1,3.45,1.71,37.8,72.7,0.76,24.7,104.5,287.8,1829.0,7055,66,3,Hydraulics,Hydraulic Failure,1,Critical
HEMM-E002,Excavator,2022-09-27,Afternoon,16,Poor,85.2,5.07,1.23,44.2,87.2,0.79,24.1,171.7,340.8,1780.0,2801,82,77,None,None,0,Low
HEMM-E002,Excavator,2023-10-27,Night,15,Good,67.7,4.85,2.14,44.4,78.5,0.97,24.4,193.6,292.7,1951.0,4712,30,171,None,None,0,Low
HEMM-DR02,Drill Rig,2021-05-12,Afternoon,20,Fair,88.1,4.26,2.44,43.5,80.1,0.84,25.4,160.6,332.0,1818.0,4244,72,60,None,None,0,Low
HEMM-L001,Wheel Loader,2023-08-01,Afternoon,19,Good,89.0,3.85,1.95,38.7,80.8,0.94,24.4,181.0,305.1,1718.0,840,99,62,None,None,0,Low
HEMM-DR02,Drill Rig,2022-12-12,Night,10,Good,78.6,4.48,1.54,42.1,88.1,0.99,24.6,182.1,280.4,1848.0,6607,83,112,None,None,0,Low
HEMM-E001,Excavator,2023-06-04,Afternoon,13,Poor,71.1,4.3,2.04,32.0,87.7,0.78,25.5,167.8,325.2,1720.0,10998,28,139,None,None,0,Medium
HEMM-G002,Grader,2021-03-31,Morning,6,Poor,99.9,4.37,1.55,34.5,77.3,1.0,24.4,185.1,299.8,1723.0,4685,117,86,None,None,0,Low
HEMM-D003,Dumper,2022-03-21,Afternoon,14,Fair,89.2,4.8,2.05,36.8,86.0,0.85,24.5,178.8,337.3,1816.0,9257,20,1,Fuel System,Fuel System Failure,1,Critical
HEMM-DR01,Drill Rig,2023-07-13,Morning,9,Good,85.7,3.45,1.64,40.5,82.6,0.78,23.8,177.9,300.8,1795.0,3597,69,93,None,None,0,High
HEMM-D003,Dumper,2023-08-04,Afternoon,11,Good,89.1,4.52,1.85,36.0,82.8,0.79,24.7,174.1,317.2,1945.0,6742,114,139,None,None,0,Low
HEMM-D001,Dumper,2022-05-29,Morning,5,Poor,82.2,3.96,2.46,40.3,86.4,0.81,25.2,176.4,282.8,1836.0,5559,90,101,None,None,0,Low
HEMM-DR02,Drill Rig,2021-05-20,Morning,18,Poor,73.5,5.38,1.53,39.1,75.0,0.79,24.3,168.5,342.4,1827.0,10964,36,93,None,None,0,Medium
HEMM-D005,Dumper,2023-08-23,Afternoon,6,Good,90.1,4.39,1.96,41.3,83.2,0.94,23.9,181.3,340.0,1620.0,2994,112,164,None,None,0,Low
HEMM-E001,Excavator,2022-08-26,Morning,18,Good,80.3,4.36,1.49,39.2,76.2,0.81,24.8,195.4,286.6,1640.0,6603,26,125,None,None,0,Low
HEMM-D001,Dumper,2022-07-14,Morning,15,Good,87.3,4.12,2.1,41.2,82.0,0.92,25.1,199.1,314.6,1673.0,6066,27,174,None,None,0,Low
HEMM-SC01,Scraper,2022-03-19,Afternoon,2,Poor,90.8,4.48,1.36,43.2,79.8,0.79,24.9,189.3,347.7,1912.0,10600,108,115,None,None,0,Medium
HEMM-D004,Dumper,2023-03-11,Night,10,Poor,90.2,3.67,4.94,44.0,86.4,0.76,24.0,162.4,315.8,1871.0,7474,11,6,Brakes,Brake Failure,1,Critical
HEMM-E003,Excavator,2023-02-07,Morning,7,Fair,97.9,4.04,1.67,62.3,87.7,0.91,25.0,165.3,355.1,1902.0,1697,7,0,Fuel System,Fuel System Failure,1,Critical
HEMM-E002,Excavator,2021-05-10,Morning,4,Poor,69.0,4.83,6.38,37.3,44.9,0.94,24.5,171.5,322.7,1900.0,11080,26,6,Tyres,Tyre Burst,1,Critical
HEMM-B003,Dozer,2022-10-23,Night,7,Poor,90.9,5.17,2.47,40.6,79.1,0.95,24.7,188.7,335.1,1829.0,10434,31,161,None,None,0,Medium
HEMM-DR01,Drill Rig,2021-09-05,Morning,7,Fair,95.1,4.61,1.93,61.0,82.1,0.85,23.8,195.5,344.0,1657.0,1934,50,6,Fuel System,Fuel System Failure,1,Critical
HEMM-D001,Dumper,2023-03-09,Morning,15,Poor,80.2,5.25,2.16,39.6,80.1,0.88,24.9,166.6,342.5,1799.0,3806,13,144,None,None,0,Low
HEMM-G001,Grader,2021-03-31,Morning,7,Poor,80.3,4.26,1.65,37.9,82.3,0.95,25.0,178.4,330.0,1622.0,6935,43,137,None,None,0,Low
HEMM-D004,Dumper,2021-12-18,Afternoon,4,Poor,86.7,4.16,2.26,36.3,79.4,0.79,25.2,163.3,303.1,1798.0,10028,46,81,None,None,0,Medium
HEMM-D005,Dumper,2022-11-12,Morning,11,Good,87.6,5.21,1.64,43.0,82.1,0.86,24.8,177.5,289.0,1737.0,11117,66,131,None,None,0,Medium
HEMM-DR02,Drill Rig,2023-02-23,Night,8,Poor,74.4,4.19,1.86,43.0,81.8,0.91,24.4,175.6,288.4,1812.0,8448,80,101,None,None,0,Medium
HEMM-E003,Excavator,2021-02-13,Night,4,Poor,80.0,4.72,1.94,35.5,77.0,0.76,24.6,181.4,311.8,1649.0,5260,35,171,None,None,0,Low
HEMM-E003,Excavator,2021-06-12,Morning,5,Fair,85.6,4.06,2.15,46.3,79.1,0.91,23.9,169.5,325.2,1791.0,6336,68,50,None,None,0,Low
HEMM-G002,Grader,2022-02-23,Night,2,Poor,94.7,4.69,1.9,29.2,76.5,0.93,24.9,176.0,275.7,1848.0,4100,97,51,None,None,0,Low
HEMM-DR02,Drill Rig,2022-11-05,Morning,9,Good,92.5,4.5,2.45,31.4,85.9,0.89,24.9,184.2,318.2,1948.0,5402,87,172,None,None,0,Low
HEMM-DR01,Drill Rig,2022-08-14,Morning,8,Good,90.8,4.03,2.33,42.1,78.1,0.88,23.9,189.1,295.9,2012.0,5627,48,86,None,None,0,Low
HEMM-D002,Dumper,2022-05-24,Night,8,Fair,93.2,4.1,1.75,41.9,86.1,0.92,23.9,190.3,343.1,1646.0,10162,116,113,None,None,0,Medium
HEMM-E001,Excavator,2023-06-25,Night,1,Fair,112.7,4.93,2.0,40.1,80.5,0.47,23.9,178.1,427.0,1749.0,1258,116,3,Engine,Engine Overheat,1,Critical
HEMM-D005,Dumper,2022-02-23,Morning,3,Poor,86.8,4.76,1.76,36.2,83.6,0.9,24.2,164.6,298.1,1877.0,3045,80,77,None,None,0,Low
HEMM-E002,Excavator,2022-04-29,Night,3,Fair,105.4,4.21,1.52,29.5,84.1,0.84,24.3,184.6,315.2,1741.0,7183,97,163,None,None,0,High
HEMM-E002,Excavator,2022-05-17,Afternoon,6,Fair,94.9,4.28,1.97,35.4,88.2,0.99,23.9,183.2,320.1,1764.0,10126,36,124,None,None,0,Medium
HEMM-DR02,Drill Rig,2022-02-17,Afternoon,16,Fair,75.9,4.73,2.04,44.7,86.6,0.79,23.4,178.7,348.2,1786.0,1510,51,146,None,None,0,Low
HEMM-L001,Wheel Loader,2023-06-23,Afternoon,17,Fair,72.9,4.33,2.49,29.3,77.3,0.78,24.2,178.4,340.3,1782.0,10184,99,67,None,None,0,Medium
HEMM-L001,Wheel Loader,2021-02-10,Afternoon,14,Fair,103.8,4.71,1.38,36.4,75.7,0.78,24.5,178.4,307.1,1643.0,1563,102,88,None,None,0,High
HEMM-D005,Dumper,2021-12-26,Afternoon,13,Fair,77.5,5.31,1.72,39.6,76.2,0.79,25.0,197.4,300.5,1666.0,7796,44,112,None,None,0,Low
HEMM-SC01,Scraper,2023-09-12,Morning,11,Fair,97.2,3.88,1.37,30.4,80.2,0.83,25.1,180.9,279.8,1831.0,2438,96,123,None,None,0,Low
HEMM-E002,Excavator,2021-01-09,Morning,17,Fair,82.0,4.07,1.94,40.1,84.1,0.95,25.6,187.8,336.7,1893.0,6331,67,75,None,None,0,Low
HEMM-G002,Grader,2023-02-04,Afternoon,16,Poor,85.2,4.63,6.65,37.4,56.8,1.0,24.3,174.3,310.5,1717.0,5243,87,0,Tyres,Tyre Burst,1,Critical
HEMM-G002,Grader,2021-11-29,Morning,14,Poor,91.1,4.29,1.67,39.1,72.2,0.96,23.9,194.7,346.4,1831.0,4382,103,64,None,None,0,Low
HEMM-L001,Wheel Loader,2023-01-25,Night,2,Fair,102.1,5.09,2.53,35.5,87.6,0.93,24.5,180.4,325.3,1655.0,10864,54,46,None,None,0,High
HEMM-E003,Excavator,2023-09-06,Morning,12,Poor,80.3,4.28,2.4,37.6,72.2,0.89,18.2,172.2,294.2,1835.0,10537,95,2,Electrical,Electrical Fault,1,Critical
HEMM-DR02,Drill Rig,2021-10-29,Afternoon,8,Poor,73.7,5.01,2.13,42.4,81.3,0.87,24.3,207.4,329.3,1964.0,10065,79,86,None,None,0,Medium
HEMM-D001,Dumper,2021-08-28,Morning,13,Poor,79.9,4.0,2.55,36.0,83.2,0.97,24.3,185.3,325.6,1791.0,6715,95,110,None,None,0,Low
HEMM-D003,Dumper,2023-11-28,Morning,14,Fair,74.8,4.92,2.11,35.1,80.0,0.81,24.5,208.1,351.9,1945.0,2916,111,39,None,None,0,Low
HEMM-B002,Dozer,2023-10-23,Night,13,Poor,81.1,5.26,1.8,38.1,84.5,0.9,24.7,181.5,353.2,1657.0,9802,44,167,None,None,0,Medium
HEMM-D003,Dumper,2021-08-12,Night,19,Good,97.8,4.14,2.52,29.5,85.1,1.0,24.8,194.1,357.8,1677.0,5842,109,127,None,None,0,Low
HEMM-E002,Excavator,2023-03-27,Night,10,Fair,79.5,3.67,5.55,44.3,81.2,0.88,24.1,185.0,334.8,1687.0,305,26,1,Transmission,Transmission Failure,1,Critical
HEMM-L002,Wheel Loader,2023-05-04,Night,10,Good,75.1,4.35,2.27,33.4,79.3,0.87,23.8,180.7,350.1,1873.0,7260,26,167,None,None,0,Low
HEMM-D005,Dumper,2022-02-10,Afternoon,6,Fair,81.5,5.48,1.66,43.9,85.4,0.99,24.5,178.5,325.3,1724.0,8434,19,104,None,None,0,Medium
HEMM-E002,Excavator,2022-01-16,Morning,2,Good,76.9,4.1,1.41,44.7,84.5,0.93,25.7,190.4,339.1,1837.0,3193,108,162,None,None,0,Low
HEMM-DR01,Drill Rig,2023-06-22,Night,20,Poor,89.4,4.25,7.41,35.0,56.5,0.84,24.9,179.3,353.7,1754.0,1989,116,4,Tyres,Tyre Burst,1,Critical
HEMM-G002,Grader,2021-09-13,Afternoon,3,Poor,80.1,5.16,1.94,34.4,89.7,0.84,24.1,191.4,333.2,1906.0,5805,8,146,None,None,0,Low
HEMM-L001,Wheel Loader,2021-07-26,Morning,2,Good,94.0,4.58,2.12,41.9,83.5,0.85,25.4,187.1,325.1,1627.0,4559,101,136,None,None,0,Low
HEMM-D002,Dumper,2021-07-18,Morning,17,Poor,78.8,5.06,1.62,35.7,77.6,0.82,23.9,183.4,342.6,1815.0,318,53,105,None,None,0,Low
HEMM-B001,Dozer,2023-09-23,Afternoon,11,Fair,80.8,4.54,1.64,35.9,81.1,0.76,24.4,180.9,338.4,1888.0,10102,59,129,None,None,0,Medium
HEMM-B003,Dozer,2022-10-08,Morning,12,Fair,89.3,5.73,1.63,35.6,86.0,0.79,24.8,180.8,345.5,1807.0,11096,56,122,None,None,0,Medium
HEMM-G001,Grader,2022-11-08,Morning,1,Poor,94.7,3.78,2.01,34.4,79.9,0.88,24.8,176.9,315.2,1717.0,7686,116,165,None,None,0,Low
HEMM-D005,Dumper,2021-02-22,Night,4,Poor,85.2,4.62,1.83,40.7,80.8,0.94,24.3,184.0,303.5,1819.0,8893,40,76,None,None,0,Medium
HEMM-E003,Excavator,2023-01-25,Afternoon,20,Fair,89.4,4.79,2.58,43.4,84.3,0.83,25.0,188.2,314.9,1803.0,11442,89,43,None,None,0,Medium
HEMM-E002,Excavator,2021-01-07,Night,11,Fair,85.5,4.12,2.53,36.8,78.7,0.97,24.5,182.4,320.5,1901.0,472,86,87,None,None,0,Low
HEMM-B003,Dozer,2023-06-29,Morning,20,Poor,77.2,4.22,2.49,44.0,82.3,0.91,25.1,178.6,302.9,1726.0,8138,56,169,None,None,0,Medium
HEMM-D003,Dumper,2022-12-15,Afternoon,16,Poor,78.4,5.11,2.18,33.3,78.0,0.91,25.1,174.1,327.2,1902.0,10986,114,46,None,None,0,Medium
HEMM-G002,Grader,2022-08-25,Night,7,Poor,93.0,5.01,1.92,35.0,78.9,0.86,24.3,193.7,298.3,1791.0,11864,23,156,None,None,0,Medium
HEMM-L002,Wheel Loader,2021-03-07,Morning,16,Poor,87.6,4.32,2.03,34.8,82.1,0.77,24.6,184.1,329.7,1679.0,1626,43,116,None,None,0,Low
HEMM-DR02,Drill Rig,2021-12-11,Afternoon,4,Poor,92.3,4.88,2.3,37.3,79.9,0.77,24.1,185.1,344.7,1710.0,8099,89,127,None,None,0,Medium
HEMM-E002,Excavator,2021-12-16,Night,3,Poor,81.0,2.7,6.08,36.8,76.5,0.91,24.8,179.2,327.4,1260.0,1928,60,5,Transmission,Transmission Failure,1,Critical
HEMM-B001,Dozer,2022-03-28,Night,9,Poor,130.4,4.72,2.15,41.3,75.0,0.52,24.6,203.4,312.5,1799.0,11110,65,2,Cooling System,Cooling System Failure,1,Critical
HEMM-D003,Dumper,2022-11-13,Morning,19,Poor,78.4,4.9,2.2,39.8,89.8,0.81,24.4,196.8,338.6,1737.0,10041,13,159,None,None,0,Medium
HEMM-G002,Grader,2023-06-14,Morning,8,Fair,86.3,4.79,2.45,51.4,83.7,0.96,24.4,169.5,300.4,1795.0,4444,19,1,Fuel System,Fuel System Failure,1,Critical
HEMM-E002,Excavator,2021-08-26,Night,12,Fair,78.8,4.67,2.39,37.4,83.3,0.8,25.2,203.7,285.1,1904.0,2287,114,84,None,None,0,Low
HEMM-D001,Dumper,2022-09-29,Morning,19,Fair,68.7,4.08,2.07,39.6,78.4,0.82,24.6,182.7,309.3,1709.0,8975,29,46,None,None,0,Medium
HEMM-B003,Dozer,2023-01-18,Night,5,Poor,92.9,4.21,2.24,34.3,80.7,0.9,24.7,192.5,323.8,1669.0,8715,89,164,None,None,0,Medium
HEMM-D004,Dumper,2023-03-21,Morning,18,Good,69.3,4.23,1.98,44.0,83.2,0.88,25.8,187.0,301.7,1814.0,7746,45,126,None,None,0,Low
HEMM-B002,Dozer,2022-03-25,Afternoon,15,Fair,102.5,4.41,1.86,57.3,76.7,0.79,24.5,187.5,263.6,1761.0,2615,81,0,Fuel System,Fuel System Failure,1,Critical
HEMM-B002,Dozer,2023-10-26,Night,4,Poor,81.9,4.58,2.28,32.5,83.0,0.89,25.2,176.0,339.4,2011.0,4680,113,86,None,None,0,Low
HEMM-E002,Excavator,2023-10-11,Afternoon,13,Fair,93.0,4.7,5.86,43.4,80.0,0.88,24.2,162.0,348.7,2133.0,1163,108,3,Brakes,Brake Failure,1,Critical
HEMM-D002,Dumper,2022-01-02,Afternoon,13,Poor,86.6,3.83,2.06,38.3,85.1,0.98,24.3,171.7,335.2,1778.0,5100,109,174,None,None,0,Low
HEMM-E001,Excavator,2021-02-14,Night,13,Poor,84.4,4.11,1.66,33.8,90.8,0.76,23.4,179.0,354.4,1843.0,5728,59,90,None,None,0,Low
HEMM-G001,Grader,2023-03-13,Afternoon,3,Fair,83.1,4.31,1.31,39.7,82.6,0.79,23.7,179.3,348.5,1688.0,8848,98,104,None,None,0,Medium
HEMM-E002,Excavator,2023-03-18,Morning,5,Poor,86.9,4.78,1.24,36.3,86.2,0.77,23.9,174.7,323.2,1835.0,5498,101,179,None,None,0,Low
HEMM-D002,Dumper,2022-09-15,Afternoon,6,Fair,92.6,4.75,2.39,43.3,82.4,0.91,24.7,184.4,338.1,1711.0,9656,22,131,None,None,0,Medium
HEMM-B002,Dozer,2021-10-24,Morning,7,Poor,91.2,2.16,2.26,45.3,78.7,0.84,24.3,115.9,304.0,1857.0,3405,99,1,Hydraulics,Hydraulic Failure,1,Critical
HEMM-G002,Grader,2023-05-25,Night,6,Fair,91.3,4.57,1.79,41.8,76.0,0.75,24.3,174.4,353.2,1908.0,1122,17,157,None,None,0,Low
HEMM-E001,Excavator,2021-04-18,Morning,17,Poor,78.8,3.94,1.96,32.6,84.8,0.75,24.4,184.1,307.4,1717.0,10851,48,144,None,None,0,Medium
HEMM-D005,Dumper,2023-04-08,Morning,2,Fair,80.7,4.29,1.64,44.6,77.3,0.85,24.4,180.8,301.0,1810.0,2146,35,143,None,None,0,Low
HEMM-E001,Excavator,2023-02-08,Night,3,Poor,83.8,4.29,1.82,48.6,85.1,0.99,25.2,165.1,317.3,1903.0,7796,115,30,None,None,0,Low
HEMM-DR02,Drill Rig,2023-01-23,Morning,4,Good,80.1,4.67,1.72,39.0,78.3,0.78,25.3,183.2,340.0,1775.0,2110,15,110,None,None,0,Low
HEMM-L002,Wheel Loader,2022-04-06,Morning,19,Fair,84.4,4.68,1.84,39.2,77.0,0.77,24.6,185.5,315.8,1883.0,9587,78,69,None,None,0,Medium
HEMM-D004,Dumper,2022-01-06,Afternoon,16,Fair,96.8,4.79,2.31,41.7,77.5,0.85,24.8,180.7,303.6,1694.0,10761,94,39,None,None,0,Medium
HEMM-D005,Dumper,2021-07-23,Afternoon,3,Poor,79.2,4.15,2.34,37.6,89.7,0.97,24.4,164.6,314.4,1731.0,11894,115,159,None,None,0,Medium
HEMM-D001,Dumper,2023-03-18,Night,18,Good,78.4,4.75,2.23,31.8,80.6,0.96,23.3,201.8,319.7,1910.0,8884,67,32,None,None,0,Medium
HEMM-SC01,Scraper,2021-09-12,Morning,4,Poor,89.5,4.68,1.28,34.3,74.9,0.87,24.5,191.6,293.9,1729.0,3160,115,75,None,None,0,Low
HEMM-D001,Dumper,2023-07-05,Afternoon,4,Poor,76.1,4.31,1.84,45.9,80.7,0.81,24.2,150.1,299.7,1783.0,841,21,133,None,None,0,Low
HEMM-E001,Excavator,2021-06-29,Night,9,Good,62.3,3.66,2.74,35.0,84.9,0.97,25.5,191.5,323.4,1820.0,773,15,142,None,None,0,Low
HEMM-G001,Grader,2021-12-18,Afternoon,1,Good,97.5,3.62,2.18,35.4,89.0,0.94,25.3,213.0,361.6,1799.0,4268,43,137,None,None,0,Low
HEMM-L002,Wheel Loader,2022-08-24,Night,18,Poor,99.3,4.68,1.68,33.6,83.2,0.94,24.4,200.9,317.3,1580.0,7489,22,137,None,None,0,Low
HEMM-B003,Dozer,2023-12-07,Afternoon,20,Good,75.9,4.65,1.67,34.8,86.0,0.81,24.8,199.7,306.2,1980.0,9018,70,147,None,None,0,Medium
HEMM-D002,Dumper,2022-05-01,Morning,7,Good,80.6,4.6,1.86,42.5,87.1,0.79,24.2,165.1,301.4,1725.0,2521,43,40,None,None,0,Low
HEMM-SC01,Scraper,2022-03-19,Night,12,Poor,92.5,5.29,2.01,37.9,84.2,0.99,24.2,168.2,332.6,1738.0,4744,21,161,None,None,0,Low
HEMM-D003,Dumper,2022-06-07,Afternoon,13,Good,76.6,4.04,2.36,35.5,86.4,0.87,25.0,188.2,320.1,1647.0,10845,120,100,None,None,0,Medium
HEMM-D003,Dumper,2022-06-05,Night,14,Poor,78.8,4.78,1.78,40.7,78.3,0.9,25.1,179.9,308.7,1795.0,11578,23,159,None,None,0,Medium
HEMM-B001,Dozer,2022-01-30,Night,12,Poor,75.5,4.12,1.94,40.3,76.5,0.99,25.4,174.9,317.3,2118.0,9434,89,118,None,None,0,Medium
HEMM-E001,Excavator,2023-05-10,Morning,11,Good,84.3,3.75,1.97,33.0,79.1,0.79,23.9,180.6,336.5,1879.0,7304,53,75,None,None,0,Low
HEMM-E003,Excavator,2021-06-08,Afternoon,4,Poor,66.3,4.13,2.15,33.5,86.6,0.88,24.7,172.7,285.1,1837.0,8907,19,119,None,None,0,Medium
HEMM-D003,Dumper,2022-11-06,Night,3,Fair,64.8,4.3,1.53,48.3,82.2,0.92,21.7,176.4,315.0,1804.0,6144,47,3,Electrical,Electrical Fault,1,Critical
HEMM-D001,Dumper,2021-07-20,Afternoon,8,Good,104.3,4.5,1.91,44.7,80.5,0.58,24.5,202.4,301.1,1763.0,6403,18,4,Cooling System,Cooling System Failure,1,Critical
HEMM-D004,Dumper,2023-12-20,Afternoon,19,Fair,79.5,4.94,1.05,35.3,85.3,0.92,24.4,182.8,298.4,1832.0,4820,75,63,None,None,0,Low
HEMM-D002,Dumper,2021-12-16,Afternoon,13,Poor,90.1,4.12,1.24,34.2,81.2,0.78,25.1,175.4,355.8,1916.0,3160,49,160,None,None,0,Low
HEMM-SC01,Scraper,2023-04-05,Afternoon,19,Good,88.0,4.42,2.07,34.5,82.2,0.92,25.5,182.9,314.7,1771.0,2290,38,45,None,None,0,Low
HEMM-D005,Dumper,2021-09-16,Morning,13,Fair,76.7,4.14,3.98,30.8,88.8,0.86,25.3,171.6,317.3,1974.0,9498,99,5,Brakes,Brake Failure,1,Critical
HEMM-DR01,Drill Rig,2023-07-27,Morning,15,Fair,89.0,4.61,2.01,43.1,77.2,0.87,25.3,183.0,275.3,1832.0,5999,107,170,None,None,0,Low
HEMM-B001,Dozer,2023-05-27,Night,8,Good,96.7,5.45,1.93,32.2,76.2,0.92,23.3,185.7,314.2,1797.0,5200,86,40,None,None,0,Low
HEMM-DR01,Drill Rig,2022-10-03,Morning,3,Good,77.1,4.33,2.05,38.2,87.1,0.89,25.3,182.4,311.5,1966.0,1456,98,32,None,None,0,Low
HEMM-E001,Excavator,2021-04-28,Morning,10,Good,93.4,4.77,2.27,33.4,82.8,0.86,24.5,197.6,303.7,1773.0,9279,68,172,None,None,0,Medium
HEMM-DR01,Drill Rig,2023-11-08,Night,5,Poor,75.8,4.15,2.31,47.9,87.5,0.82,23.8,173.6,333.9,1844.0,8058,68,161,None,None,0,Medium
HEMM-SC01,Scraper,2021-09-13,Afternoon,1,Poor,97.5,4.47,1.89,57.8,83.9,0.96,24.8,171.5,327.8,1752.0,10297,29,6,Fuel System,Fuel System Failure,1,Critical
HEMM-E003,Excavator,2023-12-18,Night,20,Fair,85.3,4.6,1.44,45.0,81.8,0.75,25.4,191.4,327.5,1725.0,893,82,49,None,None,0,Low
HEMM-L002,Wheel Loader,2022-04-06,Morning,3,Good,79.3,4.72,2.05,38.0,83.1,0.87,24.9,200.2,338.1,1832.0,6213,112,99,None,None,0,Low
HEMM-D002,Dumper,2023-05-16,Afternoon,13,Good,72.0,4.91,1.56,38.2,78.5,0.76,24.4,176.5,328.5,1687.0,2993,52,74,None,None,0,Low
HEMM-E003,Excavator,2021-08-30,Afternoon,10,Fair,86.9,4.11,1.85,34.9,85.5,0.93,24.3,174.3,324.3,1803.0,8115,42,33,None,None,0,Medium
HEMM-G002,Grader,2022-03-22,Afternoon,17,Poor,61.4,4.29,1.65,39.7,95.1,0.88,24.8,176.7,321.0,1902.0,780,64,94,None,None,0,Low
HEMM-D002,Dumper,2022-12-30,Morning,20,Fair,93.1,4.38,2.37,43.1,83.0,0.8,24.8,179.8,286.7,1782.0,7742,47,140,None,None,0,Low
HEMM-D001,Dumper,2022-12-18,Night,6,Good,88.3,4.53,5.66,37.1,86.0,0.82,24.9,185.2,314.5,1973.0,6787,50,7,Brakes,Brake Failure,1,Critical
HEMM-D003,Dumper,2023-12-20,Night,5,Fair,83.6,4.62,5.83,36.7,78.5,0.94,24.7,179.3,328.5,1929.0,6929,20,4,Brakes,Brake Failure,1,Critical
HEMM-L001,Wheel Loader,2023-03-21,Afternoon,10,Good,71.0,4.28,2.16,39.5,80.3,0.78,24.4,176.9,347.9,1763.0,6171,59,121,None,None,0,Low
HEMM-B001,Dozer,2021-08-11,Afternoon,15,Fair,78.1,4.66,2.39,36.2,80.6,0.85,24.5,178.4,286.3,1694.0,2851,22,153,None,None,0,Low
HEMM-D001,Dumper,2023-01-06,Night,7,Fair,80.8,4.07,5.09,32.7,80.6,0.92,24.5,175.8,339.8,1416.0,2013,29,6,Transmission,Transmission Failure,1,Critical
HEMM-B003,Dozer,2021-03-06,Morning,7,Fair,113.3,4.36,1.69,41.7,87.9,0.32,24.7,169.6,309.6,1909.0,8052,90,7,Cooling System,Cooling System Failure,1,Critical
HEMM-D005,Dumper,2022-10-28,Afternoon,17,Good,90.1,4.5,1.82,36.6,90.2,0.81,24.0,193.5,324.9,1851.0,6570,21,42,None,None,0,Low
HEMM-D001,Dumper,2021-09-16,Morning,12,Poor,72.6,5.32,2.15,44.3,83.0,0.93,24.4,182.9,318.6,1647.0,8392,6,107,None,None,0,Medium
HEMM-B003,Dozer,2023-05-30,Night,1,Fair,66.3,4.22,2.18,39.3,81.8,0.9,24.3,190.8,305.6,1713.0,7316,66,135,None,None,0,Low
HEMM-D003,Dumper,2023-05-29,Morning,20,Poor,79.0,4.87,2.73,37.3,81.4,0.92,23.6,170.7,319.0,1754.0,2698,98,75,None,None,0,Low
HEMM-B001,Dozer,2021-08-24,Afternoon,8,Fair,81.5,4.72,1.78,41.3,79.1,0.78,25.4,170.7,334.2,1753.0,11117,110,162,None,None,0,Medium
HEMM-D004,Dumper,2023-10-26,Night,6,Poor,76.4,5.05,1.72,35.7,81.8,0.98,23.8,176.8,290.7,1829.0,3291,114,173,None,None,0,Low
HEMM-D005,Dumper,2022-04-15,Morning,5,Fair,90.7,4.67,1.92,29.7,76.7,0.96,23.8,172.6,365.6,1982.0,6774,9,51,None,None,0,Low
HEMM-D005,Dumper,2023-05-24,Morning,20,Good,88.7,4.77,2.03,35.4,78.7,0.79,24.4,175.1,269.0,1839.0,3470,16,36,None,None,0,Low
HEMM-L002,Wheel Loader,2022-09-20,Night,8,Fair,92.7,4.13,1.41,40.2,81.7,0.85,23.6,189.0,307.8,2014.0,3833,48,136,None,None,0,Low
HEMM-L002,Wheel Loader,2023-05-25,Night,2,Fair,82.9,4.31,1.62,38.3,82.4,0.83,24.6,172.4,324.3,1633.0,5185,19,143,None,None,0,Low
HEMM-G001,Grader,2023-05-07,Morning,11,Good,88.5,4.15,4.2,39.7,81.4,0.98,24.2,179.8,311.9,1976.0,979,28,5,Brakes,Brake Failure,1,Critical
HEMM-B002,Dozer,2023-08-25,Afternoon,20,Good,90.4,4.79,2.08,37.1,81.0,0.84,24.2,188.2,321.9,1868.0,1850,60,142,None,None,0,Low
HEMM-L001,Wheel Loader,2023-01-15,Afternoon,10,Poor,99.6,4.03,2.42,48.0,81.9,0.78,24.1,175.7,343.2,1752.0,2027,17,2,Fuel System,Fuel System Failure,1,Critical
HEMM-G001,Grader,2023-01-11,Night,19,Fair,85.2,4.9,2.36,39.6,79.4,0.8,24.6,176.4,326.6,1859.0,8864,82,174,None,None,0,Medium
HEMM-B001,Dozer,2022-03-07,Night,13,Good,130.7,4.67,2.21,51.5,88.9,0.46,24.8,171.2,375.8,1799.0,1629,118,1,Engine,Engine Overheat,1,Critical
HEMM-E002,Excavator,2022-01-31,Night,15,Poor,79.8,4.27,2.07,39.4,88.8,0.8,23.8,181.7,347.5,1772.0,1816,14,176,None,None,0,Low
HEMM-B002,Dozer,2023-08-30,Morning,18,Good,78.3,4.74,1.94,46.5,86.7,0.93,24.4,197.2,326.8,1935.0,2717,10,140,None,None,0,Low
HEMM-SC01,Scraper,2022-06-02,Night,12,Poor,90.0,5.08,2.67,37.1,82.0,0.89,24.4,185.2,318.3,1828.0,6196,62,70,None,None,0,Low
HEMM-DR01,Drill Rig,2021-05-19,Afternoon,14,Good,75.0,2.64,2.22,41.6,83.4,0.88,24.4,125.9,334.8,1796.0,8781,69,4,Hydraulics,Hydraulic Failure,1,Critical
HEMM-B002,Dozer,2021-04-04,Night,2,Poor,79.2,4.7,2.08,39.4,86.8,0.92,25.2,191.2,308.0,1646.0,11567,29,136,None,None,0,Medium
HEMM-L001,Wheel Loader,2023-12-27,Night,3,Poor,99.9,4.37,2.34,44.1,86.1,0.86,24.6,188.9,328.9,1848.0,2911,61,84,None,None,0,Low
HEMM-G002,Grader,2023-04-01,Night,9,Good,122.6,4.7,2.27,57.2,84.3,0.43,24.1,173.9,438.6,1890.0,3590,28,3,Engine,Engine Overheat,1,Critical
HEMM-L002,Wheel Loader,2023-07-22,Night,17,Good,98.1,4.25,2.14,37.0,81.9,0.84,24.8,179.9,283.5,1882.0,4440,43,126,None,None,0,Low
HEMM-B001,Dozer,2021-09-01,Morning,8,Good,83.7,4.24,1.47,32.8,82.8,0.84,25.3,204.1,322.9,1724.0,947,73,140,None,None,0,Low
HEMM-D005,Dumper,2022-07-23,Morning,9,Good,92.5,4.53,1.77,43.0,88.6,0.8,24.5,179.2,337.1,1749.0,1044,87,35,None,None,0,Low
HEMM-E002,Excavator,2023-12-31,Morning,1,Poor,94.2,5.23,2.43,40.4,71.9,0.8,25.1,184.3,347.3,1841.0,10827,49,64,None,None,0,Medium
HEMM-G001,Grader,2022-10-27,Morning,18,Good,86.1,3.45,2.53,34.4,83.3,0.84,24.4,191.1,301.4,1771.0,4526,97,58,None,None,0,High
HEMM-B002,Dozer,2022-10-27,Morning,1,Poor,84.0,5.22,2.14,33.9,80.4,0.75,24.9,178.8,300.8,1738.0,6024,33,82,None,None,0,Low
HEMM-E001,Excavator,2022-06-09,Morning,18,Poor,98.7,4.28,2.27,43.5,85.2,0.95,20.9,173.8,357.2,1804.0,10969,116,6,Electrical,Electrical Fault,1,Critical
HEMM-SC01,Scraper,2022-02-27,Afternoon,8,Good,87.4,4.69,2.09,34.1,76.2,0.92,24.9,176.4,306.5,1708.0,5512,39,50,None,None,0,Low
HEMM-G002,Grader,2021-11-15,Afternoon,8,Good,96.6,4.05,1.71,34.2,88.5,0.94,25.5,187.7,343.1,1897.0,7309,52,160,None,None,0,Low
HEMM-D003,Dumper,2023-10-13,Morning,15,Good,84.0,4.46,1.89,46.3,84.2,0.89,24.2,189.2,355.5,1869.0,3231,109,106,None,None,0,Low
HEMM-L001,Wheel Loader,2022-01-05,Night,10,Good,87.0,4.06,1.68,36.9,76.7,0.92,24.3,170.1,312.4,1680.0,544,44,77,None,None,0,Low
HEMM-G002,Grader,2022-01-20,Morning,5,Good,79.8,5.11,2.23,34.6,80.8,0.93,24.1,174.8,311.1,1715.0,1380,59,122,None,None,0,Low
HEMM-G002,Grader,2021-07-25,Night,17,Good,84.7,4.5,1.89,35.3,79.2,0.89,24.6,177.4,313.1,1757.0,2449,98,52,None,None,0,Low
HEMM-G002,Grader,2023-02-26,Morning,4,Poor,101.0,4.82,2.16,24.7,78.9,0.93,24.6,180.2,295.1,1771.0,422,102,98,None,None,0,High
HEMM-D005,Dumper,2022-05-24,Morning,9,Poor,96.6,4.6,7.15,48.7,52.1,0.79,24.1,198.0,296.1,1869.0,2536,85,0,Tyres,Tyre Burst,1,Critical
HEMM-SC01,Scraper,2022-11-25,Night,3,Fair,93.4,4.83,1.65,34.5,82.1,0.8,24.4,171.9,326.0,1925.0,3514,22,97,None,None,0,Low
HEMM-DR02,Drill Rig,2021-12-01,Afternoon,11,Good,85.5,4.28,5.11,33.6,60.8,0.77,24.5,188.3,362.0,1814.0,8046,24,4,Tyres,Tyre Burst,1,Critical
HEMM-D001,Dumper,2021-04-02,Morning,18,Poor,95.9,4.9,2.04,46.6,82.4,0.82,23.5,174.3,316.1,1707.0,5061,18,91,None,None,0,Low
HEMM-DR01,Drill Rig,2021-10-18,Morning,8,Fair,81.2,4.25,2.41,41.5,78.8,0.83,24.1,168.2,327.0,1831.0,593,34,146,None,None,0,Low
HEMM-G001,Grader,2022-08-11,Morning,13,Poor,79.5,4.82,1.16,35.2,88.0,1.0,24.4,178.2,336.6,1903.0,11451,118,109,None,None,0,Medium
HEMM-D004,Dumper,2023-10-05,Morning,4,Fair,89.7,4.77,2.47,38.1,85.2,0.99,24.9,170.9,301.7,1826.0,3878,18,55,None,None,0,Low
HEMM-B003,Dozer,2021-08-31,Afternoon,3,Good,88.0,2.82,1.76,38.1,77.3,0.79,23.8,148.7,313.8,1731.0,910,82,5,Hydraulics,Hydraulic Failure,1,Critical
HEMM-DR01,Drill Rig,2021-11-04,Night,10,Fair,78.9,4.69,2.05,34.7,78.2,0.87,24.7,184.3,316.1,1872.0,10436,109,168,None,None,0,Medium
HEMM-D004,Dumper,2022-07-10,Afternoon,12,Poor,78.1,4.3,2.07,26.7,84.6,0.94,24.3,180.2,338.0,1892.0,4548,108,175,None,None,0,Low
HEMM-D001,Dumper,2021-11-01,Night,5,Fair,85.6,4.83,1.79,39.2,86.4,0.89,23.9,194.9,295.7,1820.0,5447,23,128,None,None,0,Low
HEMM-L001,Wheel Loader,2021-05-18,Morning,19,Fair,94.0,2.5,1.42,34.1,82.7,0.95,25.3,108.5,310.4,1745.0,7203,98,5,Hydraulics,Hydraulic Failure,1,Critical
HEMM-E001,Excavator,2023-02-28,Afternoon,11,Fair,82.5,4.69,1.65,37.3,78.4,0.95,25.1,181.5,295.2,1705.0,8297,59,109,None,None,0,Medium
HEMM-DR01,Drill Rig,2022-11-14,Morning,8,Poor,85.2,5.03,1.35,45.5,81.0,0.86,24.9,170.4,311.6,1713.0,6478,58,74,None,None,0,Low
HEMM-SC01,Scraper,2023-10-06,Night,18,Good,83.2,3.96,2.08,32.1,80.0,0.97,24.6,174.4,307.2,1760.0,3970,54,49,None,None,0,Low
HEMM-DR01,Drill Rig,2023-12-16,Night,8,Good,101.6,4.69,2.49,36.3,78.1,0.95,24.0,181.7,293.3,1734.0,11719,16,111,None,None,0,High
HEMM-E002,Excavator,2021-02-05,Afternoon,18,Good,103.1,4.78,2.52,59.0,87.5,0.87,23.8,198.6,314.1,1740.0,7964,22,5,Fuel System,Fuel System Failure,1,Critical
HEMM-D005,Dumper,2022-08-27,Afternoon,5,Good,92.4,5.38,2.05,43.0,82.2,1.0,24.7,172.1,347.9,1724.0,9235,58,132,None,None,0,Medium
HEMM-E003,Excavator,2021-04-25,Night,5,Poor,82.1,3.72,5.9,37.7,83.9,0.81,24.0,194.3,320.0,1637.0,2120,94,0,Transmission,Transmission Failure,1,Critical
HEMM-G001,Grader,2021-04-21,Night,4,Good,84.6,4.42,1.79,41.0,81.8,0.83,24.4,182.9,321.7,1662.0,11058,79,171,None,None,0,Medium
HEMM-E001,Excavator,2021-03-03,Morning,12,Good,82.7,2.22,2.14,39.9,84.5,0.81,24.4,140.5,328.3,1819.0,2514,15,6,Hydraulics,Hydraulic Failure,1,Critical
HEMM-E001,Excavator,2023-08-21,Night,5,Fair,84.2,4.51,2.47,26.7,81.4,1.0,24.6,170.8,329.1,1819.0,8841,94,170,None,None,0,Medium
HEMM-B003,Dozer,2023-06-29,Night,1,Good,92.5,3.69,2.02,46.0,83.7,0.84,24.7,120.1,315.3,1911.0,4898,19,0,Hydraulics,Hydraulic Failure,1,Critical
HEMM-L002,Wheel Loader,2021-11-25,Morning,13,Fair,85.6,4.92,2.44,32.5,81.5,0.83,25.1,169.5,306.1,1858.0,7140,92,81,None,None,0,Low
HEMM-B001,Dozer,2023-10-25,Afternoon,8,Fair,72.8,4.0,1.98,34.5,83.4,0.83,25.3,179.5,318.7,1729.0,7141,25,43,None,None,0,Low
HEMM-L002,Wheel Loader,2023-02-13,Morning,7,Good,92.3,4.16,2.61,22.5,81.5,0.75,25.2,162.5,351.2,1844.0,6760,84,156,None,None,0,Low
HEMM-E001,Excavator,2021-06-08,Night,15,Poor,72.9,5.16,2.21,44.8,85.5,0.84,24.5,185.1,293.3,1700.0,8021,45,105,None,None,0,Medium
HEMM-G002,Grader,2021-12-04,Morning,12,Good,101.3,4.29,2.13,40.1,82.9,0.83,24.9,189.9,328.9,1620.0,10794,59,65,None,None,0,High
HEMM-D004,Dumper,2021-06-09,Afternoon,20,Good,95.4,4.47,2.11,39.3,81.8,0.85,25.2,179.6,345.6,1805.0,5696,8,36,None,None,0,Low
HEMM-SC01,Scraper,2021-08-07,Morning,7,Fair,71.8,4.65,2.14,41.3,78.3,0.93,24.4,167.4,314.2,1807.0,9983,6,170,None,None,0,Medium
HEMM-E002,Excavator,2021-03-08,Morning,9,Poor,119.2,4.54,2.28,37.5,82.4,0.6,24.0,179.1,423.6,1798.0,1593,77,7,Engine,Engine Overheat,1,Critical
HEMM-D002,Dumper,2022-10-07,Morning,10,Fair,86.9,4.91,2.25,40.8,78.7,0.9,24.7,174.4,317.9,1686.0,338,50,157,None,None,0,Low
HEMM-L002,Wheel Loader,2022-02-04,Afternoon,13,Poor,99.4,4.68,2.07,47.9,72.7,0.97,24.1,168.1,303.2,1724.0,6030,21,139,None,None,0,Low
HEMM-B003,Dozer,2023-04-15,Night,17,Good,119.6,4.85,2.18,27.8,83.8,0.61,24.8,176.9,328.4,1787.0,1854,69,6,Cooling System,Cooling System Failure,1,Critical
HEMM-D002,Dumper,2022-08-18,Morning,5,Good,74.2,4.01,1.87,45.8,84.9,0.89,24.9,175.7,329.4,1849.0,11380,64,91,None,None,0,Medium
HEMM-D003,Dumper,2022-04-20,Morning,5,Poor,79.7,4.98,2.0,39.6,86.0,0.98,25.0,180.0,285.2,1764.0,11972,25,148,None,None,0,Medium
HEMM-L002,Wheel Loader,2022-12-01,Afternoon,5,Fair,83.6,5.11,2.05,38.4,78.6,0.89,25.0,178.9,337.2,1763.0,5754,42,71,None,None,0,Low
HEMM-DR01,Drill Rig,2021-03-23,Night,13,Poor,100.7,4.53,1.75,34.4,80.4,0.94,24.2,173.1,332.3,1641.0,4117,31,117,None,None,0,High
HEMM-D005,Dumper,2023-10-16,Morning,1,Fair,76.0,4.14,1.77,32.6,84.4,0.99,24.8,178.1,345.2,1763.0,2536,103,86,None,None,0,Low
HEMM-D003,Dumper,2023-10-19,Morning,15,Fair,106.5,4.61,1.83,50.7,85.2,0.79,25.5,166.1,334.6,1886.0,5339,26,4,Fuel System,Fuel System Failure,1,Critical
HEMM-G001,Grader,2021-07-02,Morning,6,Fair,90.4,4.63,2.51,38.2,74.7,0.81,23.6,184.5,343.4,1799.0,11843,103,129,None,None,0,Medium
HEMM-L001,Wheel Loader,2022-06-09,Afternoon,5,Fair,78.7,3.21,5.77,36.4,81.1,0.99,24.3,162.8,326.0,1588.0,2231,77,4,Transmission,Transmission Failure,1,Critical
HEMM-DR01,Drill Rig,2021-09-22,Afternoon,12,Poor,85.3,4.2,2.45,32.9,78.3,0.92,25.1,188.8,301.3,1879.0,8596,113,74,None,None,0,Medium
HEMM-G001,Grader,2021-06-20,Night,14,Fair,79.1,4.3,1.55,42.5,82.5,0.76,25.0,170.8,297.2,1878.0,8489,62,168,None,None,0,Medium
HEMM-D002,Dumper,2021-04-27,Night,8,Poor,80.9,4.52,2.17,37.6,78.3,0.89,19.9,176.8,321.3,1821.0,11664,110,1,Electrical,Electrical Fault,1,Critical
HEMM-G002,Grader,2021-11-21,Night,13,Fair,74.6,5.2,1.51,42.8,80.1,0.93,25.1,171.7,312.8,1611.0,1395,33,148,None,None,0,Low
HEMM-D003,Dumper,2022-12-16,Afternoon,15,Fair,70.7,4.99,7.16,47.3,55.9,0.92,24.8,195.1,319.1,1700.0,10726,73,2,Tyres,Tyre Burst,1,Critical
HEMM-G002,Grader,2023-06-07,Morning,13,Fair,84.9,4.53,2.61,36.9,75.5,0.89,24.5,199.4,342.1,1749.0,5585,13,165,None,None,0,Low
HEMM-L001,Wheel Loader,2022-03-12,Night,16,Fair,117.1,4.28,2.07,42.5,83.9,0.45,25.3,194.6,330.8,1826.0,2073,40,2,Cooling System,Cooling System Failure,1,Critical
HEMM-D005,Dumper,2022-03-14,Afternoon,19,Fair,82.6,3.57,6.66,47.5,79.8,0.77,24.8,178.7,325.7,1548.0,713,81,5,Transmission,Transmission Failure,1,Critical
HEMM-L001,Wheel Loader,2022-03-14,Morning,7,Poor,83.2,3.87,2.14,31.6,92.8,0.78,23.4,173.6,320.5,1767.0,575,102,117,None,None,0,Low
HEMM-B001,Dozer,2021-12-27,Morning,5,Fair,91.5,3.66,5.95,36.2,76.9,0.79,23.8,208.2,286.9,1528.0,1334,40,7,Transmission,Transmission Failure,1,Critical
HEMM-L002,Wheel Loader,2022-03-15,Night,9,Good,104.1,4.42,2.83,49.4,82.8,0.84,23.6,168.7,304.0,1974.0,3215,111,6,Fuel System,Fuel System Failure,1,Critical
HEMM-B002,Dozer,2021-12-03,Morning,12,Fair,77.1,4.41,1.67,43.9,82.4,0.76,24.1,171.5,344.7,1754.0,7066,66,135,None,None,0,Low
HEMM-E001,Excavator,2023-06-14,Afternoon,19,Good,84.3,4.52,1.95,38.6,80.4,0.83,24.9,184.4,297.9,1666.0,6575,110,139,None,None,0,Low
HEMM-E002,Excavator,2021-06-09,Night,19,Fair,92.1,4.56,1.75,29.8,81.5,0.79,24.7,182.0,318.3,1789.0,10300,23,154,None,None,0,Medium
HEMM-B003,Dozer,2021-01-30,Morning,15,Fair,110.9,5.16,2.34,31.9,81.7,0.94,19.5,176.0,363.3,1675.0,2616,68,6,Electrical,Electrical Fault,1,Critical
HEMM-L002,Wheel Loader,2021-01-08,Afternoon,5,Poor,80.0,4.64,2.45,42.7,77.8,1.0,24.5,174.7,302.1,1885.0,10592,62,100,None,None,0,Medium
HEMM-D004,Dumper,2021-03-16,Morning,7,Poor,86.8,4.78,1.75,37.6,80.5,0.78,23.9,178.0,295.3,1758.0,7084,94,88,None,None,0,Low
HEMM-G002,Grader,2022-03-19,Afternoon,7,Poor,68.4,4.72,2.07,38.1,86.7,0.94,24.8,175.1,324.2,1865.0,3331,91,90,None,None,0,Low
HEMM-G001,Grader,2023-01-16,Morning,10,Good,91.4,4.69,1.75,35.5,79.5,0.82,24.0,190.6,295.3,1788.0,5229,69,105,None,None,0,Low
HEMM-DR02,Drill Rig,2023-04-28,Afternoon,12,Poor,87.6,3.82,2.42,29.0,80.6,0.84,24.5,203.6,335.2,1576.0,5970,111,144,None,None,0,Low
HEMM-B003,Dozer,2021-08-21,Morning,15,Good,69.7,4.7,2.35,42.3,79.5,0.77,24.5,185.6,330.1,1891.0,7218,52,130,None,None,0,Low
HEMM-E001,Excavator,2023-06-12,Afternoon,10,Poor,88.8,4.21,1.08,43.3,78.2,0.98,24.8,178.7,374.4,2003.0,11006,93,141,None,None,0,Medium
HEMM-B002,Dozer,2021-07-23,Morning,4,Good,79.2,3.92,2.27,38.4,76.5,0.75,25.1,179.9,327.7,1808.0,1668,88,172,None,None,0,Low
HEMM-DR01,Drill Rig,2021-08-01,Afternoon,20,Poor,90.6,4.1,2.47,39.3,89.6,0.92,24.3,184.2,309.1,1814.0,9124,17,69,None,None,0,Medium
HEMM-D002,Dumper,2022-08-17,Afternoon,7,Fair,79.7,5.34,1.59,38.7,84.4,0.76,24.8,173.5,316.5,1867.0,3851,104,39,None,None,0,Low
HEMM-D004,Dumper,2022-02-05,Afternoon,4,Fair,91.6,4.08,2.35,42.7,85.9,0.86,24.2,198.5,311.7,1595.0,5944,106,87,None,None,0,Low
HEMM-G002,Grader,2021-01-16,Afternoon,8,Fair,73.8,3.83,2.57,41.0,80.0,0.88,25.4,196.6,328.8,1846.0,8515,41,66,None,None,0,Medium
HEMM-B001,Dozer,2022-09-22,Afternoon,8,Fair,93.3,2.88,1.21,42.3,80.5,0.76,25.3,117.9,331.8,1790.0,268,120,0,Hydraulics,Hydraulic Failure,1,Critical
HEMM-G001,Grader,2023-11-29,Night,20,Good,68.6,4.67,2.28,36.5,73.1,0.76,23.9,190.0,312.2,1724.0,5401,47,63,None,None,0,Low
HEMM-DR01,Drill Rig,2022-05-11,Night,13,Poor,90.7,3.05,2.84,40.8,78.9,0.84,24.2,169.7,353.4,1847.0,3356,83,132,None,None,0,High
HEMM-D002,Dumper,2023-05-29,Morning,13,Fair,82.6,4.88,2.2,41.6,79.5,0.91,24.8,181.4,327.7,1978.0,3046,56,52,None,None,0,Low
HEMM-DR01,Drill Rig,2022-04-19,Morning,5,Poor,85.8,5.07,2.33,35.3,88.8,0.97,24.4,179.2,346.8,1909.0,8461,20,154,None,None,0,Medium
HEMM-G002,Grader,2022-06-17,Night,6,Good,118.2,4.4,2.48,52.7,83.1,0.5,24.5,174.6,356.4,1880.0,5482,31,6,Engine,Engine Overheat,1,Critical
HEMM-D005,Dumper,2021-02-26,Night,18,Fair,120.8,4.35,1.84,28.6,85.4,0.37,24.2,187.2,319.5,1808.0,1490,78,2,Cooling System,Cooling System Failure,1,Critical
HEMM-G001,Grader,2022-01-18,Morning,8,Poor,84.9,4.02,1.29,42.2,83.9,0.93,24.8,183.6,353.4,1712.0,5064,29,107,None,None,0,Low
HEMM-G002,Grader,2022-06-18,Night,2,Good,81.1,4.49,1.89,40.0,87.6,0.76,24.3,184.2,299.1,1819.0,4705,15,164,None,None,0,Low
HEMM-D004,Dumper,2021-08-16,Afternoon,20,Good,86.9,4.22,2.28,36.0,81.7,0.77,23.4,189.3,296.5,1712.0,2210,18,174,None,None,0,Low
HEMM-E001,Excavator,2021-07-10,Morning,16,Good,91.5,4.5,2.2,43.2,89.5,0.87,24.7,189.9,331.8,1862.0,6121,112,114,None,None,0,Low
HEMM-L001,Wheel Loader,2021-02-14,Afternoon,3,Good,76.0,4.73,2.7,42.1,86.8,0.96,24.3,184.8,325.7,1739.0,8171,85,146,None,None,0,Medium
HEMM-DR01,Drill Rig,2023-02-08,Afternoon,15,Fair,122.4,3.86,1.76,44.3,84.5,0.53,24.4,168.5,408.2,1635.0,2839,28,2,Engine,Engine Overheat,1,Critical
HEMM-D004,Dumper,2022-12-04,Afternoon,16,Poor,93.7,4.55,7.25,43.0,35.7,0.86,24.6,181.8,324.8,1828.0,10259,81,4,Tyres,Tyre Burst,1,Critical
HEMM-E002,Excavator,2021-03-02,Night,1,Good,77.3,4.0,1.41,38.0,89.2,0.89,25.0,187.3,306.0,1755.0,8686,70,152,None,None,0,Medium
HEMM-G001,Grader,2021-08-24,Morning,1,Good,67.8,4.54,1.75,38.5,72.8,0.88,21.2,163.4,308.1,1852.0,5566,22,2,Electrical,Electrical Fault,1,Critical
HEMM-B001,Dozer,2023-09-14,Morning,3,Poor,86.8,4.65,1.8,39.9,83.9,0.96,24.4,162.4,323.1,1799.0,5910,95,44,None,None,0,Low
HEMM-DR02,Drill Rig,2023-10-13,Afternoon,17,Fair,76.7,3.51,5.17,31.3,81.6,0.8,24.6,185.9,315.8,1543.0,6752,29,4,Transmission,Transmission Failure,1,Critical
HEMM-D004,Dumper,2022-10-01,Morning,7,Fair,85.5,3.95,2.04,34.4,76.2,0.91,23.5,168.5,289.2,1839.0,8192,60,62,None,None,0,Medium
HEMM-B001,Dozer,2022-10-15,Night,4,Fair,85.7,4.43,2.5,32.4,82.3,0.96,25.7,186.2,326.6,1709.0,10149,54,66,None,None,0,Medium
HEMM-G001,Grader,2023-02-05,Night,3,Good,74.6,4.34,1.64,35.4,81.1,0.79,24.3,188.6,326.7,1714.0,7563,26,128,None,None,0,Low
HEMM-B001,Dozer,2023-04-20,Afternoon,20,Fair,81.7,4.35,1.58,39.3,86.4,0.86,24.8,188.4,322.5,1661.0,10769,72,130,None,None,0,Medium
HEMM-D004,Dumper,2022-01-04,Afternoon,14,Good,106.5,5.23,1.62,56.8,77.1,0.91,23.7,167.4,327.8,1975.0,3246,50,5,Fuel System,Fuel System Failure,1,Critical
HEMM-D005,Dumper,2022-10-06,Morning,1,Good,94.3,4.96,2.27,32.4,83.3,0.85,24.8,193.4,304.5,1865.0,5419,93,76,None,None,0,Low
HEMM-E002,Excavator,2023-08-12,Night,11,Good,96.7,4.81,2.29,44.7,85.6,0.77,24.0,178.2,360.6,1623.0,4011,76,112,None,None,0,Low
HEMM-E002,Excavator,2023-12-16,Morning,4,Poor,88.6,4.0,2.38,37.0,84.2,0.75,25.2,178.5,340.4,1799.0,9390,40,64,None,None,0,Medium
HEMM-D003,Dumper,2023-05-14,Night,14,Fair,91.1,4.45,2.21,42.3,83.0,0.96,23.6,178.5,319.3,1687.0,5406,109,148,None,None,0,Low
HEMM-D002,Dumper,2023-10-09,Afternoon,2,Good,97.1,4.19,2.17,56.5,81.4,0.94,25.1,182.7,293.2,1779.0,4696,58,2,Fuel System,Fuel System Failure,1,Critical
HEMM-G002,Grader,2022-04-30,Night,1,Poor,80.2,4.43,1.89,36.4,85.0,0.8,24.0,191.6,344.1,1716.0,4870,7,101,None,None,0,Low
HEMM-D001,Dumper,2023-08-04,Afternoon,5,Poor,86.1,4.87,1.32,39.4,83.0,0.79,25.1,178.4,291.2,1808.0,6799,9,178,None,None,0,Low
HEMM-D002,Dumper,2022-11-22,Night,1,Good,101.9,4.81,1.89,45.6,78.2,0.9,24.5,178.3,305.7,1854.0,1337,65,31,None,None,0,High
HEMM-DR01,Drill Rig,2022-09-09,Afternoon,11,Good,83.8,4.81,1.77,35.7,87.6,0.82,24.4,204.9,326.1,1665.0,5865,56,119,None,None,0,Low
HEMM-B003,Dozer,2023-10-09,Night,2,Poor,83.3,4.93,2.53,33.6,81.3,0.98,23.2,182.1,294.3,1837.0,6644,43,155,None,None,0,Low
HEMM-L001,Wheel Loader,2021-09-06,Afternoon,20,Good,75.8,2.7,2.44,28.4,81.2,0.95,24.9,133.0,307.9,1603.0,1883,8,0,Hydraulics,Hydraulic Failure,1,Critical
HEMM-D004,Dumper,2022-10-24,Night,14,Good,74.9,4.14,2.58,35.7,86.4,0.84,24.5,195.2,324.4,1894.0,3908,26,46,None,None,0,Low
HEMM-G001,Grader,2021-01-11,Night,2,Good,84.6,4.48,5.76,44.2,38.3,0.86,24.7,183.6,357.7,1752.0,4454,118,4,Tyres,Tyre Burst,1,Critical
HEMM-B001,Dozer,2022-11-06,Night,20,Poor,111.2,3.25,2.09,43.8,80.8,0.41,24.4,174.8,302.2,1866.0,6418,39,2,Cooling System,Cooling System Failure,1,Critical
HEMM-D004,Dumper,2021-09-16,Afternoon,5,Fair,80.1,4.34,1.31,41.5,83.9,0.85,25.5,183.9,295.8,1836.0,9770,118,51,None,None,0,Medium
HEMM-D004,Dumper,2023-12-05,Night,8,Poor,94.4,3.53,2.1,39.3,81.9,0.94,23.8,157.1,362.8,1800.0,9668,66,143,None,None,0,Medium
HEMM-B001,Dozer,2022-10-22,Night,16,Fair,76.1,4.99,2.42,36.7,82.8,0.79,24.5,177.8,288.0,1865.0,3900,16,54,None,None,0,Low
HEMM-D003,Dumper,2022-12-24,Night,8,Poor,91.7,3.35,1.95,38.0,72.1,0.88,25.1,190.1,294.7,1621.0,11004,87,76,None,None,0,High
HEMM-D003,Dumper,2021-06-03,Afternoon,2,Poor,85.4,4.16,1.74,36.7,88.7,0.87,25.3,169.9,291.1,1726.0,3681,6,50,None,None,0,Low
HEMM-G002,Grader,2022-01-20,Afternoon,4,Poor,70.6,4.11,1.47,29.5,81.8,0.76,24.4,186.1,344.6,1772.0,5777,31,31,None,None,0,Low
HEMM-L002,Wheel Loader,2022-10-04,Afternoon,15,Poor,88.2,3.53,6.21,30.5,82.9,0.82,24.1,180.4,313.1,1853.0,10936,24,2,Brakes,Brake Failure,1,Critical
HEMM-G001,Grader,2023-03-01,Afternoon,20,Fair,99.5,4.51,1.59,34.4,82.0,0.9,24.8,187.5,327.9,1768.0,8612,30,173,None,None,0,Medium
HEMM-B001,Dozer,2023-05-17,Morning,10,Good,85.5,4.46,7.15,38.2,38.4,0.96,24.9,175.1,320.6,1743.0,9657,87,1,Tyres,Tyre Burst,1,Critical
HEMM-E003,Excavator,2021-02-03,Afternoon,6,Fair,99.4,4.96,1.79,25.4,81.8,0.98,22.9,190.0,296.4,1885.0,4570,8,82,None,None,0,Low
HEMM-DR02,Drill Rig,2022-12-22,Afternoon,4,Fair,86.1,3.96,2.22,35.9,85.5,0.99,24.8,172.4,288.4,1922.0,9216,15,96,None,None,0,Medium
HEMM-D005,Dumper,2023-03-24,Night,14,Good,89.1,5.09,2.15,40.2,85.1,0.76,23.8,174.2,321.0,1726.0,8521,47,112,None,None,0,Medium
HEMM-G001,Grader,2021-07-20,Morning,13,Fair,81.7,4.15,2.74,45.1,78.2,0.9,24.6,188.5,316.2,1814.0,7123,29,165,None,None,0,Low
HEMM-E001,Excavator,2022-07-20,Night,20,Fair,86.7,4.78,3.17,44.0,88.1,0.93,24.4,173.4,287.7,1998.0,8287,71,0,Brakes,Brake Failure,1,Critical
HEMM-D004,Dumper,2022-03-26,Morning,2,Fair,90.2,4.49,1.77,39.5,82.0,0.98,23.9,186.9,309.2,1688.0,784,78,128,None,None,0,Low
HEMM-SC01,Scraper,2021-07-26,Afternoon,8,Poor,77.7,4.25,2.12,39.6,79.9,0.82,24.9,182.2,298.9,1732.0,10361,94,160,None,None,0,Medium
HEMM-G002,Grader,2021-07-27,Morning,9,Good,88.5,4.24,1.34,32.7,80.0,0.83,24.3,176.4,315.8,1754.0,8312,31,157,None,None,0,Medium
HEMM-G001,Grader,2022-08-13,Night,20,Good,82.9,4.01,1.46,46.0,84.2,0.77,19.0,181.1,328.1,1776.0,4918,98,7,Electrical,Electrical Fault,1,Critical
HEMM-E003,Excavator,2021-12-15,Afternoon,3,Fair,82.1,4.26,1.73,39.6,92.5,0.82,24.9,177.3,315.9,1950.0,2930,28,161,None,None,0,Low
HEMM-D005,Dumper,2021-01-27,Night,16,Good,77.4,3.36,6.52,41.1,58.5,0.9,24.0,182.8,315.5,1899.0,7211,47,4,Tyres,Tyre Burst,1,Critical
HEMM-E001,Excavator,2021-01-20,Night,12,Good,71.5,4.65,1.44,33.0,83.2,0.79,25.0,187.3,317.3,1729.0,7963,79,134,None,None,0,Low
HEMM-E003,Excavator,2023-08-26,Morning,2,Poor,81.2,4.97,1.96,32.1,76.9,0.97,25.2,176.4,350.2,1843.0,484,77,80,None,None,0,Low
HEMM-E003,Excavator,2023-12-12,Night,6,Good,113.5,4.66,2.28,40.5,81.0,0.57,24.4,186.3,345.1,1932.0,2601,104,5,Cooling System,Cooling System Failure,1,Critical
HEMM-L001,Wheel Loader,2022-12-20,Night,9,Fair,90.4,4.34,1.67,41.6,80.9,0.94,24.5,183.7,304.7,1685.0,11069,67,116,None,None,0,Medium
HEMM-D001,Dumper,2022-12-24,Afternoon,11,Poor,78.8,4.37,1.81,38.0,80.3,0.92,24.2,160.8,321.9,1697.0,8684,104,134,None,None,0,Medium
HEMM-L001,Wheel Loader,2021-08-19,Afternoon,17,Good,86.4,4.63,2.51,39.9,81.0,0.76,24.8,172.4,299.5,1902.0,10682,7,79,None,None,0,Medium
HEMM-E003,Excavator,2021-10-18,Afternoon,16,Poor,76.5,4.15,1.87,41.3,87.1,0.95,24.9,187.5,325.9,1735.0,706,36,45,None,None,0,Low
HEMM-DR01,Drill Rig,2023-01-07,Morning,3,Poor,111.1,5.13,2.19,29.4,79.6,0.55,25.4,164.4,297.3,1774.0,3375,53,4,Cooling System,Cooling System Failure,1,Critical
HEMM-L002,Wheel Loader,2021-12-25,Afternoon,12,Poor,80.1,4.24,1.51,42.8,83.7,0.95,24.5,176.6,278.9,1712.0,5626,55,33,None,None,0,Low
HEMM-B001,Dozer,2022-09-26,Morning,2,Poor,73.6,4.57,1.74,38.6,80.5,0.78,24.5,202.8,352.7,1894.0,9694,71,55,None,None,0,Medium
HEMM-D004,Dumper,2023-06-07,Afternoon,19,Good,80.5,5.33,2.76,38.0,89.8,0.83,25.2,171.9,318.5,1938.0,5885,41,76,None,None,0,Low
HEMM-L001,Wheel Loader,2021-10-29,Afternoon,5,Poor,77.0,4.4,2.35,44.1,92.3,0.9,24.3,184.6,316.9,1591.0,8771,42,86,None,None,0,Medium
HEMM-E001,Excavator,2022-09-14,Afternoon,10,Fair,88.4,4.51,4.17,39.1,83.7,0.96,25.0,182.2,306.2,1876.0,1258,107,0,Brakes,Brake Failure,1,Critical
HEMM-B002,Dozer,2021-09-10,Morning,16,Fair,82.9,4.76,1.49,34.1,79.6,0.86,23.8,186.3,337.5,1647.0,5210,5,92,None,None,0,Low
HEMM-D001,Dumper,2021-04-13,Afternoon,5,Fair,93.7,4.77,1.45,34.0,87.5,0.86,24.4,176.5,299.1,1863.0,5937,117,106,None,None,0,Low
HEMM-L002,Wheel Loader,2021-11-14,Morning,9,Good,87.1,3.86,1.99,35.1,79.4,0.93,25.3,192.3,297.1,1948.0,2537,98,152,None,None,0,Low
HEMM-D003,Dumper,2022-08-19,Morning,2,Good,88.2,4.71,2.03,42.6,85.7,0.91,24.5,196.4,324.8,1846.0,7952,50,112,None,None,0,Low
HEMM-G002,Grader,2023-05-16,Afternoon,4,Poor,82.4,4.27,1.75,43.0,80.1,0.84,24.3,195.7,331.0,1761.0,4480,43,31,None,None,0,Low
HEMM-DR01,Drill Rig,2022-10-23,Night,5,Good,98.4,4.06,2.18,35.8,80.3,0.81,23.9,181.8,323.4,1654.0,11395,103,157,None,None,0,Medium
HEMM-DR01,Drill Rig,2022-02-13,Afternoon,10,Poor,77.2,4.3,2.33,42.6,79.3,0.98,24.8,193.4,323.2,1638.0,1602,43,156,None,None,0,Low
HEMM-DR02,Drill Rig,2022-01-11,Afternoon,14,Poor,81.4,4.99,1.84,43.5,79.9,0.86,25.0,173.4,323.5,1810.0,1773,22,60,None,None,0,Low
HEMM-B003,Dozer,2023-10-29,Night,12,Fair,89.9,5.13,2.33,41.8,82.7,0.91,24.6,189.8,327.7,1598.0,7873,50,98,None,None,0,Low
HEMM-DR01,Drill Rig,2023-08-03,Morning,18,Fair,77.5,3.82,2.14,44.1,78.2,0.83,18.8,182.7,316.3,1676.0,632,103,2,Electrical,Electrical Fault,1,Critical
HEMM-E003,Excavator,2023-11-15,Afternoon,5,Poor,90.1,4.26,2.17,40.4,85.6,0.9,23.9,173.9,332.6,1825.0,10372,74,44,None,None,0,Medium
HEMM-D002,Dumper,2023-03-16,Morning,13,Fair,81.1,4.82,1.87,38.6,88.1,0.84,24.9,182.0,290.5,1750.0,11178,5,121,None,None,0,Medium
HEMM-L002,Wheel Loader,2023-08-01,Morning,3,Poor,92.5,4.44,2.19,34.4,83.6,1.0,20.9,204.8,336.5,1776.0,1096,39,1,Electrical,Electrical Fault,1,Critical
HEMM-L001,Wheel Loader,2022-11-10,Morning,4,Poor,67.4,4.63,1.6,31.9,85.9,0.93,24.4,176.5,360.9,1757.0,9778,91,62,None,None,0,Medium
HEMM-D002,Dumper,2022-02-24,Night,5,Fair,94.6,4.32,1.31,28.1,86.7,0.78,19.7,186.6,301.8,1668.0,9408,99,2,Electrical,Electrical Fault,1,Critical
HEMM-B002,Dozer,2021-01-14,Afternoon,20,Good,78.8,4.15,5.19,46.1,47.7,0.99,23.8,175.6,326.7,1708.0,11468,30,2,Tyres,Tyre Burst,1,Critical
HEMM-L002,Wheel Loader,2021-07-18,Morning,7,Good,75.2,5.38,1.38,35.9,82.7,0.87,24.1,177.3,329.9,1694.0,1897,65,168,None,None,0,Low
HEMM-DR02,Drill Rig,2023-03-12,Morning,4,Fair,90.4,4.33,1.97,35.4,81.2,0.96,24.0,194.1,334.6,1848.0,5113,56,101,None,None,0,Low
HEMM-E003,Excavator,2022-06-18,Night,15,Good,83.7,4.25,2.24,33.1,82.6,0.84,23.9,192.0,295.6,1875.0,10983,83,53,None,None,0,Medium
HEMM-D001,Dumper,2022-01-14,Morning,8,Poor,81.6,4.63,1.77,27.2,75.3,0.86,23.6,182.9,350.5,1980.0,2997,70,147,None,None,0,Low
HEMM-E002,Excavator,2023-09-03,Afternoon,10,Good,75.7,4.43,2.32,44.0,81.6,0.9,23.7,188.3,313.3,1834.0,4942,90,65,None,None,0,Low
HEMM-L001,Wheel Loader,2023-01-23,Night,9,Poor,68.7,4.53,2.25,34.6,79.6,0.82,24.8,184.5,313.9,1829.0,6609,54,167,None,None,0,Low
HEMM-DR02,Drill Rig,2023-05-04,Afternoon,5,Fair,130.9,4.41,2.59,49.4,80.6,0.62,24.3,161.6,401.8,1886.0,658,41,6,Engine,Engine Overheat,1,Critical
HEMM-B002,Dozer,2021-03-11,Night,20,Fair,83.4,4.4,1.97,34.9,83.5,0.9,25.1,174.2,297.8,1795.0,7482,10,97,None,None,0,Low
HEMM-DR02,Drill Rig,2023-07-28,Afternoon,1,Poor,94.2,4.37,1.91,39.2,80.7,0.97,24.8,186.6,327.5,1715.0,2793,50,110,None,None,0,Low
HEMM-L002,Wheel Loader,2022-03-08,Afternoon,17,Good,89.5,4.81,1.81,39.3,81.9,0.86,24.1,189.2,346.9,1747.0,6599,70,2,Fuel System,Fuel System Failure,1,Critical
HEMM-B003,Dozer,2023-07-31,Night,5,Poor,80.5,4.8,1.85,41.0,83.7,0.79,23.9,183.9,320.2,1817.0,4760,105,164,None,None,0,Low
HEMM-G002,Grader,2021-05-20,Night,16,Poor,83.5,4.56,2.0,41.7,83.9,0.85,23.7,176.5,292.7,1746.0,6368,65,155,None,None,0,Low
HEMM-L002,Wheel Loader,2023-12-13,Afternoon,5,Poor,86.7,4.79,2.52,38.3,80.7,0.94,24.1,207.5,321.6,1742.0,11632,46,122,None,None,0,Medium
HEMM-G001,Grader,2023-04-07,Morning,2,Poor,79.2,4.27,4.82,44.6,46.8,0.9,24.3,185.5,314.4,1623.0,683,114,1,Tyres,Tyre Burst,1,Critical
HEMM-L001,Wheel Loader,2023-09-03,Afternoon,8,Good,81.0,4.77,2.94,47.9,82.9,0.76,23.4,163.6,327.7,1797.0,4076,18,43,None,None,0,Low
HEMM-G002,Grader,2023-05-11,Morning,2,Good,102.9,4.04,1.9,30.5,80.7,0.38,24.9,180.5,342.8,1913.0,10225,37,1,Cooling System,Cooling System Failure,1,Critical
HEMM-G001,Grader,2021-03-02,Morning,11,Fair,85.9,5.28,1.87,37.2,85.1,0.81,24.5,180.5,333.3,1821.0,1963,94,95,None,None,0,Low
HEMM-SC01,Scraper,2022-02-14,Morning,9,Poor,97.5,4.17,2.18,43.2,82.0,0.98,23.4,167.2,353.2,1764.0,8246,61,130,None,None,0,Medium
HEMM-E002,Excavator,2021-11-28,Afternoon,17,Poor,79.6,4.76,5.11,33.6,79.3,0.95,24.9,177.9,345.9,1926.0,3350,16,1,Brakes,Brake Failure,1,Critical
HEMM-D002,Dumper,2021-10-15,Morning,12,Poor,82.6,4.1,1.97,39.0,77.2,0.76,23.8,178.1,315.4,1892.0,6885,77,81,None,None,0,Low
HEMM-B003,Dozer,2022-01-15,Night,17,Good,97.0,4.42,2.59,42.3,85.3,0.99,24.4,178.0,314.6,1769.0,8329,29,147,None,None,0,Medium
HEMM-L001,Wheel Loader,2023-10-23,Afternoon,12,Poor,102.7,4.21,1.73,37.0,88.3,0.82,23.7,178.3,323.4,1710.0,10333,120,71,None,None,0,High
HEMM-D003,Dumper,2023-06-18,Afternoon,13,Good,82.4,4.18,6.32,33.0,55.5,0.92,24.6,183.4,342.6,1827.0,1361,77,4,Tyres,Tyre Burst,1,Critical
HEMM-D004,Dumper,2023-10-19,Morning,2,Fair,88.2,4.44,1.62,45.5,85.7,1.0,19.1,188.9,325.9,1707.0,10054,74,4,Electrical,Electrical Fault,1,Critical
HEMM-G002,Grader,2023-01-03,Morning,6,Poor,71.3,4.42,1.57,37.6,80.1,0.89,24.7,161.6,317.9,1825.0,4919,14,83,None,None,0,Low
HEMM-L002,Wheel Loader,2023-10-22,Afternoon,13,Poor,83.2,4.14,1.94,45.0,80.2,0.99,25.0,183.6,330.8,1864.0,10335,12,125,None,None,0,Medium
HEMM-D004,Dumper,2023-08-23,Afternoon,1,Fair,85.0,4.68,1.06,33.0,77.3,0.75,25.0,190.1,336.7,1834.0,728,48,52,None,None,0,Low
HEMM-B003,Dozer,2021-05-02,Morning,7,Poor,99.9,4.73,2.36,38.5,80.0,0.83,24.0,176.2,317.6,1703.0,9163,109,149,None,None,0,Medium
HEMM-D002,Dumper,2022-04-28,Afternoon,3,Poor,76.7,4.47,1.65,34.4,87.2,0.81,24.0,183.6,302.1,1827.0,9438,120,173,None,None,0,Medium
HEMM-D002,Dumper,2022-12-10,Morning,14,Poor,85.9,3.97,1.34,41.6,81.2,0.8,24.9,194.2,324.4,1800.0,10000,99,128,None,None,0,Medium
HEMM-SC01,Scraper,2023-09-08,Morning,9,Good,81.8,4.67,1.87,30.3,85.9,0.93,25.2,169.7,331.9,2042.0,883,18,173,None,None,0,Low
HEMM-E003,Excavator,2022-12-19,Afternoon,16,Good,130.5,4.21,1.91,47.3,68.0,0.54,23.9,178.2,387.6,1655.0,5171,105,0,Engine,Engine Overheat,1,Critical
HEMM-E002,Excavator,2023-12-31,Night,13,Poor,111.6,5.45,2.09,46.5,75.6,0.65,24.5,190.3,390.6,1667.0,11372,92,7,Engine,Engine Overheat,1,Critical
HEMM-G002,Grader,2023-02-12,Night,5,Fair,82.0,4.78,2.07,30.5,79.1,0.9,24.1,178.0,334.3,1507.0,7240,94,62,None,None,0,Low
HEMM-D004,Dumper,2023-06-16,Morning,20,Good,95.7,4.42,2.22,44.8,86.5,0.78,25.0,179.3,335.0,1733.0,6224,50,79,None,None,0,Low
HEMM-D002,Dumper,2022-05-03,Morning,3,Good,86.2,4.22,1.92,40.1,86.1,0.94,23.8,190.4,320.1,1823.0,9843,6,75,None,None,0,Medium
HEMM-SC01,Scraper,2021-04-04,Morning,8,Good,83.6,4.53,1.92,41.3,82.3,0.75,19.3,172.7,326.2,1823.0,1131,14,2,Electrical,Electrical Fault,1,Critical
HEMM-D002,Dumper,2022-10-06,Afternoon,20,Good,77.3,4.43,2.97,37.6,86.5,0.89,25.0,169.6,335.5,1855.0,10934,118,129,None,None,0,Medium
HEMM-D005,Dumper,2023-03-26,Afternoon,4,Good,83.2,4.31,1.96,43.9,89.3,0.91,24.4,172.1,342.2,1850.0,10957,14,148,None,None,0,Medium
HEMM-SC01,Scraper,2022-02-26,Afternoon,12,Poor,89.3,4.91,1.64,42.7,79.2,0.99,24.0,183.6,365.8,1785.0,3809,61,132,None,None,0,Low
HEMM-G001,Grader,2022-08-23,Night,8,Fair,87.9,4.47,2.03,38.1,84.7,0.98,25.1,170.6,366.3,1769.0,8831,119,105,None,None,0,Medium
HEMM-SC01,Scraper,2023-10-29,Morning,2,Fair,78.3,5.21,2.17,34.5,88.9,0.85,24.8,178.1,311.1,1878.0,5879,120,71,None,None,0,Low
HEMM-L001,Wheel Loader,2022-07-27,Morning,7,Poor,96.4,4.03,1.94,35.3,85.7,0.86,25.2,176.2,349.5,1790.0,2446,112,87,None,None,0,Low
HEMM-SC01,Scraper,2022-03-08,Morning,12,Good,93.5,3.85,1.9,40.0,85.1,0.79,25.0,157.2,269.4,1901.0,2525,9,93,None,None,0,Low
HEMM-DR02,Drill Rig,2021-08-22,Morning,16,Fair,79.3,4.43,2.18,39.0,89.3,0.81,24.7,183.6,349.6,1627.0,753,39,136,None,None,0,Low
HEMM-B002,Dozer,2021-06-23,Morning,9,Fair,81.9,2.75,7.22,41.3,87.1,0.78,23.9,179.9,324.9,1427.0,10190,54,6,Transmission,Transmission Failure,1,Critical
HEMM-DR02,Drill Rig,2021-04-01,Morning,7,Poor,87.6,4.26,2.55,38.2,80.3,0.8,23.8,204.5,349.1,2016.0,6414,28,73,None,None,0,Low
HEMM-D002,Dumper,2022-09-17,Morning,18,Poor,88.3,4.48,1.7,33.7,79.0,0.99,25.3,189.6,299.6,1915.0,5898,8,146,None,None,0,Low
HEMM-B003,Dozer,2022-06-22,Night,7,Poor,90.4,4.8,1.51,37.5,79.3,0.98,24.2,189.9,315.6,1855.0,648,48,64,None,None,0,Low
HEMM-DR01,Drill Rig,2023-05-26,Night,2,Fair,86.3,4.84,2.05,34.4,83.1,0.94,24.3,166.9,329.4,1741.0,1989,75,92,None,None,0,Low
HEMM-B002,Dozer,2024-01-01,Afternoon,14,Poor,97.2,4.46,2.38,40.0,82.4,0.86,25.5,194.6,336.0,1712.0,9581,97,139,None,None,0,Medium
HEMM-B001,Dozer,2021-11-29,Afternoon,15,Good,83.0,4.05,1.75,42.4,77.0,0.81,25.4,194.4,321.4,1829.0,4103,21,170,None,None,0,Low
HEMM-B001,Dozer,2021-06-25,Morning,18,Poor,87.2,3.89,1.72,36.0,77.4,0.99,24.1,167.7,315.3,1595.0,5046,48,172,None,None,0,Low
HEMM-B001,Dozer,2023-01-11,Afternoon,9,Poor,107.8,4.63,2.09,46.8,88.5,0.85,24.9,189.3,299.0,1821.0,10899,108,4,Fuel System,Fuel System Failure,1,Critical
HEMM-B001,Dozer,2022-01-02,Afternoon,15,Good,88.8,4.29,1.75,47.0,75.6,0.8,25.1,161.9,299.6,1767.0,482,61,143,None,None,0,Low
HEMM-G001,Grader,2023-09-11,Night,18,Good,91.6,4.34,1.74,40.9,80.3,0.85,24.0,178.1,328.2,1802.0,3769,57,161,None,None,0,Low
HEMM-D003,Dumper,2022-07-21,Night,18,Fair,93.9,4.16,1.81,32.9,77.6,0.79,19.9,180.1,327.9,1782.0,5345,13,4,Electrical,Electrical Fault,1,Critical
HEMM-L001,Wheel Loader,2021-09-18,Morning,6,Poor,95.7,4.61,2.11,36.8,85.2,0.77,25.0,180.6,313.8,1825.0,2606,116,138,None,None,0,Low
HEMM-E003,Excavator,2021-08-23,Night,2,Poor,93.4,5.09,1.8,29.4,82.7,0.84,24.4,185.6,295.8,1744.0,3218,92,123,None,None,0,Low
HEMM-B003,Dozer,2021-03-27,Night,8,Fair,93.4,4.17,2.18,42.4,77.7,0.78,24.4,171.7,359.3,1825.0,1196,96,143,None,None,0,Low
HEMM-D001,Dumper,2022-12-25,Night,2,Fair,81.7,5.37,6.96,34.6,40.9,0.96,24.8,186.6,342.2,1789.0,10039,35,7,Tyres,Tyre Burst,1,Critical
HEMM-L002,Wheel Loader,2021-06-08,Morning,7,Fair,81.3,4.31,2.18,35.4,75.5,0.77,24.6,166.5,303.2,1841.0,5537,78,154,None,None,0,Low
HEMM-DR01,Drill Rig,2021-05-27,Night,14,Good,85.1,5.43,1.91,38.4,91.0,0.79,24.7,195.2,327.2,1732.0,4838,23,31,None,None,0,Low
HEMM-G001,Grader,2022-11-18,Afternoon,12,Poor,135.1,4.04,2.7,53.4,82.2,0.64,24.3,173.8,403.2,1896.0,7911,42,5,Engine,Engine Overheat,1,Critical
HEMM-B002,Dozer,2021-11-04,Night,1,Good,76.9,4.17,1.92,32.5,77.1,0.8,24.2,188.5,302.3,1624.0,1940,82,61,None,None,0,Low
HEMM-L002,Wheel Loader,2023-11-07,Night,12,Poor,77.4,3.11,5.19,36.0,80.7,0.95,24.6,179.7,337.5,1434.0,3720,53,2,Transmission,Transmission Failure,1,Critical
HEMM-D003,Dumper,2021-06-08,Morning,19,Poor,92.3,4.15,1.85,32.7,76.4,0.99,24.6,198.9,338.3,1803.0,8449,78,37,None,None,0,Medium
HEMM-DR01,Drill Rig,2021-09-06,Night,2,Poor,79.1,4.2,2.01,48.6,87.1,0.76,25.0,180.5,306.7,1850.0,10146,65,132,None,None,0,Medium
HEMM-DR02,Drill Rig,2022-10-12,Afternoon,7,Good,75.7,4.25,1.19,39.5,84.5,0.77,24.5,174.7,313.3,1873.0,9624,42,131,None,None,0,Medium
HEMM-G001,Grader,2022-04-18,Afternoon,11,Good,79.8,4.32,1.76,45.6,74.3,0.84,24.8,176.2,284.0,1859.0,2090,93,35,None,None,0,Low
HEMM-DR01,Drill Rig,2023-01-12,Morning,12,Good,69.1,4.33,1.73,43.3,81.0,0.82,24.5,188.5,294.0,1881.0,9382,69,155,None,None,0,Medium
HEMM-L001,Wheel Loader,2022-04-17,Afternoon,14,Good,82.7,4.57,2.67,48.5,86.3,0.75,24.3,165.0,322.1,1833.0,3964,77,130,None,None,0,Low
HEMM-E003,Excavator,2023-04-15,Night,19,Poor,87.6,4.65,1.59,39.2,89.1,0.93,24.5,170.9,328.7,1867.0,11110,22,138,None,None,0,Medium
HEMM-B002,Dozer,2022-12-01,Afternoon,4,Fair,90.8,4.39,2.47,33.6,87.8,0.8,24.6,204.5,313.2,1846.0,1535,57,140,None,None,0,Low
HEMM-D005,Dumper,2023-10-10,Night,7,Fair,80.6,3.7,5.5,43.4,83.2,0.97,24.9,181.8,352.8,1523.0,3147,117,1,Transmission,Transmission Failure,1,Critical
HEMM-B001,Dozer,2023-08-21,Night,4,Good,86.5,4.34,1.72,55.8,84.3,0.77,24.4,176.8,338.9,1835.0,2270,116,172,None,None,0,Low
HEMM-D001,Dumper,2021-12-08,Morning,5,Poor,89.7,4.64,1.63,44.1,85.2,0.93,25.1,187.1,288.3,1850.0,8636,115,161,None,None,0,Medium
HEMM-DR01,Drill Rig,2022-12-27,Morning,13,Good,87.5,4.38,2.28,34.0,87.0,0.98,24.1,180.7,319.6,1673.0,11618,76,46,None,None,0,Medium
HEMM-D004,Dumper,2022-11-21,Afternoon,19,Good,87.3,4.73,2.12,38.8,84.4,0.76,24.2,183.1,342.3,1868.0,10173,83,44,None,None,0,Medium
HEMM-D002,Dumper,2021-06-01,Night,12,Poor,94.3,4.14,1.84,30.6,75.7,0.8,24.2,185.0,337.1,1799.0,7554,57,161,None,None,0,Low
HEMM-DR01,Drill Rig,2022-08-16,Afternoon,5,Poor,76.9,4.93,2.5,35.3,81.3,0.96,24.3,169.0,311.2,2048.0,3205,97,150,None,None,0,Low
HEMM-L002,Wheel Loader,2021-06-21,Morning,1,Fair,78.9,4.61,2.32,48.8,84.3,0.9,23.9,183.2,325.0,1538.0,9924,80,66,None,None,0,Medium
HEMM-DR02,Drill Rig,2023-02-16,Afternoon,15,Poor,106.8,4.55,2.44,37.8,79.8,0.95,24.5,197.8,337.5,1857.0,3095,70,87,None,None,0,High
HEMM-D004,Dumper,2022-04-21,Afternoon,16,Poor,79.2,4.84,2.44,35.9,78.2,0.83,24.9,170.1,330.6,1773.0,5788,11,156,None,None,0,Low
HEMM-L002,Wheel Loader,2023-11-07,Afternoon,10,Fair,79.5,4.17,1.58,35.1,83.2,0.86,24.4,186.1,352.4,1755.0,5488,54,89,None,None,0,Low
HEMM-D005,Dumper,2021-03-27,Night,7,Fair,93.6,4.45,2.27,34.8,83.9,0.9,24.3,198.4,338.3,1867.0,7253,71,149,None,None,0,Low
HEMM-B003,Dozer,2021-07-23,Afternoon,10,Fair,81.9,4.36,2.07,44.8,81.8,0.83,25.3,171.9,326.8,1842.0,2913,20,161,None,None,0,Low
HEMM-DR02,Drill Rig,2022-04-04,Morning,10,Good,77.7,4.48,2.17,36.2,89.7,0.8,25.0,181.7,323.1,1887.0,4450,82,103,None,None,0,Low
HEMM-B001,Dozer,2021-10-16,Morning,7,Poor,85.4,3.89,2.74,47.1,87.1,0.91,23.9,184.6,332.7,1691.0,9246,112,172,None,None,0,Medium
HEMM-D001,Dumper,2021-03-23,Night,18,Fair,84.9,3.86,2.01,38.3,83.0,0.91,24.2,187.0,304.7,1798.0,3397,5,176,None,None,0,Low
HEMM-D001,Dumper,2023-01-27,Morning,10,Poor,78.0,4.32,1.61,40.4,79.6,0.76,24.0,186.6,312.8,1578.0,9557,59,143,None,None,0,Medium
HEMM-D005,Dumper,2023-07-19,Afternoon,4,Good,90.7,4.12,1.91,40.0,80.6,0.82,24.4,192.6,322.7,1879.0,11935,95,54,None,None,0,Medium
HEMM-DR01,Drill Rig,2023-10-08,Afternoon,3,Poor,73.4,4.54,1.26,40.2,77.8,0.78,24.1,185.6,302.4,1614.0,2441,40,71,None,None,0,Low
HEMM-G001,Grader,2021-06-11,Night,8,Good,80.2,5.03,1.86,33.3,82.9,0.76,24.1,184.0,331.1,1791.0,1418,46,165,None,None,0,Low
HEMM-B001,Dozer,2023-07-18,Night,17,Good,73.0,4.64,2.19,43.4,80.7,0.76,24.2,186.3,318.8,1616.0,11211,104,122,None,None,0,Medium
HEMM-B003,Dozer,2021-03-20,Afternoon,4,Poor,107.1,5.01,1.6,35.4,79.9,0.88,25.2,187.1,325.0,1795.0,11752,106,107,None,None,0,High
HEMM-SC01,Scraper,2021-03-14,Night,1,Poor,85.2,4.2,2.43,35.4,82.5,0.82,24.8,196.8,358.5,1769.0,4229,22,107,None,None,0,Low
HEMM-E003,Excavator,2022-02-05,Afternoon,16,Good,78.7,3.87,1.28,40.2,78.3,0.82,24.4,180.8,307.9,1725.0,2681,67,111,None,None,0,Low
HEMM-B002,Dozer,2021-09-27,Morning,3,Poor,90.0,4.3,1.79,37.7,82.4,0.83,25.0,181.0,320.8,1995.0,8659,114,30,None,None,0,Medium
HEMM-D001,Dumper,2023-06-09,Morning,16,Good,81.1,5.06,1.11,37.6,80.9,0.88,24.5,180.2,327.1,1866.0,9337,83,161,None,None,0,Medium
HEMM-D002,Dumper,2023-05-07,Night,9,Poor,83.2,4.8,1.6,39.7,81.2,0.88,24.3,187.0,316.4,1814.0,10249,53,97,None,None,0,Medium
HEMM-G001,Grader,2023-09-19,Night,6,Good,90.9,4.3,2.04,42.6,79.2,0.9,25.3,167.9,271.2,1716.0,5116,112,76,None,None,0,Low
HEMM-L001,Wheel Loader,2023-10-01,Night,13,Poor,81.4,5.03,1.64,44.7,75.5,0.91,24.7,154.5,316.3,1976.0,9995,50,173,None,None,0,Medium
HEMM-D004,Dumper,2022-03-25,Morning,10,Fair,80.4,4.96,1.93,36.3,83.0,0.92,23.5,171.7,336.3,1682.0,7074,62,47,None,None,0,Low
HEMM-DR01,Drill Rig,2021-08-26,Morning,15,Good,76.2,3.82,1.42,24.8,80.5,0.96,23.6,176.8,330.4,1840.0,5424,89,138,None,None,0,Low
HEMM-G002,Grader,2021-09-20,Afternoon,16,Poor,77.3,4.15,1.99,41.7,80.7,0.97,24.2,195.9,295.0,1718.0,10047,57,50,None,None,0,Medium
HEMM-B002,Dozer,2022-07-03,Night,7,Poor,80.4,4.96,2.64,42.0,82.1,0.88,24.5,182.8,318.4,1698.0,6901,12,41,None,None,0,Low
HEMM-B001,Dozer,2022-10-13,Afternoon,13,Fair,92.0,4.08,2.27,40.7,86.8,0.91,24.1,179.1,330.8,2137.0,7440,59,133,None,None,0,Low
HEMM-D002,Dumper,2022-07-04,Afternoon,8,Good,82.5,4.59,1.96,31.5,80.8,0.88,24.5,174.7,285.4,1915.0,5767,86,172,None,None,0,Low
HEMM-DR01,Drill Rig,2022-03-30,Night,6,Poor,82.8,2.63,2.04,33.7,83.8,0.86,24.3,128.2,346.4,1688.0,8982,31,5,Hydraulics,Hydraulic Failure,1,Critical
HEMM-SC01,Scraper,2021-02-10,Night,1,Poor,78.7,3.89,2.18,27.6,77.5,0.76,24.0,180.3,323.4,1920.0,6412,16,155,None,None,0,Low
HEMM-G001,Grader,2021-05-10,Night,2,Fair,87.9,4.34,1.68,37.6,78.1,0.76,25.0,179.6,338.5,1898.0,8697,31,172,None,None,0,Medium
HEMM-E001,Excavator,2023-03-22,Night,8,Good,77.1,4.78,1.91,42.1,81.8,0.83,24.5,164.5,290.6,1956.0,4954,107,179,None,None,0,Low
HEMM-B003,Dozer,2023-04-27,Morning,18,Good,89.4,4.76,2.53,32.7,90.6,0.92,24.9,191.2,323.9,1879.0,4274,6,131,None,None,0,Low
HEMM-L002,Wheel Loader,2021-07-29,Night,13,Good,86.7,4.88,1.55,32.5,83.7,0.79,25.5,186.0,318.3,1850.0,8144,10,144,None,None,0,Medium
HEMM-D001,Dumper,2022-04-17,Night,8,Poor,87.3,3.83,5.81,39.8,77.3,0.82,25.4,191.8,315.9,1321.0,753,39,6,Transmission,Transmission Failure,1,Critical
HEMM-D005,Dumper,2022-07-07,Morning,3,Poor,91.3,4.42,2.3,46.8,79.7,0.92,23.8,162.0,295.6,1730.0,1410,69,115,None,None,0,Low
HEMM-DR01,Drill Rig,2021-02-11,Morning,18,Good,88.2,4.02,1.48,25.5,85.7,0.77,24.4,185.5,329.4,1793.0,10110,24,130,None,None,0,Medium
HEMM-G002,Grader,2022-02-02,Night,10,Poor,90.4,4.74,2.69,37.5,80.4,0.89,24.4,193.8,309.8,1955.0,5503,59,67,None,None,0,Low
HEMM-B002,Dozer,2022-07-16,Afternoon,7,Poor,80.0,4.87,2.02,33.4,87.7,0.99,24.6,181.3,307.8,1812.0,1833,38,44,None,None,0,Low
HEMM-G002,Grader,2022-08-20,Afternoon,3,Poor,87.0,5.03,1.28,42.1,87.5,0.93,25.3,174.9,316.2,1780.0,3841,57,53,None,None,0,Low
HEMM-B002,Dozer,2023-12-29,Night,8,Fair,83.7,5.35,2.29,34.2,78.7,0.8,23.9,176.7,355.3,2011.0,6465,7,74,None,None,0,Low
HEMM-G001,Grader,2021-08-10,Afternoon,8,Fair,75.9,4.47,2.38,33.5,80.7,0.79,24.5,188.2,311.9,1821.0,9667,8,155,None,None,0,Medium
HEMM-DR02,Drill Rig,2023-01-28,Afternoon,19,Fair,83.2,4.69,2.26,38.6,81.0,0.84,24.6,184.6,322.5,1795.0,1985,87,46,None,None,0,Low
HEMM-D003,Dumper,2021-07-15,Night,6,Fair,82.4,4.04,1.69,33.5,90.4,0.98,26.0,158.2,347.4,1761.0,3602,115,115,None,None,0,Low
HEMM-D003,Dumper,2021-10-17,Afternoon,20,Poor,90.3,4.33,2.63,46.4,88.0,0.83,24.9,183.9,306.9,1779.0,7958,71,96,None,None,0,Low
HEMM-E003,Excavator,2021-05-01,Afternoon,9,Poor,79.3,5.36,2.12,35.9,77.6,0.98,25.2,177.4,313.9,1866.0,6947,44,73,None,None,0,Low
HEMM-D005,Dumper,2021-03-16,Afternoon,19,Good,87.7,5.0,1.92,45.6,77.2,0.8,24.6,162.2,280.7,1735.0,10009,57,139,None,None,0,Medium
HEMM-E002,Excavator,2023-09-28,Night,16,Good,81.8,3.77,1.51,31.3,77.8,0.8,24.7,169.3,320.4,1884.0,5328,88,154,None,None,0,Low
HEMM-L001,Wheel Loader,2023-11-20,Night,3,Poor,126.9,4.41,2.49,38.2,80.2,0.61,24.6,187.7,376.9,1869.0,1921,59,2,Engine,Engine Overheat,1,Critical
HEMM-E001,Excavator,2023-12-01,Night,4,Fair,87.0,5.27,1.95,33.2,80.9,0.87,23.8,181.1,297.5,1770.0,2922,30,50,None,None,0,Low
HEMM-D004,Dumper,2021-03-21,Afternoon,16,Poor,96.1,4.54,2.75,37.8,77.0,0.98,24.5,190.9,307.1,1770.0,2997,85,94,None,None,0,Low
HEMM-SC01,Scraper,2023-05-07,Afternoon,1,Fair,91.2,4.72,2.14,31.8,75.0,0.86,24.6,185.0,305.6,1742.0,5061,20,42,None,None,0,Low
HEMM-B001,Dozer,2023-12-07,Afternoon,20,Poor,72.8,3.89,5.03,34.6,75.9,0.86,23.6,183.0,339.6,1915.0,6288,77,4,Brakes,Brake Failure,1,Critical
HEMM-G001,Grader,2023-11-30,Night,9,Good,81.8,3.9,1.7,41.8,92.3,0.87,24.1,175.9,330.9,1835.0,7935,64,78,None,None,0,Low
HEMM-D005,Dumper,2021-12-03,Night,16,Fair,90.1,5.18,5.11,33.0,41.0,0.95,23.4,165.6,310.7,2013.0,360,45,7,Tyres,Tyre Burst,1,Critical
HEMM-D001,Dumper,2022-10-01,Night,7,Good,85.9,4.83,2.11,40.2,80.2,0.82,24.6,184.4,344.8,1832.0,3464,93,136,None,None,0,Low
HEMM-B003,Dozer,2021-07-13,Morning,20,Good,82.8,5.01,1.29,45.9,82.2,0.76,24.1,175.5,284.7,1843.0,7879,81,3,Fuel System,Fuel System Failure,1,Critical
HEMM-D001,Dumper,2022-01-30,Afternoon,10,Poor,85.2,4.68,2.73,43.4,84.1,0.86,25.6,188.6,285.4,1862.0,7182,79,121,None,None,0,Low
HEMM-G002,Grader,2022-06-06,Night,18,Good,82.2,5.18,5.71,35.8,57.3,0.87,24.6,185.5,327.6,1789.0,10711,89,2,Tyres,Tyre Burst,1,Critical
HEMM-E002,Excavator,2022-07-28,Morning,9,Good,84.8,4.83,2.4,40.3,80.4,0.82,24.5,194.6,305.3,1944.0,9435,18,156,None,None,0,Medium
HEMM-G002,Grader,2022-11-08,Night,19,Poor,85.3,4.56,2.79,32.8,82.2,1.0,24.0,187.8,301.4,1993.0,10108,40,104,None,None,0,Medium
HEMM-L001,Wheel Loader,2022-03-05,Morning,1,Good,78.4,4.29,1.92,43.0,78.0,0.91,25.2,173.0,303.9,1619.0,3998,32,42,None,None,0,Low
HEMM-D005,Dumper,2021-10-21,Morning,16,Good,73.9,3.86,2.82,35.4,81.3,0.82,23.9,176.2,325.2,1823.0,204,46,179,None,None,0,Low
HEMM-D002,Dumper,2021-10-08,Night,15,Fair,88.2,4.86,1.29,41.9,86.6,0.87,24.1,182.1,322.3,1901.0,7169,90,134,None,None,0,Low
HEMM-L002,Wheel Loader,2021-08-29,Morning,18,Fair,77.1,4.09,1.78,35.9,87.7,0.94,24.0,174.8,330.7,1676.0,6642,53,62,None,None,0,Low
HEMM-G001,Grader,2022-10-01,Night,11,Poor,81.3,4.5,1.91,31.7,81.8,0.87,25.0,177.9,299.3,1837.0,8894,15,88,None,None,0,Medium
HEMM-E001,Excavator,2022-07-23,Night,5,Fair,78.8,4.09,2.29,31.8,78.8,0.88,24.6,181.9,338.8,1862.0,7363,76,80,None,None,0,Low
HEMM-B001,Dozer,2021-09-04,Night,14,Good,133.6,4.57,2.21,38.7,79.8,0.54,23.5,180.0,349.7,2089.0,10883,49,5,Cooling System,Cooling System Failure,1,Critical
HEMM-G001,Grader,2023-05-19,Morning,20,Good,91.1,5.17,2.69,28.6,85.4,0.83,25.3,177.8,323.4,1635.0,9371,117,90,None,None,0,Medium
HEMM-E001,Excavator,2021-01-22,Morning,15,Good,101.3,4.25,1.34,58.8,80.6,0.94,23.7,186.3,323.6,1852.0,6114,72,4,Fuel System,Fuel System Failure,1,Critical
HEMM-D004,Dumper,2023-01-26,Afternoon,17,Fair,115.7,3.97,2.08,40.7,81.2,0.46,24.5,179.4,343.9,1903.0,412,82,4,Cooling System,Cooling System Failure,1,Critical
HEMM-G002,Grader,2021-03-31,Night,9,Good,89.5,5.01,1.82,38.4,81.1,0.91,24.6,182.6,296.1,1900.0,4692,85,137,None,None,0,Low
HEMM-D001,Dumper,2023-08-23,Night,15,Fair,81.2,5.12,2.28,40.0,78.8,0.78,23.6,184.9,313.5,1931.0,8233,27,38,None,None,0,Medium
HEMM-SC01,Scraper,2021-08-01,Morning,12,Poor,72.9,2.61,2.59,36.1,78.8,0.8,23.7,124.2,340.2,1719.0,672,83,2,Hydraulics,Hydraulic Failure,1,Critical
HEMM-D003,Dumper,2023-05-10,Morning,2,Poor,81.1,4.33,2.81,44.8,80.9,0.88,19.5,180.2,325.0,1800.0,7464,86,1,Electrical,Electrical Fault,1,Critical
HEMM-E002,Excavator,2021-02-04,Afternoon,11,Poor,85.2,4.41,1.41,39.4,83.2,0.97,24.5,186.9,297.5,1961.0,11821,26,48,None,None,0,Medium
HEMM-G001,Grader,2023-11-24,Morning,13,Poor,84.9,4.54,2.55,38.9,92.5,0.82,25.2,186.6,318.9,1795.0,7021,112,40,None,None,0,Low
HEMM-D003,Dumper,2022-01-31,Night,5,Good,94.6,4.51,2.13,31.8,85.7,0.83,25.1,169.6,357.1,1524.0,4568,15,45,None,None,0,Low
HEMM-B001,Dozer,2022-02-11,Night,17,Poor,83.1,4.56,2.13,45.3,77.1,0.85,25.1,181.8,320.0,1648.0,6905,27,140,None,None,0,Low
HEMM-D001,Dumper,2022-09-30,Afternoon,18,Fair,84.6,4.81,2.44,34.5,79.2,0.86,24.4,175.1,317.3,1560.0,5945,20,87,None,None,0,Low
HEMM-D003,Dumper,2023-08-07,Morning,4,Poor,101.7,4.66,2.74,47.3,75.6,0.6,24.5,184.4,354.4,1719.0,1683,28,5,Engine,Engine Overheat,1,Critical
HEMM-E001,Excavator,2021-01-22,Morning,12,Poor,74.4,4.28,1.74,40.5,77.8,0.87,24.9,169.5,323.9,1614.0,7742,15,80,None,None,0,Low
HEMM-B002,Dozer,2022-01-27,Night,5,Fair,96.0,4.15,2.08,50.6,78.9,0.81,23.9,168.2,309.5,1728.0,5287,11,32,None,None,0,Low
HEMM-E001,Excavator,2022-07-26,Morning,19,Good,78.7,4.84,2.45,36.0,84.0,0.94,24.6,179.3,305.7,1893.0,5369,57,69,None,None,0,Low
HEMM-B001,Dozer,2022-02-13,Morning,10,Fair,67.2,4.44,2.38,32.1,83.7,0.79,24.7,174.5,334.6,1889.0,4449,94,53,None,None,0,Low
HEMM-L001,Wheel Loader,2022-12-29,Night,12,Poor,83.7,4.88,2.24,40.1,89.7,0.99,24.3,182.8,278.3,1934.0,5915,103,116,None,None,0,Low
HEMM-E001,Excavator,2021-03-17,Night,13,Poor,84.2,4.29,1.67,35.9,88.1,0.84,24.0,198.0,351.0,1884.0,2751,73,89,None,None,0,Low
HEMM-DR01,Drill Rig,2022-12-12,Night,10,Poor,104.7,4.76,1.76,47.4,82.1,0.89,24.5,165.0,306.5,1902.0,3598,48,150,None,None,0,High
HEMM-SC01,Scraper,2022-07-05,Morning,17,Good,79.0,4.33,1.52,37.4,76.0,0.93,24.4,180.5,311.1,1838.0,3652,38,46,None,None,0,Low
HEMM-D002,Dumper,2021-08-25,Night,6,Fair,91.6,4.33,2.57,35.3,81.2,0.85,24.3,173.3,364.6,1812.0,7985,22,174,None,None,0,Low
HEMM-G001,Grader,2023-02-13,Night,19,Poor,140.2,4.8,1.92,49.6,82.1,0.6,24.4,158.0,383.5,1777.0,754,46,5,Engine,Engine Overheat,1,Critical
HEMM-E001,Excavator,2023-05-14,Afternoon,11,Good,90.4,3.86,1.9,37.7,85.4,0.85,24.0,161.4,305.8,1986.0,5716,87,67,None,None,0,Low
HEMM-G001,Grader,2022-09-20,Morning,15,Good,88.9,4.59,2.28,42.4,75.0,0.96,24.1,178.9,337.9,1808.0,9158,28,166,None,None,0,Medium
HEMM-DR02,Drill Rig,2023-06-10,Night,13,Good,96.2,4.53,2.34,28.7,82.1,0.83,24.4,194.0,270.7,1610.0,7959,111,104,None,None,0,Low
HEMM-G001,Grader,2022-11-23,Afternoon,13,Good,91.6,5.16,1.74,40.3,82.6,0.96,24.8,188.2,302.5,1751.0,5118,10,45,None,None,0,Low
HEMM-L002,Wheel Loader,2021-08-09,Afternoon,14,Fair,95.8,3.94,1.94,35.8,80.0,0.87,24.3,177.9,323.7,1940.0,4613,78,168,None,None,0,Low
HEMM-E001,Excavator,2023-11-15,Morning,10,Poor,82.1,4.66,2.56,27.6,85.2,0.84,23.7,186.6,343.9,1744.0,9978,94,116,None,None,0,Medium
HEMM-D005,Dumper,2021-09-24,Night,11,Fair,81.6,4.11,1.64,35.1,78.1,0.76,23.8,193.5,335.7,1985.0,1081,16,73,None,None,0,Low
HEMM-D005,Dumper,2022-12-10,Afternoon,13,Good,75.0,4.74,1.28,33.1,92.0,0.98,24.3,174.0,311.0,1698.0,2908,63,122,None,None,0,Low
HEMM-E002,Excavator,2021-12-19,Afternoon,10,Good,84.7,4.88,2.41,35.9,83.3,0.91,25.0,172.1,335.5,1690.0,1516,28,149,None,None,0,Low
HEMM-DR01,Drill Rig,2021-07-04,Night,8,Poor,86.0,4.09,1.5,39.3,83.9,0.9,24.2,163.2,367.7,1869.0,2725,92,82,None,None,0,Low
HEMM-G001,Grader,2021-01-11,Afternoon,6,Fair,88.5,4.95,1.74,46.5,78.7,0.9,25.3,174.7,316.2,1759.0,5847,17,169,None,None,0,Low
HEMM-G002,Grader,2022-03-12,Afternoon,13,Good,70.9,4.54,1.83,40.3,85.2,0.97,23.5,161.9,290.9,1624.0,7793,95,172,None,None,0,Low
HEMM-D004,Dumper,2023-03-05,Morning,11,Fair,91.1,4.41,1.62,42.2,75.0,0.83,23.8,194.1,327.1,1896.0,2387,56,30,None,None,0,Low
HEMM-DR01,Drill Rig,2023-03-18,Night,3,Poor,76.4,3.99,1.68,33.9,84.3,0.81,24.3,172.5,339.8,1876.0,5883,67,137,None,None,0,Low
HEMM-D001,Dumper,2022-03-31,Night,6,Fair,80.4,4.88,1.07,45.9,84.8,0.99,24.2,188.5,339.7,1878.0,4052,52,33,None,None,0,Low
HEMM-D001,Dumper,2023-03-27,Morning,8,Good,83.1,3.57,6.57,33.1,89.0,0.77,24.0,184.9,316.5,1324.0,2462,68,4,Transmission,Transmission Failure,1,Critical
HEMM-D003,Dumper,2022-11-27,Afternoon,6,Fair,91.1,4.56,1.35,35.1,78.6,0.88,24.3,182.6,328.6,1780.0,7174,24,159,None,None,0,Low
HEMM-L001,Wheel Loader,2021-03-13,Afternoon,14,Fair,86.1,5.17,1.71,33.2,90.4,0.99,25.1,176.4,328.8,1772.0,3141,25,176,None,None,0,Low
HEMM-D004,Dumper,2023-08-11,Morning,12,Good,82.3,4.14,1.71,44.7,79.5,0.93,24.3,175.0,306.0,1755.0,11440,98,122,None,None,0,Medium
HEMM-G002,Grader,2021-01-26,Morning,11,Poor,75.3,3.92,2.46,34.9,85.6,0.78,23.8,191.4,317.0,1726.0,2309,78,48,None,None,0,Low
HEMM-DR02,Drill Rig,2021-01-24,Afternoon,13,Good,81.7,4.79,1.9,30.8,83.4,0.78,25.9,190.8,343.0,1654.0,7121,103,138,None,None,0,Low
HEMM-B001,Dozer,2021-08-26,Night,15,Fair,86.2,4.04,2.17,33.7,76.0,0.94,23.7,197.8,319.9,2059.0,8425,52,174,None,None,0,Medium
HEMM-SC01,Scraper,2023-01-18,Morning,6,Fair,86.2,5.13,2.58,43.9,74.5,0.77,23.9,162.2,321.0,1926.0,7147,73,134,None,None,0,Low
HEMM-D003,Dumper,2021-11-04,Morning,11,Fair,81.5,4.55,1.74,41.4,80.2,0.88,24.4,158.2,319.5,1834.0,11792,80,78,None,None,0,Medium
HEMM-DR02,Drill Rig,2023-06-10,Morning,15,Good,82.4,4.25,2.18,46.2,77.6,0.96,24.8,188.9,302.6,1768.0,4815,10,157,None,None,0,Low
HEMM-DR02,Drill Rig,2023-01-22,Morning,20,Fair,85.6,4.18,2.53,42.7,86.9,0.84,24.8,175.0,309.1,1773.0,11445,52,84,None,None,0,Medium
HEMM-B002,Dozer,2021-02-18,Night,9,Fair,80.0,4.19,1.45,38.7,80.4,0.93,24.4,185.5,337.5,1706.0,3128,42,66,None,None,0,Low
HEMM-DR02,Drill Rig,2022-10-27,Afternoon,2,Fair,91.8,4.41,1.74,30.7,85.9,0.97,24.5,165.6,327.7,1834.0,9961,19,82,None,None,0,Medium
HEMM-SC01,Scraper,2023-03-23,Morning,6,Good,123.0,4.92,1.74,31.0,77.6,0.62,24.8,179.7,351.0,1721.0,1577,73,2,Cooling System,Cooling System Failure,1,Critical
HEMM-DR01,Drill Rig,2022-07-17,Afternoon,15,Good,75.9,4.53,2.06,40.0,76.6,0.83,24.3,178.8,335.7,1765.0,11488,84,41,None,None,0,Medium
HEMM-L002,Wheel Loader,2023-07-28,Morning,3,Good,99.5,2.59,5.32,43.2,83.4,0.76,24.5,172.6,306.0,1579.0,5550,52,1,Transmission,Transmission Failure,1,Critical
HEMM-L002,Wheel Loader,2021-06-11,Afternoon,10,Good,68.2,4.66,1.82,37.3,87.0,0.8,24.7,182.0,312.5,1765.0,7122,56,143,None,None,0,Low
HEMM-B001,Dozer,2021-06-12,Afternoon,4,Fair,81.2,4.8,1.74,40.8,81.1,0.8,24.6,166.9,355.8,1746.0,3339,78,62,None,None,0,Low
HEMM-L002,Wheel Loader,2022-05-15,Night,2,Fair,74.9,4.64,1.07,37.9,79.6,0.86,25.0,174.9,353.6,1861.0,6331,78,62,None,None,0,Low
HEMM-DR01,Drill Rig,2022-07-17,Night,6,Poor,93.9,3.69,2.0,41.4,83.1,0.79,24.9,129.6,304.6,1790.0,4735,69,6,Hydraulics,Hydraulic Failure,1,Critical
HEMM-B002,Dozer,2022-07-13,Morning,14,Fair,88.1,4.15,1.47,37.2,79.9,0.81,24.7,182.4,292.6,1803.0,3593,7,39,None,None,0,Low
HEMM-B001,Dozer,2022-07-01,Afternoon,20,Good,93.6,5.14,2.9,39.6,77.9,0.81,24.6,180.7,324.6,1675.0,10601,45,123,None,None,0,Medium
HEMM-D001,Dumper,2022-10-27,Morning,3,Poor,90.2,4.48,2.42,36.8,83.8,0.96,23.7,179.7,336.6,1714.0,10216,41,139,None,None,0,Medium
HEMM-DR02,Drill Rig,2023-05-12,Night,20,Fair,77.4,3.96,2.21,43.1,84.6,0.86,24.7,188.2,316.3,1607.0,5586,74,68,None,None,0,Low
HEMM-SC01,Scraper,2021-01-26,Afternoon,11,Fair,90.5,4.17,3.9,38.5,79.1,0.75,24.5,179.7,340.0,1762.0,5437,49,7,Brakes,Brake Failure,1,Critical
HEMM-SC01,Scraper,2021-12-15,Night,13,Good,87.8,4.71,2.42,32.3,89.4,0.85,25.0,188.7,330.1,1801.0,4389,56,50,None,None,0,Low
HEMM-D003,Dumper,2023-09-24,Night,12,Poor,63.0,4.84,2.66,40.5,84.6,0.8,25.1,173.1,316.7,1847.0,1561,31,152,None,None,0,Low
HEMM-G001,Grader,2022-09-15,Afternoon,11,Fair,106.7,4.31,1.71,46.9,81.3,0.8,24.7,170.7,343.8,1820.0,7597,91,2,Fuel System,Fuel System Failure,1,Critical
HEMM-DR01,Drill Rig,2023-05-01,Morning,10,Fair,72.9,4.65,1.9,38.3,78.9,0.89,24.7,180.8,317.4,1720.0,9316,100,53,None,None,0,Medium
HEMM-G002,Grader,2021-09-27,Afternoon,20,Fair,86.3,4.82,2.04,38.0,83.3,0.81,24.1,188.7,335.1,1851.0,2223,17,39,None,None,0,Low
HEMM-D004,Dumper,2022-08-16,Morning,6,Fair,76.6,4.7,2.66,39.2,81.8,0.87,23.9,187.1,348.4,1792.0,6771,75,143,None,None,0,Low
HEMM-E002,Excavator,2023-05-07,Night,9,Fair,91.5,4.33,1.63,46.6,84.6,0.96,24.5,185.9,279.6,1948.0,5433,103,158,None,None,0,Low
HEMM-B003,Dozer,2023-10-26,Night,18,Fair,84.6,4.25,2.16,36.1,80.1,0.83,24.8,190.4,337.7,1777.0,6625,33,40,None,None,0,Low
HEMM-DR02,Drill Rig,2022-08-10,Afternoon,6,Fair,116.9,4.17,2.16,35.7,81.2,0.6,24.6,191.0,269.5,1849.0,3110,56,5,Cooling System,Cooling System Failure,1,Critical
HEMM-E001,Excavator,2021-07-21,Afternoon,19,Fair,94.7,4.08,1.77,41.5,84.7,0.81,24.8,172.3,348.9,1768.0,10900,58,47,None,None,0,Medium
HEMM-D001,Dumper,2022-04-05,Morning,20,Good,89.0,4.85,2.13,26.6,83.8,0.97,24.2,177.7,349.0,1772.0,10356,69,135,None,None,0,Medium
HEMM-DR01,Drill Rig,2021-02-16,Afternoon,20,Poor,98.8,5.13,1.93,39.9,80.2,0.84,23.6,187.9,346.5,1869.0,4295,26,78,None,None,0,Low
HEMM-D003,Dumper,2023-01-29,Morning,20,Poor,89.4,4.61,1.98,41.5,78.3,0.88,24.5,193.4,337.5,1874.0,10917,54,78,None,None,0,Medium
HEMM-E002,Excavator,2021-11-27,Afternoon,12,Fair,89.6,5.22,1.82,37.4,81.9,0.8,23.3,180.3,293.9,1653.0,4120,27,47,None,None,0,Low
HEMM-E002,Excavator,2022-10-23,Morning,10,Good,88.9,4.17,2.59,42.8,89.6,0.88,24.8,201.3,333.8,1826.0,1261,119,59,None,None,0,Low
HEMM-DR02,Drill Rig,2023-07-30,Morning,20,Good,88.2,4.58,1.83,41.8,86.6,0.88,23.8,194.2,324.1,1861.0,7468,35,177,None,None,0,Low
HEMM-L002,Wheel Loader,2021-08-16,Night,11,Fair,84.3,4.44,2.37,40.3,82.3,1.0,25.1,178.3,301.2,1654.0,2809,36,117,None,None,0,Low
HEMM-D003,Dumper,2021-01-15,Night,2,Fair,94.3,4.77,1.72,33.6,79.4,0.78,24.0,165.8,291.9,1854.0,11374,91,147,None,None,0,Medium
HEMM-L001,Wheel Loader,2023-03-01,Morning,14,Poor,89.4,4.03,2.41,40.6,75.6,0.99,24.9,179.2,316.1,1833.0,4460,118,110,None,None,0,Low
HEMM-SC01,Scraper,2021-02-18,Afternoon,16,Fair,87.2,5.38,1.85,45.8,79.0,0.87,24.6,184.0,278.7,1696.0,1179,42,113,None,None,0,Low
HEMM-D002,Dumper,2023-01-15,Afternoon,17,Fair,95.2,5.51,2.05,35.0,77.4,0.89,24.0,170.5,332.6,1799.0,10509,88,96,None,None,0,Medium
HEMM-D004,Dumper,2021-08-01,Morning,9,Good,80.2,4.28,1.99,37.6,88.9,0.83,24.4,174.0,306.4,1783.0,9699,101,42,None,None,0,Medium
HEMM-G001,Grader,2023-04-26,Night,11,Fair,86.8,4.79,1.96,31.9,80.6,0.89,25.4,191.6,308.7,1789.0,2525,36,178,None,None,0,Low
HEMM-D004,Dumper,2022-11-07,Night,3,Poor,84.0,4.03,2.25,38.3,82.4,0.89,24.5,172.8,308.0,1785.0,7707,120,136,None,None,0,Low
HEMM-E003,Excavator,2022-06-17,Afternoon,10,Fair,76.0,5.05,2.17,39.7,78.4,0.99,24.7,173.1,339.6,1745.0,11491,61,152,None,None,0,Medium
HEMM-B001,Dozer,2022-07-18,Night,2,Poor,103.5,4.07,2.51,38.3,79.6,0.95,23.8,155.7,333.9,1808.0,2494,23,42,None,None,0,High
HEMM-E003,Excavator,2023-01-30,Night,12,Fair,87.5,4.83,2.06,36.2,87.3,0.99,24.1,165.9,303.7,1876.0,11894,42,109,None,None,0,Medium
HEMM-E001,Excavator,2022-09-17,Afternoon,15,Good,93.6,4.47,1.55,34.6,79.2,0.93,24.5,168.0,309.8,1844.0,11230,42,156,None,None,0,Medium
HEMM-D005,Dumper,2021-10-28,Night,10,Poor,85.3,5.11,1.98,40.5,83.2,0.8,24.3,187.8,317.8,1822.0,6495,37,92,None,None,0,Low
HEMM-E002,Excavator,2022-09-13,Morning,19,Fair,87.0,4.54,1.33,35.9,82.2,0.9,24.4,168.6,315.3,1740.0,397,38,81,None,None,0,Low
HEMM-L002,Wheel Loader,2023-04-12,Afternoon,20,Poor,99.9,4.07,2.2,51.3,80.7,0.83,23.5,192.9,315.9,1737.0,2991,49,5,Fuel System,Fuel System Failure,1,Critical
HEMM-G002,Grader,2023-09-21,Night,6,Good,75.4,5.43,1.15,42.3,83.4,0.98,24.3,181.4,327.3,1739.0,8805,66,128,None,None,0,Medium
HEMM-G002,Grader,2021-01-30,Night,3,Fair,64.8,4.29,1.84,43.8,83.2,0.8,24.5,189.4,316.2,1792.0,5809,33,41,None,None,0,Low
HEMM-D005,Dumper,2022-07-24,Night,4,Fair,81.4,5.0,1.77,36.7,79.1,0.94,24.1,185.4,356.6,1966.0,10849,30,90,None,None,0,Medium
HEMM-D001,Dumper,2023-12-10,Morning,7,Good,70.6,4.55,1.63,35.7,86.4,0.94,24.7,183.5,346.3,1891.0,6156,90,173,None,None,0,Low
HEMM-D004,Dumper,2022-11-06,Night,3,Poor,75.0,4.55,1.23,30.6,78.6,0.96,24.8,173.8,281.8,1860.0,4647,75,145,None,None,0,Low
HEMM-SC01,Scraper,2021-06-12,Morning,15,Good,95.4,4.95,1.02,39.1,81.0,0.79,24.2,178.2,369.2,1862.0,9484,71,169,None,None,0,Medium
HEMM-E001,Excavator,2022-05-17,Morning,15,Poor,74.7,4.09,2.4,41.0,87.5,0.97,24.2,185.1,332.2,1916.0,3107,10,138,None,None,0,Low
HEMM-B001,Dozer,2021-07-07,Night,7,Good,91.0,3.91,1.6,39.2,86.2,0.93,24.1,171.2,334.4,1695.0,1243,120,77,None,None,0,Low
HEMM-D002,Dumper,2022-03-02,Morning,8,Poor,92.1,4.43,1.79,42.7,77.8,0.95,24.0,175.1,339.3,1695.0,9795,102,76,None,None,0,Medium
HEMM-D004,Dumper,2021-04-15,Afternoon,3,Good,87.2,4.31,1.81,48.2,83.1,0.77,23.7,184.7,340.4,1857.0,3418,66,30,None,None,0,Low
HEMM-L001,Wheel Loader,2022-02-09,Morning,18,Poor,76.4,4.69,1.73,42.8,81.1,0.77,24.0,172.5,292.4,1838.0,9856,32,124,None,None,0,Medium
HEMM-D001,Dumper,2023-05-31,Morning,15,Poor,88.7,4.33,1.5,40.1,76.9,0.86,24.9,168.9,300.8,1652.0,10728,29,50,None,None,0,Medium
HEMM-DR02,Drill Rig,2021-01-02,Afternoon,14,Fair,94.3,4.32,2.74,34.2,78.0,0.85,24.2,196.3,342.1,1821.0,10052,39,116,None,None,0,Medium
HEMM-B003,Dozer,2023-11-05,Afternoon,17,Fair,85.3,3.93,1.95,39.2,80.3,0.79,24.5,177.6,308.6,1745.0,4849,87,147,None,None,0,Low
HEMM-SC01,Scraper,2022-05-25,Afternoon,9,Poor,102.2,5.22,2.3,33.2,85.6,0.88,24.4,167.4,304.5,1762.0,11305,76,88,None,None,0,High
HEMM-DR02,Drill Rig,2021-08-17,Morning,16,Poor,83.1,4.91,1.86,38.7,78.9,0.93,23.7,178.7,309.6,1779.0,306,45,109,None,None,0,Low
HEMM-E001,Excavator,2022-01-02,Morning,14,Good,84.7,4.55,2.13,45.8,84.8,0.98,25.0,182.3,326.2,1607.0,11226,43,83,None,None,0,Medium
HEMM-DR02,Drill Rig,2022-12-03,Night,18,Good,83.0,5.48,2.02,40.6,77.7,0.86,23.8,186.2,291.9,1768.0,3192,29,146,None,None,0,Low
HEMM-E002,Excavator,2022-09-22,Night,10,Poor,76.4,4.77,2.01,39.4,85.8,0.82,23.9,174.4,338.6,1801.0,5443,103,65,None,None,0,Low
HEMM-B002,Dozer,2022-03-07,Night,5,Good,85.5,4.06,1.96,37.8,80.9,0.76,25.3,195.4,339.6,1765.0,5504,25,171,None,None,0,Low
HEMM-E001,Excavator,2021-11-20,Night,6,Fair,69.5,4.05,2.26,31.6,80.6,0.76,25.5,199.7,296.1,1608.0,5535,71,30,None,None,0,Low
HEMM-DR01,Drill Rig,2022-07-06,Morning,9,Fair,80.7,4.78,2.66,32.4,86.6,0.81,24.2,173.7,284.6,1720.0,7932,114,173,None,None,0,Low
HEMM-B002,Dozer,2022-11-15,Night,12,Fair,74.1,5.19,2.24,38.2,81.2,0.99,24.4,177.5,298.0,1814.0,5366,62,151,None,None,0,Low
HEMM-G002,Grader,2023-05-05,Morning,13,Fair,81.7,4.21,1.74,36.5,83.4,1.0,24.3,177.7,338.0,1957.0,1106,57,129,None,None,0,Low
HEMM-D005,Dumper,2023-07-25,Afternoon,1,Good,71.7,4.32,1.8,33.6,79.2,0.79,24.5,180.6,333.0,1817.0,11739,30,40,None,None,0,Medium
HEMM-B001,Dozer,2022-08-27,Afternoon,1,Fair,81.8,4.9,2.1,30.2,79.6,0.87,24.6,198.2,306.0,1955.0,5473,59,81,None,None,0,Low
HEMM-SC01,Scraper,2022-02-13,Morning,20,Fair,93.0,3.96,2.15,32.8,82.8,1.0,24.2,123.9,339.4,1575.0,8440,61,3,Hydraulics,Hydraulic Failure,1,Critical
HEMM-B003,Dozer,2023-09-10,Night,19,Poor,73.6,5.11,1.89,38.5,88.4,0.98,24.1,172.0,350.6,1944.0,7898,10,96,None,None,0,Low
HEMM-L001,Wheel Loader,2022-05-27,Afternoon,20,Good,96.7,4.09,2.25,28.6,78.9,0.86,20.5,182.5,316.5,1881.0,9802,53,5,Electrical,Electrical Fault,1,Critical
HEMM-SC01,Scraper,2023-01-27,Afternoon,10,Good,72.0,4.76,1.9,43.9,80.4,0.8,24.6,211.3,313.7,1783.0,2019,65,87,None,None,0,Low
HEMM-D003,Dumper,2022-10-27,Night,14,Good,85.2,4.35,1.78,39.7,84.1,0.9,23.7,185.6,346.5,1880.0,2686,116,173,None,None,0,Low
HEMM-E002,Excavator,2021-06-30,Afternoon,8,Poor,86.5,4.88,1.93,39.5,73.9,0.96,25.3,187.1,308.6,1755.0,5571,78,143,None,None,0,Low
HEMM-B001,Dozer,2023-12-24,Afternoon,1,Good,80.6,4.96,2.54,39.4,83.8,0.99,24.3,181.2,316.3,1860.0,2501,103,150,None,None,0,Low
HEMM-B003,Dozer,2023-01-10,Afternoon,7,Fair,78.3,4.66,2.18,32.7,72.7,0.99,24.3,183.5,309.4,1849.0,3216,46,124,None,None,0,Low
HEMM-G001,Grader,2022-11-14,Morning,9,Poor,91.8,4.7,2.36,47.6,79.7,0.77,25.4,179.2,330.3,1839.0,4383,82,80,None,None,0,Low
HEMM-D005,Dumper,2021-09-02,Night,14,Fair,101.4,4.67,2.4,38.6,83.9,0.93,25.0,194.9,314.0,1740.0,7201,55,172,None,None,0,High
HEMM-L002,Wheel Loader,2021-05-04,Night,12,Fair,75.8,4.65,2.31,35.9,77.0,0.92,24.5,168.5,339.8,1684.0,465,77,97,None,None,0,Low
HEMM-L002,Wheel Loader,2022-11-01,Night,16,Fair,82.2,4.73,2.31,34.9,78.6,0.99,24.5,171.5,355.4,1817.0,4830,78,179,None,None,0,Low
HEMM-D003,Dumper,2021-07-08,Night,4,Poor,97.7,4.57,2.54,33.6,84.0,0.85,24.5,194.0,345.0,1815.0,8912,25,61,None,None,0,Medium
HEMM-D003,Dumper,2023-08-18,Night,7,Poor,77.5,4.37,1.97,42.2,84.7,0.89,25.0,177.0,314.7,1666.0,1397,103,51,None,None,0,Low
HEMM-B001,Dozer,2023-08-12,Afternoon,5,Good,95.5,4.63,2.51,37.7,81.4,0.97,24.5,178.4,296.8,1738.0,10856,47,110,None,None,0,Medium
HEMM-B003,Dozer,2023-07-19,Night,14,Poor,84.7,3.71,2.3,44.7,80.5,0.79,24.6,203.9,341.7,1707.0,551,56,83,None,None,0,Low
HEMM-G002,Grader,2021-02-08,Morning,8,Good,91.4,3.8,1.17,37.0,82.5,0.78,24.1,188.0,285.4,1866.0,5481,59,137,None,None,0,Low
HEMM-E003,Excavator,2022-10-31,Night,15,Good,81.7,5.02,1.36,39.1,83.0,0.82,24.8,188.7,352.8,1822.0,10908,90,38,None,None,0,Medium
HEMM-G001,Grader,2021-11-09,Morning,5,Good,82.7,2.39,2.11,39.0,80.7,0.92,24.6,107.7,298.1,1860.0,3577,44,0,Hydraulics,Hydraulic Failure,1,Critical
HEMM-SC01,Scraper,2022-12-15,Morning,11,Poor,79.7,4.37,1.38,45.0,87.5,0.95,25.0,172.4,358.1,1733.0,5366,34,156,None,None,0,Low
HEMM-B002,Dozer,2021-12-01,Afternoon,9,Fair,90.2,4.81,6.6,44.8,49.6,0.82,24.3,182.2,290.1,1835.0,4017,32,7,Tyres,Tyre Burst,1,Critical
HEMM-G002,Grader,2021-02-22,Afternoon,7,Fair,88.8,4.76,2.39,38.4,80.3,0.84,24.8,170.4,328.2,1777.0,6432,11,30,None,None,0,Low
HEMM-E002,Excavator,2022-02-26,Afternoon,19,Good,86.4,4.64,1.42,40.1,84.1,0.87,24.3,196.3,323.9,1862.0,2242,16,111,None,None,0,Low
HEMM-L002,Wheel Loader,2021-09-07,Morning,7,Poor,94.7,4.33,1.63,38.9,86.0,0.76,24.3,165.5,317.8,2064.0,2171,67,152,None,None,0,Low
HEMM-B003,Dozer,2023-05-01,Morning,7,Poor,84.3,4.44,2.2,40.6,81.7,0.81,24.7,172.0,340.6,1815.0,1687,107,148,None,None,0,Low
HEMM-B001,Dozer,2023-11-08,Morning,15,Fair,96.1,4.59,1.75,44.1,79.1,0.78,23.8,178.1,304.6,1788.0,464,5,36,None,None,0,Low
HEMM-G002,Grader,2021-07-24,Afternoon,12,Good,94.7,4.43,1.79,41.8,90.6,0.98,24.3,192.0,308.9,1926.0,5278,112,89,None,None,0,Low
HEMM-B002,Dozer,2022-04-15,Night,3,Fair,83.5,4.37,1.55,35.7,82.2,0.91,25.1,189.8,290.6,1920.0,10856,87,59,None,None,0,Medium
HEMM-D001,Dumper,2022-07-17,Night,11,Good,91.7,3.06,2.24,42.6,79.3,0.89,24.1,155.1,312.5,1900.0,943,23,0,Hydraulics,Hydraulic Failure,1,Critical
HEMM-L002,Wheel Loader,2021-11-15,Morning,16,Poor,82.3,4.73,2.84,45.2,82.9,0.84,24.5,200.2,343.1,1828.0,838,12,66,None,None,0,Low
HEMM-B002,Dozer,2023-02-01,Night,14,Good,74.7,2.64,1.74,39.1,86.6,0.84,24.8,107.5,310.9,1679.0,2780,58,2,Hydraulics,Hydraulic Failure,1,Critical
HEMM-G001,Grader,2021-08-13,Morning,1,Fair,78.8,4.64,2.11,28.9,86.6,0.91,24.0,172.2,290.0,1794.0,8351,31,84,None,None,0,Medium
HEMM-G001,Grader,2022-06-28,Night,11,Good,91.3,3.94,2.03,36.8,79.1,0.93,25.0,170.9,331.6,1905.0,666,105,75,None,None,0,Low
HEMM-L001,Wheel Loader,2021-03-12,Night,5,Poor,87.3,4.9,2.48,39.6,81.3,0.89,24.0,175.6,354.9,1780.0,6879,10,166,None,None,0,Low
HEMM-L002,Wheel Loader,2021-12-14,Morning,4,Good,87.3,4.24,6.65,34.7,64.9,0.98,24.0,186.6,344.5,1795.0,444,49,1,Tyres,Tyre Burst,1,Critical
HEMM-L001,Wheel Loader,2023-08-10,Afternoon,18,Poor,70.0,4.47,2.51,43.0,82.9,0.83,24.9,184.2,308.8,1684.0,7415,22,122,None,None,0,Low
HEMM-D001,Dumper,2022-09-30,Afternoon,16,Fair,84.0,4.4,1.52,27.6,85.3,0.83,24.6,180.1,308.2,1785.0,4408,21,87,None,None,0,Low
HEMM-G001,Grader,2021-07-17,Afternoon,16,Good,80.1,4.3,1.11,38.9,82.1,0.94,23.6,172.8,329.2,1856.0,9559,30,124,None,None,0,Medium
HEMM-D005,Dumper,2021-10-20,Morning,3,Fair,87.6,4.17,1.55,30.6,73.8,0.76,24.3,165.9,313.3,1774.0,1753,96,73,None,None,0,Low
HEMM-D004,Dumper,2022-05-27,Morning,9,Poor,70.2,5.08,2.53,31.8,83.3,0.76,24.1,161.4,333.1,1775.0,3224,98,48,None,None,0,Low
HEMM-DR02,Drill Rig,2023-12-01,Night,19,Good,98.9,4.71,1.64,43.6,77.8,0.77,23.9,181.1,307.7,1602.0,4570,102,46,None,None,0,Low
HEMM-G001,Grader,2021-10-25,Night,2,Good,93.2,4.3,1.7,29.4,86.7,0.96,24.2,182.9,302.7,1828.0,6508,85,96,None,None,0,Low
HEMM-E001,Excavator,2021-01-30,Morning,2,Fair,81.7,4.34,2.44,48.1,78.5,0.78,24.4,183.3,321.1,1861.0,4096,25,106,None,None,0,Low
HEMM-L001,Wheel Loader,2023-09-18,Afternoon,7,Poor,85.8,4.91,2.33,45.0,80.9,0.89,24.4,192.2,321.0,1813.0,10500,116,68,None,None,0,Medium
HEMM-E002,Excavator,2023-07-18,Night,9,Good,78.4,5.0,1.68,34.9,80.1,0.96,23.6,185.2,328.2,1864.0,9143,61,90,None,None,0,Medium
HEMM-L002,Wheel Loader,2022-11-22,Afternoon,6,Fair,72.5,4.63,1.72,40.1,78.5,0.91,24.3,182.9,328.9,1862.0,4382,48,62,None,None,0,Low
HEMM-DR02,Drill Rig,2021-07-17,Night,11,Good,104.4,4.14,2.06,44.1,85.3,0.88,24.8,166.0,323.4,1835.0,8704,38,141,None,None,0,High
HEMM-DR01,Drill Rig,2021-02-22,Night,5,Fair,83.2,4.98,1.82,36.7,82.1,0.87,24.4,161.5,333.7,1785.0,1749,34,143,None,None,0,Low
HEMM-D004,Dumper,2022-08-29,Morning,12,Fair,97.8,4.53,1.88,30.6,79.4,0.76,25.2,197.2,321.1,1576.0,5230,62,161,None,None,0,Low
HEMM-D003,Dumper,2023-10-31,Morning,13,Good,99.3,4.08,2.17,42.6,79.2,0.87,23.6,176.6,322.2,1793.0,8570,29,99,None,None,0,Medium
HEMM-E003,Excavator,2021-02-04,Morning,12,Good,77.7,3.9,2.22,34.0,78.3,0.79,24.8,173.0,296.0,1737.0,8811,81,51,None,None,0,Medium
HEMM-L002,Wheel Loader,2023-12-12,Morning,18,Good,72.1,4.42,2.09,32.7,87.4,1.0,23.9,180.5,321.3,1785.0,6141,74,87,None,None,0,Low
HEMM-L002,Wheel Loader,2021-12-08,Afternoon,6,Good,89.1,4.32,2.09,36.9,83.5,0.91,25.2,190.0,309.5,1648.0,1840,92,72,None,None,0,Low
HEMM-E003,Excavator,2021-11-08,Night,20,Good,83.5,4.18,1.72,36.9,88.9,0.93,25.0,178.0,320.5,1913.0,7147,114,39,None,None,0,Low
HEMM-G002,Grader,2022-08-31,Afternoon,17,Fair,89.2,5.12,1.19,37.3,87.4,0.77,23.9,163.9,332.4,2046.0,7101,119,56,None,None,0,Low
HEMM-D005,Dumper,2022-09-07,Morning,3,Poor,73.9,3.89,2.27,25.5,79.3,0.84,24.6,170.6,340.7,1673.0,4317,95,150,None,None,0,Low
HEMM-E002,Excavator,2021-05-17,Morning,14,Fair,84.5,4.3,2.75,36.2,86.3,0.84,24.3,168.3,306.7,1748.0,2498,23,142,None,None,0,Low
HEMM-E003,Excavator,2023-03-13,Morning,14,Good,86.8,4.15,1.7,39.0,70.1,0.82,23.8,192.1,344.8,1742.0,6606,80,103,None,None,0,Low
HEMM-G001,Grader,2021-05-25,Morning,9,Fair,107.3,4.89,4.23,34.2,91.1,0.78,24.4,206.3,333.3,1832.0,2500,119,2,Brakes,Brake Failure,1,Critical
HEMM-DR02,Drill Rig,2021-10-19,Night,9,Poor,91.2,4.68,5.9,38.6,53.4,0.84,25.5,181.9,309.8,1762.0,5565,6,4,Tyres,Tyre Burst,1,Critical
HEMM-L001,Wheel Loader,2022-04-21,Night,15,Good,82.0,4.16,1.86,39.2,82.3,0.93,24.7,170.7,327.9,1699.0,5095,110,56,None,None,0,Low
HEMM-DR02,Drill Rig,2021-11-11,Morning,11,Fair,87.1,5.18,2.79,41.3,85.4,0.77,24.5,163.2,332.4,1667.0,4658,10,175,None,None,0,Low
HEMM-B001,Dozer,2021-08-20,Night,15,Good,85.5,4.75,1.56,37.3,80.1,0.93,25.1,169.1,300.5,1762.0,7178,79,85,None,None,0,Low
HEMM-L001,Wheel Loader,2022-08-20,Morning,17,Poor,85.2,5.67,2.07,39.7,75.8,0.94,24.1,165.6,335.7,1743.0,1888,16,59,None,None,0,Low
HEMM-G001,Grader,2022-05-10,Night,16,Fair,84.1,4.55,2.05,31.8,81.7,0.99,18.7,173.6,300.7,1561.0,11694,60,1,Electrical,Electrical Fault,1,Critical
HEMM-B001,Dozer,2022-05-31,Night,17,Poor,83.6,5.11,2.29,39.1,79.1,0.86,24.4,189.0,298.1,1872.0,5587,58,52,None,None,0,Low
HEMM-G001,Grader,2021-06-20,Morning,4,Fair,86.5,4.95,1.46,29.3,78.8,0.82,24.5,184.5,333.0,1717.0,11883,108,35,None,None,0,Medium
HEMM-L001,Wheel Loader,2022-03-30,Night,14,Good,106.8,3.66,2.01,40.7,85.1,0.85,23.8,181.9,317.4,1766.0,11105,39,130,None,None,0,High
HEMM-L001,Wheel Loader,2023-02-09,Night,17,Good,74.9,4.67,2.09,31.5,82.4,0.98,24.6,162.6,352.1,1708.0,11137,53,61,None,None,0,Medium
HEMM-D004,Dumper,2021-07-14,Morning,8,Poor,92.1,4.51,2.37,35.5,82.8,0.76,25.0,182.1,341.0,1808.0,6109,79,69,None,None,0,Low
HEMM-DR01,Drill Rig,2023-03-18,Night,2,Fair,79.4,5.29,1.74,29.7,85.4,0.78,24.4,183.0,284.6,1895.0,5890,87,136,None,None,0,Low
HEMM-L002,Wheel Loader,2021-03-18,Afternoon,14,Good,96.5,3.92,2.12,47.3,80.1,0.96,24.6,184.7,312.6,1802.0,11162,8,68,None,None,0,Medium
HEMM-D001,Dumper,2022-11-05,Morning,10,Good,71.6,4.09,2.23,48.9,79.2,0.82,25.7,178.3,327.8,1701.0,6952,107,126,None,None,0,Low
HEMM-B001,Dozer,2023-01-05,Night,12,Fair,85.3,5.14,1.81,40.2,75.4,0.82,24.9,177.8,321.0,1916.0,5973,36,165,None,None,0,Low
HEMM-D002,Dumper,2022-10-27,Afternoon,9,Poor,92.4,4.34,1.39,38.9,79.4,0.8,23.9,190.2,324.6,1836.0,2831,31,76,None,None,0,Low
HEMM-SC01,Scraper,2022-10-22,Night,13,Good,75.0,4.88,2.06,32.1,79.7,0.86,24.5,165.3,324.7,1880.0,5910,104,173,None,None,0,Low
HEMM-D003,Dumper,2022-11-15,Afternoon,20,Good,81.8,4.54,2.19,38.7,82.6,0.98,24.1,158.6,313.0,1748.0,9018,99,132,None,None,0,Medium
HEMM-B002,Dozer,2021-07-27,Night,3,Fair,86.2,4.4,1.87,35.7,77.7,0.97,25.5,162.3,319.4,1667.0,10676,56,121,None,None,0,Medium
HEMM-E001,Excavator,2023-02-23,Morning,9,Fair,81.6,4.77,1.64,40.1,81.3,0.9,24.5,167.4,334.4,1774.0,11789,67,59,None,None,0,Medium
HEMM-DR02,Drill Rig,2023-01-11,Morning,6,Good,91.9,4.27,1.75,38.2,79.8,0.88,24.9,180.7,301.1,1890.0,5488,7,101,None,None,0,Low
HEMM-B002,Dozer,2023-11-03,Night,18,Poor,75.6,4.85,2.11,40.2,84.5,0.89,24.6,178.3,316.0,1760.0,5053,101,97,None,None,0,Low
HEMM-G002,Grader,2021-06-05,Morning,3,Poor,78.9,4.8,2.19,45.4,81.3,0.87,24.8,156.5,343.6,1891.0,1683,96,145,None,None,0,Low
HEMM-G002,Grader,2022-06-24,Morning,11,Fair,76.5,4.51,4.95,37.7,53.0,0.82,24.5,182.2,291.3,1848.0,8929,50,6,Tyres,Tyre Burst,1,Critical
HEMM-B002,Dozer,2021-06-18,Afternoon,8,Good,90.3,4.38,2.01,27.6,80.8,0.92,23.8,195.2,307.3,1820.0,7450,110,75,None,None,0,Low
HEMM-D005,Dumper,2022-07-15,Morning,16,Poor,87.9,4.43,1.36,36.5,86.4,0.91,24.1,171.3,340.4,1702.0,3877,111,143,None,None,0,Low
HEMM-E003,Excavator,2022-04-08,Afternoon,7,Fair,71.9,4.79,2.29,45.2,81.9,0.82,24.4,170.0,320.0,1869.0,2581,6,116,None,None,0,Low
HEMM-D001,Dumper,2023-09-17,Afternoon,14,Poor,77.4,4.63,2.62,33.9,78.6,0.81,24.4,187.3,275.9,1727.0,9314,75,175,None,None,0,Medium
HEMM-E001,Excavator,2023-11-29,Night,13,Fair,79.2,4.9,2.07,42.1,76.2,0.79,24.7,178.5,326.0,1963.0,10476,78,38,None,None,0,Medium
HEMM-G001,Grader,2022-06-24,Afternoon,12,Good,76.5,4.35,1.61,36.0,84.4,0.98,24.0,173.1,301.5,1661.0,6172,120,31,None,None,0,Low
HEMM-G001,Grader,2021-06-07,Night,5,Poor,93.4,4.52,1.32,28.3,84.4,0.87,24.8,170.1,304.9,1893.0,5470,115,161,None,None,0,Low
HEMM-SC01,Scraper,2021-09-21,Morning,17,Poor,89.6,4.45,2.46,42.0,86.5,0.79,24.9,191.5,324.1,1718.0,11805,65,85,None,None,0,Medium
HEMM-E003,Excavator,2022-12-15,Night,18,Fair,76.9,4.45,2.43,42.1,84.3,0.78,24.7,182.3,294.3,1831.0,3869,64,104,None,None,0,Low
HEMM-D002,Dumper,2023-08-01,Night,15,Fair,127.2,4.65,1.84,43.3,82.3,0.59,24.1,186.7,402.3,1986.0,8345,80,2,Engine,Engine Overheat,1,Critical
HEMM-SC01,Scraper,2023-07-08,Night,2,Poor,79.1,4.93,5.3,35.7,51.5,0.92,24.1,180.3,297.3,1758.0,5895,66,5,Tyres,Tyre Burst,1,Critical
HEMM-B001,Dozer,2022-06-01,Night,1,Fair,101.3,4.33,2.49,35.7,85.6,1.0,25.0,189.6,292.9,1825.0,11891,81,85,None,None,0,High
HEMM-D005,Dumper,2023-03-23,Morning,15,Poor,93.8,5.19,1.35,39.7,83.1,0.92,24.4,190.1,328.6,1636.0,5276,73,131,None,None,0,Low
HEMM-B003,Dozer,2022-04-22,Night,17,Poor,71.2,4.05,2.35,32.9,83.9,0.77,25.2,185.8,321.8,1923.0,6870,23,167,None,None,0,Low
HEMM-B003,Dozer,2021-01-14,Night,2,Fair,73.9,4.75,2.4,35.6,87.6,0.84,24.2,180.2,302.0,1749.0,11867,101,63,None,None,0,Medium
HEMM-D003,Dumper,2021-05-11,Night,14,Good,95.0,4.36,2.59,30.0,80.4,0.98,23.8,188.9,323.0,1922.0,2841,98,159,None,None,0,Low
HEMM-E001,Excavator,2022-01-07,Morning,16,Good,72.8,2.37,5.31,33.9,85.8,0.8,24.1,169.3,306.1,1550.0,2157,47,6,Transmission,Transmission Failure,1,Critical
HEMM-DR01,Drill Rig,2023-02-20,Night,16,Fair,90.3,4.28,1.65,46.4,75.6,0.76,24.7,184.5,309.4,1725.0,2469,113,47,None,None,0,Low
HEMM-B002,Dozer,2022-12-29,Morning,14,Good,89.5,5.1,1.82,45.6,83.5,0.95,24.5,168.2,311.5,1884.0,4328,68,48,None,None,0,Low
HEMM-G002,Grader,2022-02-15,Morning,12,Good,90.4,4.37,2.17,31.6,76.6,0.86,24.7,168.1,343.0,1827.0,10804,86,128,None,None,0,Medium
HEMM-D004,Dumper,2023-12-09,Afternoon,1,Poor,77.9,4.43,6.6,48.3,42.6,0.83,24.4,179.7,323.7,1699.0,10131,12,5,Tyres,Tyre Burst,1,Critical
HEMM-E001,Excavator,2021-01-04,Night,1,Fair,77.3,5.24,1.3,41.5,74.4,0.9,24.1,170.5,332.8,1626.0,276,46,155,None,None,0,Low
HEMM-G001,Grader,2021-05-23,Morning,7,Fair,96.4,3.91,1.67,38.4,81.1,0.92,24.9,176.7,306.7,1651.0,10628,84,104,None,None,0,Medium
HEMM-E002,Excavator,2022-12-09,Morning,5,Poor,88.9,2.5,1.87,37.4,74.9,0.84,25.2,108.5,293.2,1863.0,10025,52,7,Hydraulics,Hydraulic Failure,1,Critical
HEMM-L002,Wheel Loader,2021-11-01,Afternoon,1,Poor,82.0,4.31,1.88,38.9,81.1,0.86,25.1,171.4,346.3,1854.0,10392,9,121,None,None,0,Medium
HEMM-D004,Dumper,2022-10-01,Afternoon,4,Good,87.6,4.38,2.14,42.5,84.4,0.99,24.5,166.5,347.2,1639.0,5918,92,132,None,None,0,Low
HEMM-E001,Excavator,2021-07-24,Afternoon,7,Poor,98.2,4.47,2.03,43.8,87.5,0.98,24.3,172.9,316.3,1718.0,10087,24,107,None,None,0,Medium
HEMM-DR02,Drill Rig,2023-03-08,Afternoon,4,Good,90.7,4.86,2.41,38.4,77.3,0.96,24.4,178.8,318.8,1828.0,11156,75,90,None,None,0,Medium
HEMM-G001,Grader,2021-10-17,Morning,16,Fair,111.9,4.61,1.95,33.9,84.8,0.29,24.5,184.8,288.9,1869.0,3285,106,0,Cooling System,Cooling System Failure,1,Critical
HEMM-D004,Dumper,2023-12-01,Morning,11,Poor,73.5,5.55,1.51,35.7,83.5,0.87,24.3,186.7,339.2,1805.0,8839,77,60,None,None,0,Medium
HEMM-L002,Wheel Loader,2023-03-19,Night,7,Good,73.8,5.02,1.08,36.0,75.4,0.91,25.0,180.0,318.8,1918.0,4829,46,143,None,None,0,Low
HEMM-E002,Excavator,2022-08-23,Night,14,Fair,133.4,4.79,1.75,31.0,83.6,0.42,23.5,170.8,362.4,1870.0,6823,60,0,Cooling System,Cooling System Failure,1,Critical
HEMM-D004,Dumper,2022-10-21,Night,16,Fair,84.8,4.21,0.72,35.5,82.2,0.92,25.2,179.4,308.8,1866.0,10188,54,66,None,None,0,Medium
HEMM-B002,Dozer,2021-04-23,Night,2,Fair,83.0,4.94,2.69,36.6,79.4,0.79,25.2,180.7,302.3,1801.0,3281,16,60,None,None,0,Low
HEMM-SC01,Scraper,2021-12-22,Night,11,Good,66.7,3.96,6.59,38.8,87.6,0.85,25.6,187.6,314.7,1212.0,985,73,4,Transmission,Transmission Failure,1,Critical
HEMM-E002,Excavator,2022-12-22,Night,2,Fair,82.4,5.05,2.29,41.3,78.5,0.96,25.0,174.5,320.8,1745.0,11409,116,73,None,None,0,Medium
HEMM-L002,Wheel Loader,2022-01-01,Night,12,Good,79.7,3.92,2.45,29.8,83.4,0.83,24.0,184.2,340.7,1834.0,11359,94,154,None,None,0,Medium
HEMM-D004,Dumper,2023-07-26,Morning,8,Good,93.2,4.89,1.87,36.8,78.7,0.75,24.9,172.1,296.1,1837.0,11872,45,151,None,None,0,Medium
HEMM-L001,Wheel Loader,2022-02-28,Night,20,Fair,83.4,4.64,2.3,32.2,80.0,0.95,23.7,192.2,345.3,1778.0,455,10,128,None,None,0,Low
HEMM-D004,Dumper,2022-08-18,Morning,8,Fair,83.3,4.81,1.54,35.1,81.3,0.91,24.6,176.8,343.9,1681.0,11006,109,153,None,None,0,Medium
HEMM-G002,Grader,2022-04-13,Afternoon,13,Good,96.8,4.89,2.48,43.4,82.9,0.78,24.5,160.8,331.3,1778.0,933,24,120,None,None,0,Low
HEMM-B001,Dozer,2023-05-16,Night,19,Poor,96.5,4.03,1.5,31.5,78.4,0.8,25.1,185.3,330.7,2141.0,11835,115,133,None,None,0,Medium
HEMM-B001,Dozer,2023-04-19,Night,1,Fair,82.5,4.61,1.56,39.7,84.8,0.97,23.9,171.1,313.6,1907.0,7013,110,137,None,None,0,Low
HEMM-E002,Excavator,2023-09-27,Afternoon,20,Poor,85.2,4.33,2.42,34.2,81.4,0.8,24.6,187.6,363.4,1750.0,370,85,161,None,None,0,Low
HEMM-DR02,Drill Rig,2021-09-21,Night,8,Good,75.0,4.55,7.92,45.9,45.9,0.9,24.0,171.7,378.9,1700.0,1355,86,7,Tyres,Tyre Burst,1,Critical
HEMM-E001,Excavator,2022-11-02,Morning,9,Poor,84.7,4.04,1.19,36.8,82.9,1.0,24.8,178.4,306.9,1773.0,11355,96,82,None,None,0,Medium
HEMM-SC01,Scraper,2022-08-10,Afternoon,19,Good,94.5,4.64,2.53,40.1,81.9,0.96,24.1,186.0,306.4,1921.0,4484,18,31,None,None,0,Low
HEMM-E002,Excavator,2021-06-27,Night,16,Poor,87.6,4.71,1.66,37.9,79.3,0.89,25.3,170.0,303.9,1900.0,3489,21,47,None,None,0,Low
HEMM-L001,Wheel Loader,2023-09-08,Morning,4,Fair,80.5,4.41,2.33,35.8,78.6,0.84,24.0,183.5,330.4,1860.0,3946,9,59,None,None,0,Low
HEMM-D003,Dumper,2022-05-11,Afternoon,20,Poor,74.3,4.46,4.05,44.1,85.3,0.99,24.8,163.2,326.9,1989.0,6276,61,0,Brakes,Brake Failure,1,Critical
HEMM-E002,Excavator,2022-10-14,Morning,19,Fair,84.5,4.47,2.02,35.6,85.7,0.84,24.7,176.2,308.9,1788.0,432,24,82,None,None,0,Low
HEMM-B001,Dozer,2021-12-26,Afternoon,15,Poor,85.2,2.59,2.35,35.4,85.5,0.99,24.7,108.0,339.9,1859.0,3487,120,6,Hydraulics,Hydraulic Failure,1,Critical
HEMM-B002,Dozer,2023-11-02,Morning,8,Good,92.0,4.47,1.74,40.6,88.1,0.79,23.9,168.8,303.6,1675.0,3214,85,104,None,None,0,Low
HEMM-DR02,Drill Rig,2021-02-21,Afternoon,3,Poor,80.5,4.54,2.37,44.0,77.2,0.98,23.6,180.3,314.6,1619.0,4226,82,42,None,None,0,Low
HEMM-E001,Excavator,2021-10-21,Night,11,Poor,95.3,3.41,2.05,36.5,87.5,0.85,24.0,98.6,311.6,1900.0,1129,19,0,Hydraulics,Hydraulic Failure,1,Critical
HEMM-B003,Dozer,2023-01-29,Morning,5,Good,119.0,4.44,2.42,48.6,81.8,0.56,23.8,193.8,410.3,1914.0,1900,92,0,Engine,Engine Overheat,1,Critical
HEMM-G002,Grader,2021-09-03,Morning,2,Good,82.5,3.2,5.87,48.0,82.3,0.9,23.9,170.4,297.0,1352.0,9434,74,7,Transmission,Transmission Failure,1,Critical
HEMM-B002,Dozer,2023-03-04,Afternoon,8,Poor,85.6,4.92,1.97,33.6,80.1,0.77,24.7,169.7,288.2,1723.0,11388,67,171,None,None,0,Medium
HEMM-DR02,Drill Rig,2023-09-09,Morning,15,Fair,81.7,3.91,2.38,43.2,79.7,0.95,24.3,198.0,320.7,1799.0,8989,117,91,None,None,0,Medium
HEMM-B002,Dozer,2021-12-24,Afternoon,9,Poor,101.6,3.03,2.18,38.7,83.4,0.99,24.7,129.7,293.2,1828.0,2826,52,4,Hydraulics,Hydraulic Failure,1,Critical
HEMM-D002,Dumper,2023-07-31,Afternoon,18,Good,91.9,3.78,1.43,42.0,80.2,0.89,23.3,190.0,305.8,1771.0,3918,56,140,None,None,0,Low
HEMM-G001,Grader,2022-03-03,Afternoon,14,Poor,93.0,4.22,2.24,38.2,90.1,0.88,24.4,178.6,332.1,1728.0,7044,63,85,None,None,0,Low
HEMM-G002,Grader,2023-08-08,Afternoon,11,Fair,76.0,4.75,4.45,41.7,75.9,0.93,25.3,174.4,317.1,1958.0,5541,90,3,Brakes,Brake Failure,1,Critical
HEMM-E002,Excavator,2022-01-27,Night,7,Poor,82.8,4.7,1.85,35.3,85.2,0.9,24.6,180.5,321.5,1770.0,11002,105,32,None,None,0,Medium
HEMM-DR02,Drill Rig,2023-04-17,Afternoon,10,Good,85.5,4.28,2.25,38.0,77.8,0.91,25.3,187.3,317.9,1735.0,3698,55,92,None,None,0,Low
HEMM-SC01,Scraper,2023-07-16,Afternoon,20,Good,93.8,4.86,2.09,38.6,78.8,0.77,24.0,163.1,349.9,1671.0,6952,11,46,None,None,0,Low
HEMM-SC01,Scraper,2021-11-17,Night,13,Good,84.9,4.35,1.85,41.0,79.2,0.77,24.5,181.3,278.0,1865.0,8678,60,121,None,None,0,Medium
HEMM-D001,Dumper,2022-02-27,Afternoon,19,Fair,86.3,4.82,2.11,37.8,86.5,0.99,24.6,168.7,344.2,1754.0,11128,27,179,None,None,0,Medium
HEMM-D005,Dumper,2023-04-04,Night,7,Fair,83.4,4.85,1.98,38.5,82.9,0.97,24.9,190.3,339.9,1897.0,2668,57,65,None,None,0,Low
HEMM-D005,Dumper,2023-09-24,Afternoon,20,Poor,85.5,4.48,2.58,45.8,81.4,0.81,24.6,196.6,321.7,2008.0,10232,72,55,None,None,0,Medium
HEMM-D002,Dumper,2021-07-18,Morning,3,Good,78.5,4.83,1.23,38.9,83.5,0.82,24.0,164.4,323.1,1772.0,551,6,149,None,None,0,Low
HEMM-D003,Dumper,2022-10-04,Afternoon,7,Fair,84.9,3.66,2.4,41.7,88.5,0.93,24.0,174.3,314.3,1831.0,2667,32,110,None,None,0,Low
HEMM-G001,Grader,2022-10-09,Night,15,Poor,90.6,5.1,7.96,45.7,48.4,0.77,24.6,190.4,322.1,1766.0,7983,48,4,Tyres,Tyre Burst,1,Critical
HEMM-SC01,Scraper,2021-11-24,Morning,6,Poor,84.4,3.69,1.6,35.0,79.6,0.81,24.5,179.5,335.4,1945.0,7002,20,69,None,None,0,Low
HEMM-DR01,Drill Rig,2021-11-21,Night,18,Poor,92.7,5.06,1.79,36.1,85.5,0.92,23.6,183.8,325.9,1627.0,10500,65,147,None,None,0,Medium
HEMM-E003,Excavator,2021-08-21,Night,5,Good,114.7,4.65,2.34,44.1,80.8,0.31,25.6,167.7,319.0,1773.0,7489,17,6,Cooling System,Cooling System Failure,1,Critical
HEMM-G002,Grader,2023-09-04,Morning,1,Fair,95.0,4.74,2.62,33.1,80.1,0.78,23.8,174.9,302.0,1643.0,9803,93,100,None,None,0,Medium
HEMM-E001,Excavator,2023-07-06,Morning,16,Fair,82.1,5.31,2.44,37.1,85.5,0.78,23.9,181.9,320.8,1879.0,11206,77,175,None,None,0,Medium
HEMM-D003,Dumper,2023-01-28,Morning,6,Fair,81.2,4.65,1.49,36.0,88.5,0.94,25.0,169.7,336.6,1729.0,2410,84,80,None,None,0,Low
HEMM-D005,Dumper,2021-08-16,Night,7,Fair,70.4,4.15,1.46,40.5,82.5,0.85,23.7,177.5,317.7,1935.0,10591,46,114,None,None,0,Medium
HEMM-D003,Dumper,2022-12-28,Night,16,Poor,85.7,4.38,1.88,45.0,81.4,0.9,24.5,192.8,324.5,1721.0,461,84,156,None,None,0,Low
HEMM-E001,Excavator,2023-01-18,Afternoon,7,Poor,96.0,5.3,2.64,31.4,76.3,0.86,23.9,196.3,320.4,1639.0,8611,40,124,None,None,0,Medium
HEMM-D001,Dumper,2023-09-30,Afternoon,6,Good,76.8,4.87,1.9,39.5,78.7,0.78,25.4,183.3,330.3,1716.0,1052,88,72,None,None,0,Low
HEMM-B001,Dozer,2023-07-09,Afternoon,11,Poor,90.2,4.69,2.28,34.2,74.1,0.8,24.7,174.6,286.5,1774.0,862,39,134,None,None,0,Low
HEMM-DR02,Drill Rig,2021-06-14,Afternoon,18,Poor,94.3,3.71,2.18,49.7,86.0,0.89,21.3,181.7,289.1,1713.0,714,21,0,Electrical,Electrical Fault,1,Critical
HEMM-G002,Grader,2022-02-13,Afternoon,13,Poor,82.5,4.21,1.8,38.6,79.3,0.99,25.3,194.8,327.4,1554.0,6563,9,44,None,None,0,Low
HEMM-G002,Grader,2022-11-19,Afternoon,17,Poor,88.5,5.04,1.87,33.3,78.5,0.81,25.1,184.4,276.8,1715.0,7155,57,134,None,None,0,Low
HEMM-G001,Grader,2022-06-20,Night,7,Fair,83.0,5.07,5.17,41.1,43.8,0.92,24.8,186.5,324.2,1674.0,8208,41,7,Tyres,Tyre Burst,1,Critical
HEMM-B003,Dozer,2023-11-09,Morning,1,Good,99.0,4.29,2.27,50.3,84.5,0.84,23.9,187.9,343.3,1702.0,2305,108,130,None,None,0,Low
HEMM-E001,Excavator,2023-02-04,Morning,5,Good,79.0,4.63,1.03,40.1,84.0,0.78,24.5,172.2,343.3,1698.0,9570,107,148,None,None,0,Medium
HEMM-D003,Dumper,2021-01-20,Night,1,Poor,93.1,3.97,2.57,51.0,83.7,0.81,24.8,182.2,354.9,1797.0,5789,116,7,Fuel System,Fuel System Failure,1,Critical
HEMM-D004,Dumper,2021-09-07,Morning,5,Good,79.9,4.14,1.94,46.0,81.2,0.87,25.1,182.0,337.4,1798.0,3468,100,51,None,None,0,Low
HEMM-D003,Dumper,2021-01-08,Afternoon,8,Poor,93.3,4.58,5.99,33.3,83.8,0.91,23.7,169.2,338.4,2076.0,3644,11,5,Brakes,Brake Failure,1,Critical
HEMM-L001,Wheel Loader,2022-02-09,Night,16,Good,72.3,4.78,1.65,40.1,85.2,0.99,25.2,177.5,329.6,1804.0,10119,95,99,None,None,0,Medium
HEMM-D002,Dumper,2023-06-26,Morning,17,Good,83.9,4.83,2.07,35.6,81.5,0.87,24.9,186.7,301.5,1800.0,303,15,125,None,None,0,Low
HEMM-B001,Dozer,2021-10-22,Night,19,Good,79.2,4.06,2.34,42.5,81.2,0.88,24.9,187.8,318.8,1862.0,3302,94,147,None,None,0,Low
HEMM-D003,Dumper,2022-01-21,Morning,11,Fair,89.0,4.44,1.46,42.3,83.3,0.94,24.6,188.0,311.9,1863.0,3930,25,94,None,None,0,Low
HEMM-B002,Dozer,2023-04-25,Night,10,Fair,84.0,4.93,2.23,41.1,82.1,0.93,23.2,172.5,336.2,1775.0,3775,59,71,None,None,0,Low
HEMM-E003,Excavator,2023-12-23,Morning,9,Good,127.8,3.94,2.92,46.2,81.7,0.56,24.9,162.3,347.8,1920.0,4811,101,1,Cooling System,Cooling System Failure,1,Critical
HEMM-G001,Grader,2021-05-04,Night,14,Poor,84.1,4.56,2.36,42.6,71.2,0.98,24.4,185.6,316.4,1853.0,1509,91,82,None,None,0,Low
HEMM-D003,Dumper,2022-10-15,Night,12,Poor,84.6,4.58,1.64,35.8,78.9,0.91,25.8,191.9,320.0,1717.0,11637,92,39,None,None,0,Medium
HEMM-D003,Dumper,2022-06-22,Night,11,Poor,93.6,4.64,1.57,42.3,81.3,0.95,23.4,175.8,309.6,1704.0,7585,50,88,None,None,0,Low
HEMM-G001,Grader,2023-10-21,Afternoon,16,Poor,80.7,4.58,1.11,50.6,81.9,0.99,24.9,174.8,308.9,1880.0,5335,74,92,None,None,0,Low
HEMM-E001,Excavator,2021-03-29,Night,12,Fair,77.8,4.57,2.22,39.7,74.6,0.83,23.7,181.3,340.8,1981.0,6913,64,129,None,None,0,Low
HEMM-G002,Grader,2023-08-08,Afternoon,15,Poor,92.1,4.13,2.72,42.9,81.7,0.91,24.0,179.9,314.7,1810.0,2701,23,112,None,None,0,Low
HEMM-DR01,Drill Rig,2021-02-20,Morning,11,Poor,128.6,4.15,2.06,41.0,84.5,0.74,24.4,161.6,337.5,1806.0,6449,116,5,Engine,Engine Overheat,1,Critical
HEMM-DR01,Drill Rig,2021-12-20,Morning,19,Good,74.7,2.62,1.74,35.2,80.5,0.91,23.6,110.9,308.6,1611.0,3213,32,7,Hydraulics,Hydraulic Failure,1,Critical
HEMM-B001,Dozer,2022-11-22,Morning,1,Good,89.8,4.87,2.64,45.2,86.1,0.9,24.3,172.8,304.7,1834.0,8348,55,103,None,None,0,Medium
HEMM-SC01,Scraper,2022-07-23,Morning,7,Poor,92.8,4.81,1.76,23.9,86.4,0.93,24.7,180.8,300.4,2042.0,8171,82,90,None,None,0,Medium
HEMM-DR01,Drill Rig,2021-11-24,Afternoon,2,Good,88.0,4.26,2.26,37.0,89.2,0.91,24.2,161.4,334.2,1886.0,5989,18,133,None,None,0,Low
HEMM-L001,Wheel Loader,2022-08-16,Morning,8,Good,95.3,3.67,2.23,41.8,77.4,0.84,25.1,185.9,307.2,1934.0,8699,68,112,None,None,0,Medium
HEMM-D001,Dumper,2022-09-23,Night,6,Fair,102.2,4.85,2.32,35.3,81.5,0.99,24.8,177.4,317.4,1859.0,5747,85,80,None,None,0,High
HEMM-DR01,Drill Rig,2021-09-07,Night,5,Fair,88.8,4.93,2.05,33.2,74.6,0.9,25.4,182.0,321.5,1746.0,8877,41,102,None,None,0,Medium
HEMM-D005,Dumper,2023-01-27,Night,16,Fair,82.8,4.6,1.83,27.0,90.0,0.83,24.9,179.2,282.8,1786.0,1234,7,38,None,None,0,Low
HEMM-E003,Excavator,2022-03-05,Afternoon,8,Fair,74.2,4.73,2.2,38.0,82.2,0.97,24.1,179.7,344.8,1984.0,5320,86,100,None,None,0,Low
HEMM-SC01,Scraper,2022-11-29,Night,11,Good,80.1,4.59,2.34,33.2,82.4,0.98,23.6,192.6,331.8,1688.0,11641,29,70,None,None,0,Medium
HEMM-E003,Excavator,2022-05-01,Morning,16,Good,82.2,4.73,2.09,36.7,79.2,0.92,25.2,171.2,330.5,1901.0,9429,65,142,None,None,0,Medium
HEMM-D004,Dumper,2023-02-26,Morning,20,Poor,74.0,4.96,2.47,41.6,76.2,0.75,24.8,185.1,329.6,1753.0,5469,15,49,None,None,0,Low
HEMM-B001,Dozer,2021-05-18,Afternoon,13,Fair,86.8,4.34,2.47,39.9,76.8,0.96,24.6,174.5,343.8,1966.0,3365,106,169,None,None,0,Low
HEMM-G001,Grader,2021-05-01,Afternoon,8,Good,79.3,4.1,1.89,32.0,81.4,0.87,25.1,183.5,322.6,1896.0,3859,86,116,None,None,0,Low
HEMM-L001,Wheel Loader,2021-10-27,Afternoon,11,Poor,83.3,4.02,1.73,34.5,84.1,0.81,23.6,172.4,284.5,1893.0,8141,45,145,None,None,0,Medium
HEMM-E002,Excavator,2022-01-21,Night,20,Poor,84.1,3.99,2.07,42.7,82.3,0.95,19.4,190.0,308.9,1925.0,2172,42,3,Electrical,Electrical Fault,1,Critical
HEMM-E003,Excavator,2023-02-10,Afternoon,1,Good,111.0,4.81,2.17,47.4,73.6,0.6,23.7,173.3,439.7,1709.0,5085,38,0,Engine,Engine Overheat,1,Critical
HEMM-DR01,Drill Rig,2021-06-11,Afternoon,15,Poor,83.5,4.58,1.77,36.0,79.5,0.79,24.8,173.2,324.0,1659.0,2618,62,97,None,None,0,Low
HEMM-E001,Excavator,2023-06-29,Afternoon,4,Fair,87.4,4.86,2.31,39.8,80.3,0.88,24.3,184.2,343.4,1985.0,4681,63,109,None,None,0,Low
HEMM-DR02,Drill Rig,2022-08-07,Morning,19,Good,112.6,4.05,1.71,41.3,88.6,0.54,24.9,190.4,340.7,1791.0,2305,46,5,Cooling System,Cooling System Failure,1,Critical
HEMM-G001,Grader,2021-10-18,Afternoon,13,Poor,87.2,4.51,2.29,38.3,83.8,0.95,24.9,192.3,336.4,1816.0,9213,8,162,None,None,0,Medium
HEMM-B003,Dozer,2023-03-22,Morning,11,Good,79.0,5.07,1.9,27.8,80.4,0.78,24.8,177.4,331.2,1689.0,10244,112,32,None,None,0,Medium
HEMM-B003,Dozer,2021-03-22,Night,2,Good,85.2,4.59,2.05,33.1,84.3,0.83,25.7,177.0,316.3,1868.0,11951,96,77,None,None,0,Medium
HEMM-D003,Dumper,2021-10-14,Morning,4,Poor,72.4,4.2,2.28,38.8,82.9,0.98,24.7,175.4,269.1,1820.0,8765,25,112,None,None,0,Medium
HEMM-G001,Grader,2023-01-02,Afternoon,3,Good,89.1,4.43,1.74,34.4,83.2,0.87,23.8,177.1,301.2,1731.0,6960,48,34,None,None,0,Low
HEMM-SC01,Scraper,2021-05-08,Night,14,Fair,89.7,4.6,1.98,40.9,77.2,0.76,23.9,171.2,293.3,1754.0,10715,106,53,None,None,0,Medium
HEMM-SC01,Scraper,2021-07-03,Morning,15,Fair,90.2,4.37,1.49,26.2,78.2,0.87,24.1,194.2,283.0,1845.0,2806,19,96,None,None,0,Low
HEMM-D002,Dumper,2021-02-19,Morning,8,Good,88.7,5.18,1.9,44.8,90.3,0.81,24.4,195.4,291.9,1794.0,8042,10,170,None,None,0,Medium
HEMM-E003,Excavator,2021-11-09,Morning,17,Fair,81.4,4.52,1.27,35.9,83.2,0.81,24.7,183.5,309.6,1834.0,5434,46,63,None,None,0,Low
HEMM-G002,Grader,2021-02-09,Night,10,Poor,89.0,4.62,1.84,40.5,82.2,0.97,24.7,176.1,314.6,1938.0,8264,8,72,None,None,0,Medium
HEMM-DR01,Drill Rig,2021-05-20,Morning,7,Good,85.0,4.44,2.27,32.3,80.8,0.83,24.1,187.5,373.4,1711.0,9861,9,163,None,None,0,Medium
HEMM-L001,Wheel Loader,2021-01-15,Afternoon,3,Fair,79.4,4.33,2.34,30.7,82.1,0.78,25.2,172.4,295.3,1669.0,9728,117,75,None,None,0,Medium
HEMM-E001,Excavator,2023-03-25,Morning,5,Poor,90.6,4.88,1.17,37.4,77.9,0.86,25.6,186.2,322.4,1836.0,8985,5,52,None,None,0,Medium
HEMM-B002,Dozer,2022-06-29,Night,12,Good,83.2,4.47,1.77,43.6,81.3,0.92,24.3,174.7,326.9,1741.0,8570,54,80,None,None,0,Medium
HEMM-B001,Dozer,2022-11-17,Morning,11,Good,95.1,4.93,2.25,31.7,82.3,0.99,24.2,164.5,313.0,1771.0,4465,55,116,None,None,0,Low
HEMM-DR02,Drill Rig,2021-03-01,Afternoon,20,Poor,66.2,4.45,2.09,36.1,81.9,0.91,24.4,169.7,316.2,1731.0,10872,90,128,None,None,0,Medium
HEMM-E002,Excavator,2022-01-14,Morning,2,Good,93.7,4.87,1.95,33.7,75.9,0.99,24.7,166.6,346.8,1745.0,6548,107,64,None,None,0,Low
HEMM-E002,Excavator,2022-02-14,Night,10,Good,89.1,4.27,1.75,32.8,82.6,0.82,24.3,172.4,299.4,1805.0,11500,91,82,None,None,0,Medium
HEMM-B002,Dozer,2023-01-10,Afternoon,2,Good,93.6,4.38,2.06,37.8,80.3,0.95,24.6,177.0,294.2,1920.0,10814,85,91,None,None,0,Medium
HEMM-B001,Dozer,2022-03-21,Night,1,Good,103.9,4.5,1.84,37.7,80.4,0.85,24.1,178.5,332.4,1636.0,5277,6,146,None,None,0,High
HEMM-B003,Dozer,2022-02-27,Afternoon,13,Fair,84.8,4.49,2.5,38.3,81.4,0.84,23.9,159.2,362.4,1791.0,11995,46,30,None,None,0,Medium
HEMM-E001,Excavator,2023-10-04,Afternoon,18,Poor,90.5,4.95,1.89,39.1,80.5,0.88,25.1,170.4,267.4,1718.0,9976,41,166,None,None,0,Medium
HEMM-E003,Excavator,2021-06-09,Night,4,Good,80.7,4.36,1.79,39.7,85.0,0.98,25.0,184.2,288.2,2035.0,204,114,161,None,None,0,Low
HEMM-D001,Dumper,2022-07-16,Morning,10,Poor,94.1,3.98,2.07,39.3,84.4,1.0,24.5,191.2,319.6,1755.0,7491,53,104,None,None,0,Low
HEMM-E001,Excavator,2021-07-19,Morning,12,Good,78.5,4.5,1.7,33.8,78.3,0.96,24.5,183.1,329.7,1780.0,3727,87,147,None,None,0,Low
HEMM-G001,Grader,2021-06-05,Afternoon,14,Fair,80.3,5.13,2.23,32.4,80.0,0.82,25.5,174.7,335.6,1686.0,10909,7,142,None,None,0,Medium
HEMM-D004,Dumper,2022-09-11,Morning,9,Good,119.6,4.0,2.44,37.7,87.8,0.4,24.3,187.9,298.5,1902.0,7686,118,0,Cooling System,Cooling System Failure,1,Critical
HEMM-E001,Excavator,2021-01-30,Morning,3,Poor,94.7,5.18,1.84,38.6,79.5,0.83,23.9,188.6,288.2,1785.0,4047,63,64,None,None,0,Low
HEMM-B001,Dozer,2022-07-08,Morning,19,Poor,82.6,4.63,1.3,43.1,85.6,0.79,24.9,191.6,295.3,1955.0,8059,13,110,None,None,0,Medium
HEMM-E002,Excavator,2021-05-14,Afternoon,13,Fair,82.0,4.79,2.08,36.8,88.2,0.93,23.9,180.6,278.9,1882.0,689,9,84,None,None,0,Low
HEMM-DR02,Drill Rig,2023-04-25,Morning,1,Good,91.3,4.16,2.5,37.0,78.0,0.77,24.9,184.4,299.1,1983.0,9649,119,122,None,None,0,Medium
