Device_ID,Device_Type,Location,Operating_System,Date,Shift,Device_Age_Years,CPU_Usage_pct,RAM_Usage_pct,Disk_Usage_pct,Temperature_C,Network_Latency_ms,Power_Consumption_W,Battery_Backup_pct,Error_Logs_Count,Fan_Speed_RPM,Voltage_V,Uptime_Hours,Last_Maintenance_Days,Health_Score,Days_to_Next_Failure,Failure_Component,Failure_Type,Failure,Maintenance_Priority
IT-UPS-002,UPS,Power Room,N/A,2023-02-19,Morning,2.2,9.3,30.3,16.4,35.3,0.92,494.5,96.0,1,2083.0,218.7,2283,45,98.5,94,None,None,0,Low
IT-WRK-003,Workstation,Office,Windows 11,2021-07-03,Night,2.0,53.7,55.5,71.8,39.4,3.69,176.5,79.2,3,2029.0,219.1,3650,192,85.3,129,None,None,0,Medium
IT-RTR-002,Router,Network Room,N/A,2021-11-08,Afternoon,1.8,31.3,35.4,21.8,37.8,3.12,93.9,96.9,1,2508.0,221.4,5651,43,98.5,165,None,None,0,Low
IT-SRV-003,Server,Data Center,Red Hat Linux,2023-08-19,Afternoon,0.8,51.5,34.4,51.3,29.2,6.72,435.0,92.4,1,3353.0,214.4,224,218,85.7,82,None,None,0,Medium
IT-WRK-004,Workstation,Office,Ubuntu 20.04,2021-06-15,Afternoon,7.3,16.2,66.1,52.8,54.4,11.26,120.8,82.2,12,2177.0,225.1,7680,27,82.0,2,Motherboard,Hardware Failure,1,Critical
IT-WRK-003,Workstation,Office,Windows 10,2021-12-27,Morning,0.7,97.5,71.4,73.4,36.1,78.68,108.3,91.2,9,2031.0,217.5,7861,351,46.6,6,Network Interface,Network Outage,1,Critical
IT-UPS-002,UPS,Power Room,N/A,2022-11-07,Morning,2.0,11.3,12.3,21.5,26.9,1.61,553.6,91.1,0,2146.0,210.9,1007,328,76.2,84,None,None,0,Medium
IT-WRK-004,Workstation,Office,Windows 11,2023-04-08,Morning,7.6,34.4,82.9,65.5,24.9,5.0,133.0,82.7,4,2288.0,218.1,7901,29,92.8,63,None,None,0,Low
IT-PRT-001,Printer,Office,N/A,2021-11-05,Night,1.4,21.7,46.9,80.7,38.5,17.41,110.7,97.0,3,1646.0,218.2,2045,74,95.5,105,None,None,0,Low
IT-RTR-001,Router,Network Room,Cisco IOS,2023-04-20,Morning,7.1,37.2,33.2,20.3,38.4,3.24,87.9,96.1,2,2558.0,216.9,5328,256,80.4,89,None,None,0,Medium
IT-SRV-004,Server,Data Center,Windows Server 2019,2023-01-11,Morning,4.3,55.2,68.3,53.0,46.0,7.33,299.2,100.0,2,3203.0,220.0,282,300,76.0,42,None,None,0,Medium
IT-UPS-002,UPS,Power Room,N/A,2023-03-29,Afternoon,3.4,5.7,20.2,15.5,36.8,1.85,408.7,96.2,1,1963.0,216.7,6178,274,80.1,53,None,None,0,Medium
IT-SRV-002,Server,Data Center,Red Hat Linux,2023-02-03,Night,6.3,21.2,54.2,73.2,39.7,5.18,337.5,100.0,3,3067.0,210.9,3871,160,88.5,87,None,None,0,Low
IT-SWT-002,Switch,Network Room,N/A,2021-08-05,Night,2.9,31.5,25.9,18.7,45.2,3.35,94.1,100.0,3,2712.0,214.6,4191,197,84.8,105,None,None,0,Medium
IT-SRV-003,Server,Data Center,Ubuntu 22.04,2023-06-16,Afternoon,1.0,74.4,53.8,60.3,41.2,1.32,268.7,99.5,1,2955.0,216.0,4901,351,70.2,112,None,None,0,Medium
IT-WRK-004,Workstation,Office,Windows 11,2021-09-18,Afternoon,7.1,36.9,37.8,100.0,42.9,6.79,149.7,93.9,7,2075.0,218.5,6806,338,55.0,70,None,None,0,High
IT-FRW-002,Firewall,Network Room,Fortinet FortiOS,2023-06-21,Morning,3.0,39.8,15.0,27.0,34.4,3.19,79.6,100.0,3,2436.0,222.9,3338,177,86.8,31,None,None,0,Low
IT-PRT-001,Printer,Office,N/A,2022-08-28,Morning,6.4,31.1,31.5,62.4,33.7,8.45,102.0,91.7,0,1772.0,214.8,4375,337,75.3,136,None,None,0,Medium
IT-PRT-001,Printer,Office,N/A,2022-04-19,Afternoon,5.4,19.0,25.1,91.7,36.8,15.08,102.2,97.5,2,1915.0,224.6,159,58,93.0,158,None,None,0,High
IT-SRV-001,Server,Data Center,Windows Server 2022,2023-12-06,Afternoon,4.3,47.2,34.9,55.4,40.1,3.99,312.5,100.0,3,2959.0,225.4,7376,106,93.9,97,None,None,0,Low
IT-PRT-002,Printer,Office,N/A,2023-05-04,Afternoon,2.0,70.5,54.6,97.2,57.4,5.7,119.1,93.5,29,1756.0,226.8,437,54,47.1,0,CPU/RAM,Server Crash,1,Critical
IT-STR-001,Storage Device,Data Center,N/A,2022-08-28,Morning,7.9,17.9,30.6,88.1,32.0,3.24,130.3,86.5,2,2071.0,214.9,6566,205,83.7,74,None,None,0,Medium
IT-SWT-003,Switch,Network Room,HP ProCurve,2021-09-21,Morning,7.0,39.8,32.8,38.0,45.2,4.78,95.4,97.3,0,2608.0,220.5,6473,215,87.5,173,None,None,0,Medium
IT-RTR-001,Router,Network Room,Cisco IOS,2023-01-07,Afternoon,2.6,19.2,58.5,50.9,35.8,3.08,73.2,96.9,1,2589.0,220.2,6369,95,98.0,152,None,None,0,Low
IT-FRW-001,Firewall,Network Room,Cisco ASA,2023-09-03,Night,7.9,59.4,26.0,41.1,44.5,2.27,102.8,100.0,18,2341.0,216.4,4025,236,58.4,5,Motherboard,Hardware Failure,1,Critical
IT-PRT-002,Printer,Office,N/A,2021-01-09,Night,5.3,8.7,16.5,78.8,39.0,19.63,111.7,88.1,1,2065.0,224.6,5327,212,86.3,96,None,None,0,Medium
IT-STR-001,Storage Device,Data Center,N/A,2021-04-08,Afternoon,0.9,18.6,28.1,56.7,38.8,10.82,100.2,100.0,2,1787.0,221.8,8477,118,94.2,172,None,None,0,Low
IT-RTR-001,Router,Network Room,N/A,2023-06-19,Morning,6.3,28.2,36.1,44.0,28.2,5.17,98.3,97.4,1,2580.0,215.8,3861,97,97.8,59,None,None,0,Low
IT-SWT-001,Switch,Network Room,HP ProCurve,2022-07-19,Night,1.0,50.8,33.7,38.7,39.1,2.64,72.0,100.0,1,2401.0,221.6,3347,287,78.8,74,None,None,0,Medium
IT-FRW-001,Firewall,Network Room,pfSense,2024-01-01,Morning,5.6,42.0,51.7,41.2,32.6,3.01,90.4,98.7,0,2591.0,220.0,2159,71,100.0,68,None,None,0,Low
IT-SRV-002,Server,Data Center,Red Hat Linux,2023-11-17,Night,1.7,66.7,59.0,46.4,47.7,3.12,337.4,100.0,1,2829.0,217.8,3893,315,76.0,71,None,None,0,Medium
IT-SRV-002,Server,Data Center,Red Hat Linux,2022-12-03,Night,1.9,53.2,52.2,29.5,49.3,5.25,290.3,81.4,0,2947.0,222.9,3042,57,100.0,67,None,None,0,Low
IT-WRK-003,Workstation,Office,Windows 11,2021-01-26,Morning,7.4,69.1,46.4,50.0,34.8,13.89,209.4,89.3,2,2324.0,215.1,1688,121,93.9,175,None,None,0,Low
IT-STR-002,Storage Device,Data Center,N/A,2021-06-14,Morning,6.3,17.5,30.7,78.9,38.8,11.31,85.6,89.0,2,1650.0,215.9,6213,130,93.0,110,None,None,0,Low
IT-STR-001,Storage Device,Data Center,N/A,2023-03-24,Morning,7.6,21.2,18.8,72.2,33.1,10.21,114.4,98.1,2,1862.0,220.2,2274,6,97.0,103,None,None,0,Low
IT-SWT-002,Switch,Network Room,HP ProCurve,2022-08-18,Morning,3.7,38.7,36.0,44.3,32.1,2.56,83.6,98.5,0,2844.0,218.6,1284,21,100.0,120,None,None,0,Low
IT-FRW-002,Firewall,Network Room,pfSense,2022-10-12,Afternoon,3.0,32.7,45.6,6.1,42.4,2.75,58.8,97.2,1,2675.0,221.4,666,193,88.2,99,None,None,0,Medium
IT-WRK-004,Workstation,Office,Ubuntu 20.04,2021-11-05,Night,0.6,33.8,59.3,45.8,43.0,10.96,154.3,85.1,3,2295.0,229.2,4831,205,84.0,137,None,None,0,Medium
IT-RTR-003,Router,Network Room,Juniper JunOS,2021-12-23,Night,7.9,30.4,35.7,38.1,35.4,2.08,64.3,100.0,0,2373.0,218.6,3576,124,96.6,96,None,None,0,Low
IT-STR-001,Storage Device,Data Center,N/A,2021-07-12,Afternoon,4.7,19.7,24.9,68.1,31.6,8.8,85.4,93.1,2,1781.0,224.8,570,104,95.6,63,None,None,0,Low
IT-RTR-001,Router,Network Room,Juniper JunOS,2022-09-08,Morning,1.9,30.8,34.4,40.6,37.3,2.71,74.8,100.0,2,2509.0,223.5,7155,77,97.0,30,None,None,0,Low
IT-SRV-002,Server,Data Center,Red Hat Linux,2023-10-28,Afternoon,1.1,53.0,86.0,76.9,46.8,1.5,353.2,88.7,2,2990.0,182.0,3922,175,86.1,1,Power Supply,Power Failure,1,Critical
IT-STR-001,Storage Device,Data Center,N/A,2023-09-20,Morning,3.8,9.5,32.2,94.7,39.8,8.4,129.4,97.6,0,2108.0,215.3,3404,89,94.2,64,None,None,0,High
IT-RTR-003,Router,Network Room,Juniper JunOS,2021-12-20,Night,1.8,14.0,24.7,33.4,41.0,4.82,106.6,100.0,1,2677.0,216.5,8551,345,73.0,159,None,None,0,Medium
IT-WRK-004,Workstation,Office,Windows 10,2021-06-08,Morning,4.4,28.5,72.9,66.2,39.0,9.37,147.1,93.8,4,2043.0,212.8,6997,203,82.7,164,None,None,0,Medium
IT-RTR-003,Router,Network Room,N/A,2022-05-29,Afternoon,3.0,21.3,33.7,34.4,39.9,3.77,84.1,94.8,0,2535.0,219.3,3198,50,100.0,37,None,None,0,Low
IT-UPS-003,UPS,Power Room,N/A,2021-05-08,Afternoon,7.4,4.7,24.7,21.6,27.9,0.28,654.2,84.8,3,1784.0,222.1,4898,95,95.0,98,None,None,0,Low
IT-FRW-002,Firewall,Network Room,pfSense,2022-06-07,Morning,4.5,37.1,42.1,65.5,46.2,3.02,92.3,97.7,25,2500.0,213.3,3315,187,52.8,6,Hard Disk,Disk Failure,1,Critical
IT-WRK-001,Workstation,Office,Windows 11,2021-04-25,Morning,2.2,54.9,51.2,40.3,35.2,14.88,125.7,96.3,4,2219.0,215.2,1383,195,83.5,34,None,None,0,Medium
IT-SWT-003,Switch,Network Room,N/A,2023-02-08,Morning,1.7,40.3,33.0,16.0,39.4,5.26,56.2,96.2,0,2372.0,222.7,1313,12,100.0,37,None,None,0,Low
IT-RTR-003,Router,Network Room,Juniper JunOS,2022-12-05,Night,6.2,32.4,35.7,31.2,37.2,2.38,73.5,98.7,4,2473.0,223.7,1254,331,69.9,30,None,None,0,Medium
IT-FRW-002,Firewall,Network Room,pfSense,2023-06-12,Morning,6.8,14.4,27.6,20.2,31.5,3.1,80.4,100.0,1,2473.0,216.4,6158,255,82.0,138,None,None,0,Medium
IT-UPS-002,UPS,Power Room,N/A,2022-06-23,Afternoon,6.6,17.4,26.2,16.5,37.5,2.46,454.7,34.6,1,2089.0,204.3,4577,272,80.3,0,Battery,UPS Battery Failure,1,Critical
IT-SWT-001,Switch,Network Room,N/A,2022-09-21,Night,2.3,30.0,51.2,38.5,36.8,4.2,127.3,99.6,1,2439.0,217.8,7346,341,73.4,143,None,None,0,Medium
IT-STR-002,Storage Device,Data Center,N/A,2022-06-21,Morning,1.4,25.0,45.9,73.9,30.2,12.28,76.7,97.6,1,1840.0,218.0,390,145,93.0,156,None,None,0,Low
IT-PRT-001,Printer,Office,N/A,2023-06-24,Afternoon,4.3,14.0,33.6,88.2,42.0,10.72,106.5,91.0,1,2008.0,217.2,3953,310,74.6,166,None,None,0,Medium
IT-SRV-004,Server,Data Center,Windows Server 2022,2022-08-10,Afternoon,1.0,68.3,51.3,30.5,38.5,5.66,341.7,97.7,3,3437.0,228.2,4683,233,81.2,155,None,None,0,Medium
IT-STR-002,Storage Device,Data Center,N/A,2021-06-24,Night,0.9,29.3,43.3,73.8,31.9,10.31,95.5,100.0,2,1761.0,215.3,1469,325,73.5,63,None,None,0,Medium
IT-RTR-002,Router,Network Room,N/A,2023-05-18,Night,4.9,38.8,41.7,39.5,40.8,4.03,70.9,96.5,0,2438.0,219.8,390,11,100.0,61,None,None,0,Low
IT-RTR-002,Router,Network Room,N/A,2022-02-22,Night,7.9,26.8,44.3,50.5,27.0,3.37,44.7,98.8,1,2525.0,215.9,308,221,85.4,103,None,None,0,Medium
IT-SRV-005,Server,Data Center,Red Hat Linux,2022-08-11,Morning,1.3,46.9,69.7,66.8,34.1,6.54,323.5,97.7,1,3221.0,216.3,3126,215,86.0,128,None,None,0,Medium
IT-SRV-003,Server,Data Center,Ubuntu 22.04,2022-07-05,Night,2.4,53.7,77.5,34.2,78.5,7.01,287.4,92.5,1,2425.0,213.6,2693,141,74.6,1,Cooling System,Overheating,1,Critical
IT-WRK-002,Workstation,Office,Windows 11,2022-03-22,Night,6.7,40.1,43.5,60.7,31.4,4.7,142.5,89.1,5,2359.0,212.7,4233,257,75.8,94,None,None,0,Medium
IT-WRK-001,Workstation,Office,Windows 10,2022-08-04,Morning,3.0,25.6,60.5,78.4,43.9,13.56,162.9,92.7,7,2057.0,222.7,2209,258,72.7,88,None,None,0,Medium
IT-STR-002,Storage Device,Data Center,N/A,2023-11-23,Morning,4.7,17.0,38.0,63.0,45.3,9.83,100.5,93.9,3,1587.0,220.7,2468,294,75.1,30,None,None,0,Medium
IT-PRT-002,Printer,Office,N/A,2023-03-30,Night,0.6,18.6,35.8,64.6,34.2,10.02,112.8,11.5,0,1753.0,209.9,1548,218,87.2,0,Battery,UPS Battery Failure,1,Critical
IT-RTR-003,Router,Network Room,Cisco IOS,2022-09-04,Morning,1.6,26.8,53.5,31.0,43.0,3.7,74.1,96.4,4,2441.0,223.1,4324,363,66.7,109,None,None,0,Medium
IT-WRK-004,Workstation,Office,Ubuntu 20.04,2022-01-25,Morning,1.3,62.3,32.9,76.4,47.4,6.47,168.7,100.0,2,2322.0,223.0,511,112,94.8,106,None,None,0,Low
IT-WRK-003,Workstation,Office,Ubuntu 20.04,2021-03-29,Afternoon,7.7,73.0,49.9,78.3,32.0,9.69,183.3,86.0,3,2246.0,220.9,7956,278,75.2,119,None,None,0,Medium
IT-SRV-005,Server,Data Center,Ubuntu 22.04,2021-03-30,Night,5.7,43.3,54.3,55.9,32.7,4.65,361.5,100.0,1,2767.0,217.5,3893,107,96.8,163,None,None,0,Low
IT-PRT-001,Printer,Office,N/A,2023-09-03,Morning,4.7,21.1,21.3,100.0,42.7,6.81,83.1,92.1,10,1964.0,224.4,8585,274,57.2,5,Hard Disk,Disk Failure,1,Critical
IT-SWT-003,Switch,Network Room,Cisco IOS,2022-08-23,Afternoon,4.7,20.1,86.1,22.3,33.8,2.16,91.8,99.5,12,2565.0,223.0,1746,282,60.3,5,RAM,Memory Failure,1,Critical
IT-SRV-002,Server,Data Center,Windows Server 2019,2021-12-26,Night,4.1,18.0,69.5,73.4,41.4,3.96,327.2,82.4,1,2838.0,222.1,7124,279,79.6,169,None,None,0,Medium
IT-STR-001,Storage Device,Data Center,N/A,2023-02-12,Afternoon,7.4,9.3,29.5,83.8,34.1,13.6,76.3,90.0,2,1807.0,224.6,5862,69,97.0,46,None,None,0,Low
IT-SRV-004,Server,Data Center,Red Hat Linux,2021-01-10,Afternoon,2.9,83.6,59.8,53.0,46.1,3.6,321.9,100.0,1,2824.0,218.8,3981,304,70.3,61,None,None,0,Medium
IT-SWT-002,Switch,Network Room,Cisco IOS,2022-07-20,Afternoon,1.5,26.0,53.6,13.7,43.0,3.6,86.4,98.6,0,2395.0,222.4,2224,148,94.2,36,None,None,0,Low
IT-WRK-004,Workstation,Office,Windows 10,2022-06-22,Morning,3.6,28.2,69.1,72.4,40.1,3.19,125.7,94.9,3,2153.0,225.2,2202,136,90.9,107,None,None,0,Low
IT-UPS-002,UPS,Power Room,N/A,2021-07-09,Afternoon,7.2,10.9,18.4,11.7,29.5,0.84,580.5,91.2,1,1991.0,222.1,3843,245,83.0,46,None,None,0,Medium
IT-SWT-002,Switch,Network Room,Cisco IOS,2022-05-10,Night,1.5,21.7,51.5,21.7,32.2,1.99,67.6,97.5,0,2429.0,215.9,1245,182,90.8,173,None,None,0,Medium
IT-FRW-001,Firewall,Network Room,pfSense,2022-12-29,Night,7.8,20.4,51.0,29.0,35.0,4.04,86.1,100.0,3,2540.0,222.1,1158,8,95.5,85,None,None,0,Low
IT-SRV-001,Server,Data Center,Red Hat Linux,2023-07-13,Morning,4.2,50.5,85.1,48.3,42.1,5.01,321.8,98.0,0,3160.0,221.5,151,111,95.9,41,None,None,0,Low
IT-SRV-005,Server,Data Center,Windows Server 2022,2023-06-03,Morning,7.8,28.9,45.3,48.8,39.6,5.97,377.9,91.1,1,2822.0,220.6,7598,148,92.7,35,None,None,0,Low
IT-PRT-002,Printer,Office,N/A,2021-03-08,Afternoon,5.2,26.0,31.5,74.7,28.6,13.39,106.3,93.8,4,1788.0,220.6,4182,292,73.8,130,None,None,0,Medium
IT-WRK-002,Workstation,Office,Ubuntu 20.04,2021-10-06,Afternoon,3.1,34.0,64.7,56.1,33.1,16.33,186.5,89.0,3,2225.0,211.2,2551,354,69.1,38,None,None,0,Medium
IT-STR-001,Storage Device,Data Center,N/A,2023-02-03,Night,5.5,9.6,29.9,73.9,35.8,20.19,90.9,94.9,1,1862.0,216.6,4424,91,98.4,161,None,None,0,Low
IT-SRV-003,Server,Data Center,Red Hat Linux,2023-03-08,Night,5.9,21.6,78.1,73.5,29.2,5.77,272.3,97.6,4,3229.0,224.9,4364,311,71.9,107,None,None,0,Medium
IT-WRK-004,Workstation,Office,Ubuntu 20.04,2021-12-19,Morning,2.4,100.0,83.7,77.6,63.4,10.43,215.3,90.3,2,1474.0,215.8,2932,346,39.2,3,Cooling System,Overheating,1,Critical
IT-SWT-001,Switch,Network Room,Cisco IOS,2023-02-07,Morning,1.7,38.3,37.9,32.1,39.8,4.36,78.5,95.5,0,2564.0,219.2,7696,238,85.2,101,None,None,0,Medium
IT-WRK-002,Workstation,Office,Ubuntu 20.04,2022-10-15,Night,1.8,43.2,77.1,58.1,34.0,14.57,115.8,99.5,4,1682.0,223.3,2411,354,67.6,42,None,None,0,Medium
IT-WRK-004,Workstation,Office,Windows 10,2021-11-11,Afternoon,4.3,73.6,84.2,80.5,36.8,9.47,177.8,97.4,3,2356.0,222.9,6600,170,84.0,138,None,None,0,Low
IT-SWT-003,Switch,Network Room,Cisco IOS,2022-03-18,Night,1.2,45.8,44.6,22.2,38.6,3.59,94.3,96.4,1,2690.0,224.5,4152,198,87.7,70,None,None,0,Medium
IT-PRT-001,Printer,Office,N/A,2023-04-15,Morning,1.1,13.1,32.2,71.5,36.5,1.66,100.6,100.0,0,1892.0,214.0,1075,29,100.0,52,None,None,0,Low
IT-UPS-002,UPS,Power Room,N/A,2022-03-17,Night,3.8,10.5,26.2,13.3,24.9,1.41,550.3,86.4,1,1911.0,216.6,8384,4,98.5,76,None,None,0,Low
IT-FRW-001,Firewall,Network Room,pfSense,2023-05-28,Night,3.8,29.0,41.9,26.7,40.7,1.37,98.1,98.6,2,2600.0,224.3,4638,87,97.0,66,None,None,0,Low
IT-UPS-001,UPS,Power Room,N/A,2021-10-06,Afternoon,4.0,2.3,18.6,8.3,32.9,0.79,581.4,90.0,0,1832.0,235.1,7548,352,73.8,162,None,None,0,Medium
IT-STR-002,Storage Device,Data Center,N/A,2022-09-07,Night,5.1,22.6,29.8,64.7,40.9,9.96,113.1,87.9,1,2132.0,220.1,1707,248,82.7,38,None,None,0,Medium
IT-FRW-002,Firewall,Network Room,Cisco ASA,2023-07-20,Morning,3.1,24.7,50.2,41.9,42.1,2.27,64.7,98.2,0,2309.0,216.7,290,196,89.4,141,None,None,0,Medium
IT-SWT-003,Switch,Network Room,Cisco IOS,2021-05-03,Night,1.4,41.3,39.0,39.7,37.6,4.62,97.7,97.7,2,2404.0,225.5,2094,281,77.9,139,None,None,0,Medium
IT-SRV-001,Server,Data Center,Windows Server 2022,2021-08-20,Morning,1.5,63.6,41.6,42.5,46.6,0.15,423.0,94.4,3,3162.0,222.6,3715,130,91.5,35,None,None,0,Low
IT-SRV-002,Server,Data Center,Windows Server 2019,2021-03-30,Morning,1.9,30.3,69.3,17.0,55.4,5.63,370.5,96.0,4,2772.0,219.6,3485,110,91.6,162,None,None,0,Low
IT-RTR-001,Router,Network Room,Juniper JunOS,2023-08-03,Afternoon,3.1,28.3,53.6,47.6,37.6,3.67,106.5,99.5,2,2476.0,220.4,6108,178,88.2,116,None,None,0,Low
IT-SRV-001,Server,Data Center,Windows Server 2022,2023-07-15,Morning,4.9,21.8,52.6,76.2,31.1,6.33,398.1,88.4,2,3071.0,219.0,773,110,95.0,132,None,None,0,Low
IT-SWT-002,Switch,Network Room,Cisco IOS,2023-01-26,Afternoon,5.8,37.0,47.3,25.2,39.3,3.36,104.4,100.0,1,2655.0,217.4,7814,172,90.3,107,None,None,0,Low
IT-WRK-002,Workstation,Office,Windows 11,2023-10-10,Morning,0.7,3.4,65.9,61.3,32.4,8.3,167.5,74.7,1,2299.0,220.6,1577,170,90.5,57,None,None,0,Low
IT-SRV-001,Server,Data Center,Ubuntu 22.04,2023-05-20,Night,5.7,43.3,60.4,80.9,47.2,5.67,323.3,96.2,1,2959.0,225.6,157,90,98.5,125,None,None,0,Low
IT-STR-001,Storage Device,Data Center,N/A,2022-11-26,Night,7.7,48.6,20.0,69.7,38.0,9.54,92.1,96.2,2,1869.0,223.8,4446,200,86.0,72,None,None,0,Medium
IT-RTR-003,Router,Network Room,Cisco IOS,2022-09-25,Night,1.2,35.1,49.1,39.6,38.9,2.63,70.5,97.2,3,2548.0,214.9,7993,37,95.5,50,None,None,0,Low
IT-SRV-004,Server,Data Center,Ubuntu 22.04,2022-12-06,Afternoon,7.8,47.8,48.9,67.5,35.9,7.01,420.2,82.2,2,3224.0,209.6,4123,28,97.0,63,None,None,0,Low
IT-WRK-004,Workstation,Office,Ubuntu 20.04,2023-03-24,Morning,0.6,9.5,34.3,57.8,42.0,8.3,126.5,66.3,0,2106.0,216.1,5689,161,92.9,78,None,None,0,Low
IT-WRK-002,Workstation,Office,Ubuntu 20.04,2022-01-02,Morning,4.8,32.1,59.5,43.3,35.8,5.25,235.6,98.4,3,2439.0,192.1,475,337,70.8,4,Power Supply,Power Failure,1,Critical
IT-SWT-002,Switch,Network Room,HP ProCurve,2022-12-26,Night,2.4,28.2,40.0,29.6,30.6,3.22,106.6,99.4,2,2473.0,219.7,4017,32,97.0,93,None,None,0,Low
IT-SRV-004,Server,Data Center,Windows Server 2022,2021-06-21,Night,0.5,33.8,78.5,36.6,48.0,8.02,279.6,100.0,2,2963.0,228.6,3259,163,89.7,155,None,None,0,Low
IT-SRV-005,Server,Data Center,Red Hat Linux,2022-04-22,Morning,6.6,14.3,64.0,52.5,38.7,2.27,398.4,92.5,1,2978.0,208.5,7532,144,93.1,136,None,None,0,Low
IT-RTR-002,Router,Network Room,Juniper JunOS,2023-07-04,Morning,4.4,46.8,42.1,34.3,34.8,3.08,77.3,100.0,1,2753.0,224.4,3682,175,90.0,149,None,None,0,Low
IT-RTR-002,Router,Network Room,N/A,2021-07-25,Night,5.9,34.0,39.8,25.3,37.1,3.55,75.1,98.0,0,2734.0,221.2,2962,17,100.0,80,None,None,0,Low
IT-UPS-003,UPS,Power Room,N/A,2021-01-31,Morning,1.8,46.0,65.3,6.7,53.9,1.09,485.7,100.0,22,2031.0,231.0,4176,45,67.0,1,CPU/RAM,Server Crash,1,Critical
IT-UPS-001,UPS,Power Room,N/A,2021-12-23,Afternoon,5.0,9.2,18.2,6.4,26.1,1.15,487.2,79.4,0,2008.0,221.6,7118,93,99.7,150,None,None,0,Low
IT-WRK-001,Workstation,Office,Windows 11,2022-10-19,Morning,1.8,51.4,63.1,61.2,35.7,8.98,149.3,78.3,2,2331.0,215.2,5195,338,72.2,108,None,None,0,Medium
IT-FRW-001,Firewall,Network Room,Cisco ASA,2022-03-20,Night,0.8,55.6,36.5,19.0,33.6,0.41,119.7,95.6,2,2515.0,222.0,5280,334,72.6,90,None,None,0,Medium
IT-SRV-004,Server,Data Center,Red Hat Linux,2022-07-07,Night,6.1,49.4,57.5,64.9,43.2,5.26,345.1,95.8,2,3030.0,217.6,2128,18,97.0,71,None,None,0,Low
IT-SRV-004,Server,Data Center,Windows Server 2022,2022-01-10,Morning,1.8,54.2,82.6,48.9,47.0,4.46,332.7,90.5,2,2901.0,229.3,7081,40,96.0,180,None,None,0,Low
IT-SWT-001,Switch,Network Room,Cisco IOS,2021-06-14,Morning,6.7,36.1,30.1,27.9,34.8,3.22,69.6,98.1,2,2867.0,222.6,395,347,71.3,142,None,None,0,Medium
IT-WRK-001,Workstation,Office,Ubuntu 20.04,2022-07-09,Night,7.8,62.8,42.1,56.3,34.2,6.4,193.5,84.4,2,2331.0,217.8,8603,226,83.4,63,None,None,0,Medium
IT-PRT-002,Printer,Office,N/A,2023-08-10,Night,7.5,16.9,26.3,83.7,40.7,9.26,108.8,93.3,2,1493.0,219.6,7935,126,93.4,161,None,None,0,Low
IT-SRV-004,Server,Data Center,Windows Server 2019,2021-10-04,Morning,1.8,30.0,69.7,68.3,32.7,2.23,368.4,98.5,1,2711.0,227.2,3958,271,80.4,62,None,None,0,Medium
IT-UPS-003,UPS,Power Room,N/A,2022-08-20,Morning,3.4,45.2,46.2,8.8,35.1,0.4,516.6,95.2,19,1846.0,229.8,6018,307,49.8,3,OS/Software,Software Crash,1,Critical
IT-FRW-001,Firewall,Network Room,pfSense,2023-09-15,Afternoon,6.9,36.8,37.9,27.4,39.7,0.97,86.5,94.7,0,2518.0,217.4,2858,176,91.4,125,None,None,0,Low
IT-RTR-002,Router,Network Room,Cisco IOS,2022-07-24,Afternoon,5.1,60.3,18.3,22.4,65.6,3.82,89.3,95.0,0,1578.0,222.8,1764,248,75.7,4,Cooling System,Overheating,1,Critical
IT-STR-002,Storage Device,Data Center,N/A,2022-09-16,Morning,2.6,36.2,30.3,59.4,43.4,16.78,83.6,100.0,3,1759.0,214.2,6072,8,95.5,126,None,None,0,Low
IT-STR-002,Storage Device,Data Center,N/A,2022-07-12,Night,1.5,14.4,37.6,72.6,34.7,8.32,96.7,100.0,4,1831.0,217.0,8506,294,73.6,76,None,None,0,Medium
IT-RTR-002,Router,Network Room,N/A,2021-11-16,Morning,1.3,43.7,33.9,28.7,33.5,5.02,69.2,98.2,0,2439.0,220.8,1814,311,77.9,141,None,None,0,Medium
IT-WRK-003,Workstation,Office,Ubuntu 20.04,2023-03-29,Night,6.1,6.3,81.6,72.7,40.7,10.96,194.3,70.9,1,2017.0,227.1,148,314,75.5,51,None,None,0,Medium
IT-STR-001,Storage Device,Data Center,N/A,2023-01-26,Morning,2.9,41.2,35.1,65.8,35.6,13.5,103.1,79.2,2,1887.0,217.8,505,330,73.0,60,None,None,0,Medium
IT-PRT-002,Printer,Office,N/A,2022-05-15,Night,7.2,30.5,18.2,84.6,36.3,0.1,67.9,82.7,3,1723.0,214.8,3519,118,92.7,174,None,None,0,Low
IT-SRV-002,Server,Data Center,Red Hat Linux,2022-09-25,Morning,6.6,24.0,42.4,48.3,44.7,6.79,329.8,97.3,1,2864.0,223.4,7673,131,94.4,44,None,None,0,Low
IT-STR-001,Storage Device,Data Center,N/A,2021-06-27,Morning,1.9,19.3,31.8,45.3,34.0,11.05,94.6,100.0,1,1638.0,209.2,7259,353,72.2,67,None,None,0,Medium
IT-UPS-003,UPS,Power Room,N/A,2022-09-03,Morning,7.2,7.2,27.6,11.5,35.0,0.85,549.2,100.0,1,1975.0,219.1,5530,250,82.5,66,None,None,0,Medium
IT-WRK-003,Workstation,Office,Windows 11,2021-06-09,Morning,2.4,83.1,54.8,56.7,37.3,9.82,94.5,89.3,0,2133.0,221.0,4889,243,78.2,80,None,None,0,Medium
IT-PRT-002,Printer,Office,N/A,2022-11-08,Night,7.2,15.2,31.4,100.0,46.3,16.47,85.9,100.0,23,1543.0,222.4,5443,88,55.6,3,Hard Disk,Disk Failure,1,Critical
IT-UPS-001,UPS,Power Room,N/A,2023-02-17,Afternoon,5.2,14.5,19.3,7.8,33.7,0.8,447.0,82.9,1,2179.0,214.1,854,110,96.5,155,None,None,0,Low
IT-WRK-004,Workstation,Office,Ubuntu 20.04,2021-02-13,Afternoon,7.1,38.0,72.7,72.5,33.2,11.56,202.1,85.8,4,2539.0,220.7,1035,346,68.4,85,None,None,0,Medium
IT-WRK-001,Workstation,Office,Windows 10,2023-04-21,Afternoon,1.9,45.8,43.0,63.9,45.7,12.13,174.8,81.2,5,2123.0,213.5,1339,128,88.7,166,None,None,0,Low
IT-RTR-001,Router,Network Room,Cisco IOS,2021-10-15,Night,2.8,42.5,43.7,10.1,42.9,3.64,77.0,97.9,1,2691.0,222.6,5951,357,71.8,46,None,None,0,Medium
IT-STR-001,Storage Device,Data Center,N/A,2023-09-09,Morning,3.6,23.9,37.2,90.7,31.9,12.92,105.9,96.7,2,1948.0,218.2,6716,69,93.6,32,None,None,0,High
IT-WRK-004,Workstation,Office,Windows 11,2022-10-20,Morning,3.2,15.3,52.8,64.1,44.4,8.52,151.1,90.3,5,1913.0,217.5,4139,242,77.3,105,None,None,0,Medium
IT-STR-002,Storage Device,Data Center,N/A,2023-03-12,Night,7.5,30.4,27.0,64.3,32.8,12.59,69.7,100.0,5,1864.0,219.8,557,38,92.5,179,None,None,0,Low
IT-WRK-003,Workstation,Office,Windows 11,2022-10-13,Night,4.0,44.5,77.1,66.3,33.4,3.85,165.7,72.7,15,2424.0,223.0,842,242,62.3,4,RAM,Memory Failure,1,Critical
IT-FRW-002,Firewall,Network Room,Fortinet FortiOS,2022-07-06,Night,4.8,23.1,53.3,25.8,43.6,4.36,51.1,99.5,1,2265.0,223.9,6594,18,98.5,81,None,None,0,Low
IT-SRV-003,Server,Data Center,Windows Server 2022,2023-10-19,Night,2.1,75.4,71.2,52.0,42.2,4.37,277.3,91.9,1,3194.0,218.3,7885,170,87.8,60,None,None,0,Low
IT-SRV-004,Server,Data Center,Windows Server 2022,2023-07-15,Night,0.9,39.8,39.3,60.0,45.5,0.1,364.4,94.9,0,2779.0,221.2,8756,80,100.0,130,None,None,0,Low
IT-RTR-003,Router,Network Room,Cisco IOS,2022-06-05,Night,5.3,36.8,22.1,28.8,34.0,3.07,54.6,98.9,1,2611.0,216.4,448,132,94.3,101,None,None,0,Low
IT-RTR-002,Router,Network Room,N/A,2023-02-23,Afternoon,6.9,35.7,50.5,22.2,35.8,1.34,95.8,96.3,0,2367.0,221.7,5187,50,100.0,162,None,None,0,Low
IT-FRW-001,Firewall,Network Room,Fortinet FortiOS,2021-04-18,Night,2.2,48.4,86.1,28.2,45.7,2.9,75.3,98.5,16,2618.0,218.3,2196,164,66.1,2,RAM,Memory Failure,1,Critical
IT-WRK-003,Workstation,Office,Ubuntu 20.04,2023-06-10,Afternoon,7.2,25.9,55.2,36.4,30.5,3.19,94.6,97.7,2,1948.0,219.7,6181,118,94.2,47,None,None,0,Low
IT-PRT-001,Printer,Office,N/A,2021-12-03,Night,6.2,12.7,41.1,100.0,44.3,9.19,60.7,83.6,4,1725.0,225.6,729,280,57.8,120,None,None,0,High
IT-SWT-003,Switch,Network Room,Cisco IOS,2022-08-16,Afternoon,5.9,43.3,53.1,37.2,42.8,1.79,69.6,94.1,2,2384.0,221.4,4110,337,72.3,43,None,None,0,Medium
IT-WRK-004,Workstation,Office,Windows 11,2021-06-22,Night,4.4,15.2,71.9,48.9,37.0,11.8,142.8,84.4,1,2149.0,221.1,5035,259,81.6,55,None,None,0,Medium
IT-WRK-001,Workstation,Office,Ubuntu 20.04,2022-04-02,Morning,1.5,41.3,64.4,70.7,38.5,9.1,151.9,87.0,3,2302.0,224.3,6019,352,69.3,56,None,None,0,Medium
IT-WRK-003,Workstation,Office,Windows 10,2022-06-15,Afternoon,2.1,37.4,76.4,47.0,39.1,15.67,190.8,75.3,6,1930.0,218.0,8139,355,64.5,77,None,None,0,Medium
IT-PRT-001,Printer,Office,N/A,2022-07-06,Afternoon,5.0,2.8,19.2,67.2,36.8,12.81,196.2,91.6,2,1494.0,176.1,2746,311,74.9,3,Power Supply,Power Failure,1,Critical
IT-STR-001,Storage Device,Data Center,N/A,2023-02-25,Night,1.8,29.2,24.5,51.8,43.3,12.39,90.9,89.5,3,1707.0,223.7,8267,310,73.5,116,None,None,0,Medium
IT-WRK-001,Workstation,Office,Ubuntu 20.04,2021-09-09,Morning,0.9,20.0,19.4,55.5,41.8,8.87,92.0,84.8,3,2187.0,220.0,6555,130,91.5,91,None,None,0,Low
IT-PRT-002,Printer,Office,N/A,2021-07-05,Morning,1.0,20.9,31.6,85.2,32.5,10.77,146.0,85.6,1,1556.0,213.6,5658,296,77.8,79,None,None,0,Medium
IT-PRT-001,Printer,Office,N/A,2023-05-31,Morning,0.9,21.5,42.6,74.8,40.2,8.43,90.1,89.9,10,1715.0,220.7,856,2,85.0,6,Motherboard,Hardware Failure,1,Critical
IT-RTR-002,Router,Network Room,Cisco IOS,2022-04-04,Afternoon,6.1,37.6,50.3,15.1,34.0,3.35,59.6,99.1,1,2558.0,223.3,4587,342,73.3,89,None,None,0,Medium
IT-SRV-004,Server,Data Center,Windows Server 2019,2022-11-21,Morning,6.0,54.1,12.0,52.5,49.3,6.18,300.8,93.3,2,3217.0,225.1,1332,312,74.8,42,None,None,0,Medium
IT-FRW-002,Firewall,Network Room,Cisco ASA,2023-03-27,Morning,4.6,26.3,30.0,36.3,43.8,3.12,97.9,96.1,1,2634.0,222.2,1536,305,77.0,93,None,None,0,Medium
IT-STR-001,Storage Device,Data Center,N/A,2023-04-16,Morning,3.5,19.9,35.6,61.5,44.1,11.72,90.0,83.4,3,1779.0,223.5,7443,158,88.7,128,None,None,0,Low
IT-SWT-001,Switch,Network Room,N/A,2022-12-16,Afternoon,5.1,82.6,55.1,48.1,42.6,2.32,81.0,99.9,23,2518.0,225.5,3704,250,43.2,3,OS/Software,Software Crash,1,Critical
IT-WRK-001,Workstation,Office,Windows 11,2023-12-05,Afternoon,6.9,72.1,44.3,60.8,37.5,7.81,152.6,77.0,1,2148.0,224.9,5967,104,96.0,96,None,None,0,Low
IT-SRV-004,Server,Data Center,Ubuntu 22.04,2022-09-02,Morning,7.7,30.7,62.2,43.5,31.1,4.3,480.4,92.9,3,3010.0,222.1,3271,230,81.5,61,None,None,0,Medium
IT-UPS-002,UPS,Power Room,N/A,2021-07-17,Afternoon,2.2,9.3,23.7,13.3,27.0,0.62,429.5,95.6,2,1892.0,226.9,548,288,77.2,156,None,None,0,Medium
IT-FRW-002,Firewall,Network Room,Cisco ASA,2022-03-22,Morning,0.9,35.7,52.5,41.4,39.6,2.71,85.8,96.3,5,2628.0,225.9,8161,268,74.7,89,None,None,0,Medium
IT-RTR-003,Router,Network Room,Juniper JunOS,2022-06-15,Night,4.9,14.5,47.8,36.5,46.2,3.64,90.5,34.7,1,2393.0,198.3,6546,62,98.5,2,Battery,UPS Battery Failure,1,Critical
IT-SRV-001,Server,Data Center,Windows Server 2022,2021-10-26,Night,5.8,46.6,50.9,33.9,39.9,5.0,380.0,100.0,1,3076.0,223.3,5749,77,98.5,105,None,None,0,Low
IT-SRV-001,Server,Data Center,Ubuntu 22.04,2023-01-22,Afternoon,1.4,47.2,70.6,31.2,41.5,5.36,351.7,98.9,0,2807.0,209.9,3281,272,81.8,123,None,None,0,Medium
IT-UPS-002,UPS,Power Room,N/A,2022-01-23,Afternoon,3.4,4.0,14.3,21.7,28.6,1.03,541.6,100.0,0,2193.0,221.8,1516,294,79.6,133,None,None,0,Medium
IT-SWT-003,Switch,Network Room,N/A,2021-01-04,Afternoon,7.1,44.4,46.6,27.0,41.0,3.09,73.1,100.0,1,2377.0,219.2,5911,72,98.5,77,None,None,0,Low
IT-UPS-003,UPS,Power Room,N/A,2023-08-13,Afternoon,3.5,11.1,25.2,12.2,32.8,1.08,527.8,100.0,1,2077.0,216.8,7974,243,83.2,128,None,None,0,Medium
IT-STR-002,Storage Device,Data Center,N/A,2023-06-14,Morning,2.5,18.3,35.9,85.1,35.7,11.41,58.1,93.9,2,2121.0,219.2,2074,299,76.0,69,None,None,0,Medium
IT-SWT-002,Switch,Network Room,N/A,2021-12-13,Afternoon,3.4,66.1,60.6,34.5,58.7,3.46,117.0,95.2,20,2608.0,216.4,334,306,45.5,1,CPU/RAM,Server Crash,1,Critical
IT-FRW-002,Firewall,Network Room,pfSense,2023-02-26,Morning,5.2,40.4,37.0,33.1,34.2,2.54,98.8,97.6,1,2504.0,221.2,7303,64,98.5,139,None,None,0,Low
IT-SRV-005,Server,Data Center,Windows Server 2019,2021-05-04,Afternoon,7.1,53.0,54.3,49.2,35.3,6.25,354.5,93.1,3,2763.0,214.5,722,39,95.5,42,None,None,0,Low
IT-SRV-002,Server,Data Center,Windows Server 2019,2023-03-28,Night,2.9,22.1,64.0,89.5,50.7,5.92,356.3,96.0,3,3236.0,220.8,3804,329,68.9,121,None,None,0,Medium
IT-PRT-002,Printer,Office,N/A,2022-07-24,Night,4.4,23.8,26.1,69.5,31.2,2.79,55.1,91.4,3,1900.0,220.5,376,32,95.5,115,None,None,0,Low
IT-SRV-005,Server,Data Center,Windows Server 2019,2023-01-04,Night,3.9,79.0,62.9,64.7,85.9,6.47,253.4,96.0,1,2429.0,228.0,3072,234,54.9,6,Cooling System,Overheating,1,Critical
IT-WRK-001,Workstation,Office,Ubuntu 20.04,2023-03-14,Morning,3.1,68.5,79.0,58.5,35.2,5.67,155.1,76.8,6,1781.0,228.2,5442,14,91.0,73,None,None,0,Low
IT-STR-001,Storage Device,Data Center,N/A,2023-03-08,Morning,7.6,10.8,40.9,82.7,35.1,5.51,109.8,90.7,1,1726.0,215.7,1982,272,80.3,110,None,None,0,Medium
IT-STR-001,Storage Device,Data Center,N/A,2021-01-21,Morning,3.3,25.8,62.0,100.0,35.1,9.74,97.3,100.0,13,1951.0,220.6,4785,89,69.8,2,RAM,Memory Failure,1,Critical
IT-FRW-002,Firewall,Network Room,Fortinet FortiOS,2022-02-10,Afternoon,6.1,40.6,22.6,25.5,43.1,3.93,80.5,97.9,2,2450.0,223.1,8379,8,97.0,62,None,None,0,Low
IT-UPS-003,UPS,Power Room,N/A,2022-09-13,Night,0.7,3.8,19.1,20.9,26.6,1.05,542.2,87.8,0,1997.0,215.1,2921,275,81.5,126,None,None,0,Medium
IT-RTR-002,Router,Network Room,Juniper JunOS,2021-08-23,Morning,3.8,32.6,37.7,17.5,42.1,4.56,56.5,98.4,1,2674.0,215.8,6858,266,80.9,176,None,None,0,Medium
IT-RTR-003,Router,Network Room,Cisco IOS,2022-12-19,Afternoon,1.3,26.8,45.4,32.4,43.1,1.13,79.5,99.1,1,2404.0,217.7,3833,347,72.8,91,None,None,0,Medium
IT-STR-002,Storage Device,Data Center,N/A,2023-09-09,Night,0.6,18.9,17.6,67.2,34.5,12.15,88.5,88.3,0,1843.0,218.6,8692,158,93.2,83,None,None,0,Low
IT-SRV-002,Server,Data Center,Windows Server 2022,2021-08-22,Night,0.8,53.1,53.0,51.4,37.8,5.95,410.2,96.2,1,2996.0,211.7,5312,5,98.5,111,None,None,0,Low
IT-PRT-002,Printer,Office,N/A,2022-02-27,Afternoon,1.9,18.6,25.9,49.5,35.1,5.67,125.6,95.7,1,1749.0,217.2,3643,29,98.5,76,None,None,0,Low
IT-PRT-001,Printer,Office,N/A,2022-01-20,Afternoon,2.3,19.4,24.2,50.8,28.3,9.45,68.9,98.0,3,1633.0,214.4,7173,187,85.8,158,None,None,0,Medium
IT-RTR-003,Router,Network Room,Cisco IOS,2021-11-06,Morning,5.7,73.3,25.1,35.4,80.6,1.61,77.4,99.8,1,1969.0,214.3,8120,346,50.7,3,Cooling System,Overheating,1,Critical
IT-PRT-002,Printer,Office,N/A,2022-05-05,Afternoon,6.1,14.8,43.0,44.6,37.6,12.15,144.4,91.5,3,1911.0,221.0,1450,236,80.9,81,None,None,0,Medium
IT-SRV-005,Server,Data Center,Red Hat Linux,2021-08-14,Morning,7.6,32.5,78.0,54.8,44.2,3.3,264.1,96.9,0,2956.0,223.2,1251,193,89.7,82,None,None,0,Medium
IT-UPS-001,UPS,Power Room,N/A,2023-07-21,Morning,6.9,3.2,23.7,14.7,24.9,1.03,348.4,94.1,0,2038.0,210.2,5484,166,92.4,35,None,None,0,Low
IT-WRK-001,Workstation,Office,Ubuntu 20.04,2022-12-02,Morning,5.6,49.7,60.1,68.1,37.7,5.62,121.4,97.2,3,2184.0,222.8,4195,226,81.9,137,None,None,0,Medium
IT-SWT-001,Switch,Network Room,Cisco IOS,2021-05-22,Morning,1.0,32.0,54.3,11.9,38.2,1.26,90.9,95.9,0,2571.0,215.1,2408,166,92.4,111,None,None,0,Low
IT-FRW-001,Firewall,Network Room,Fortinet FortiOS,2022-12-06,Morning,1.1,21.5,45.7,28.8,60.7,0.35,89.8,97.7,16,2575.0,219.7,8579,125,67.9,4,Motherboard,Hardware Failure,1,Critical
IT-UPS-003,UPS,Power Room,N/A,2021-12-03,Afternoon,7.0,8.4,23.6,23.0,22.6,0.58,602.3,91.2,0,1866.0,223.6,3226,155,93.5,103,None,None,0,Low
IT-SRV-002,Server,Data Center,Red Hat Linux,2021-07-23,Morning,6.5,42.1,56.0,48.3,48.2,2.81,376.0,93.3,7,3039.0,217.5,5276,9,89.5,128,None,None,0,Low
IT-SRV-001,Server,Data Center,Windows Server 2019,2022-09-12,Afternoon,6.2,57.5,44.7,71.1,49.5,6.75,285.5,92.7,3,2908.0,222.8,7628,108,93.7,97,None,None,0,Low
IT-SRV-001,Server,Data Center,Ubuntu 22.04,2022-01-16,Afternoon,5.1,61.2,47.9,50.9,44.7,7.94,379.9,93.1,3,2999.0,221.6,6653,201,84.4,64,None,None,0,Medium
IT-UPS-003,UPS,Power Room,N/A,2023-09-14,Morning,3.8,16.9,19.4,13.0,28.2,1.34,594.5,81.9,0,2007.0,225.2,7269,88,100.0,167,None,None,0,Low
IT-UPS-001,UPS,Power Room,N/A,2023-08-20,Morning,1.6,8.5,25.3,23.6,34.1,104.15,458.7,95.5,7,1972.0,225.8,5411,123,86.2,4,Network Interface,Network Outage,1,Critical
IT-SRV-002,Server,Data Center,Ubuntu 22.04,2022-06-22,Morning,7.8,30.2,75.9,59.3,38.2,4.51,346.0,98.8,1,2653.0,218.1,4371,233,84.2,60,None,None,0,Medium
IT-STR-002,Storage Device,Data Center,N/A,2022-09-06,Morning,4.6,22.3,29.1,74.7,35.9,12.28,99.4,85.4,1,1626.0,217.9,2248,358,71.7,42,None,None,0,Medium
IT-WRK-002,Workstation,Office,Windows 10,2021-12-02,Morning,0.9,36.4,46.0,49.9,39.7,10.44,150.1,85.5,3,2064.0,220.7,242,265,78.0,76,None,None,0,Medium
IT-SWT-001,Switch,Network Room,Cisco IOS,2021-07-11,Morning,7.1,31.2,44.9,15.2,46.0,1.07,56.4,100.0,2,2624.0,218.8,5261,285,77.5,73,None,None,0,Medium
IT-RTR-002,Router,Network Room,Cisco IOS,2022-08-29,Night,6.4,39.8,41.5,38.2,33.4,2.4,68.6,98.3,0,2550.0,221.1,1674,135,95.5,145,None,None,0,Low
IT-PRT-002,Printer,Office,N/A,2021-03-05,Morning,6.5,19.1,32.4,92.0,35.4,7.35,62.4,82.6,1,1828.0,220.8,8724,76,94.3,51,None,None,0,High
IT-PRT-001,Printer,Office,N/A,2021-04-02,Night,1.2,18.5,41.0,36.7,42.6,14.83,94.7,87.4,2,1888.0,220.0,575,275,78.5,59,None,None,0,Medium
IT-UPS-002,UPS,Power Room,N/A,2021-02-21,Afternoon,2.7,9.9,14.9,15.3,28.1,1.37,518.5,94.2,0,1988.0,223.5,906,237,85.3,56,None,None,0,Medium
IT-WRK-002,Workstation,Office,Windows 10,2022-05-01,Night,6.8,24.0,81.2,56.8,33.3,7.24,129.4,94.2,4,2418.0,225.0,3179,79,93.5,169,None,None,0,Low
IT-SWT-002,Switch,Network Room,Cisco IOS,2023-12-02,Morning,7.7,47.8,35.9,31.0,34.7,2.29,78.4,96.4,2,2563.0,219.4,8014,318,74.2,150,None,None,0,Medium
IT-SRV-001,Server,Data Center,Ubuntu 22.04,2021-09-04,Night,4.7,34.7,100.0,57.3,52.8,4.87,326.4,89.0,1,3214.0,221.6,3321,177,77.7,136,None,None,0,Low
IT-PRT-001,Printer,Office,N/A,2022-01-21,Morning,4.4,5.1,36.3,55.1,32.6,9.04,118.4,97.2,1,1679.0,220.6,6170,47,98.5,115,None,None,0,Low
IT-RTR-001,Router,Network Room,N/A,2023-12-08,Afternoon,4.5,32.0,37.3,31.7,46.2,2.84,76.9,99.8,0,2588.0,221.6,5013,336,75.4,178,None,None,0,Medium
IT-SRV-001,Server,Data Center,Windows Server 2019,2021-11-17,Morning,5.4,57.7,73.5,69.4,45.0,6.65,347.8,93.8,1,3112.0,218.1,5747,121,95.4,173,None,None,0,Low
IT-STR-002,Storage Device,Data Center,N/A,2021-07-26,Night,3.5,11.9,21.0,56.2,37.8,7.97,58.1,84.6,2,1748.0,223.5,7899,148,91.2,159,None,None,0,Low
IT-SWT-002,Switch,Network Room,HP ProCurve,2023-10-11,Afternoon,7.9,33.7,44.9,30.6,41.3,2.57,88.5,98.5,1,2500.0,219.4,5665,347,72.8,95,None,None,0,Medium
IT-RTR-003,Router,Network Room,N/A,2022-06-04,Night,3.7,47.4,39.9,21.1,35.8,3.58,66.1,97.4,0,2469.0,220.4,8129,140,95.0,132,None,None,0,Low
IT-WRK-001,Workstation,Office,Windows 11,2021-01-18,Morning,2.2,41.2,80.1,82.1,44.3,6.89,115.0,84.4,3,2178.0,219.5,3917,350,69.5,154,None,None,0,Medium
IT-SWT-001,Switch,Network Room,HP ProCurve,2023-01-22,Afternoon,7.7,45.7,11.3,51.8,50.0,4.58,101.3,97.6,2,2502.0,222.6,4305,365,69.5,121,None,None,0,Medium
IT-RTR-002,Router,Network Room,Juniper JunOS,2021-10-25,Night,4.6,30.5,32.6,15.9,34.3,1.86,89.8,97.7,0,2411.0,223.1,8644,354,73.6,69,None,None,0,Medium
IT-SRV-004,Server,Data Center,Red Hat Linux,2021-12-21,Night,2.7,56.0,38.2,61.8,47.8,2.55,320.8,100.0,4,3224.0,225.9,1099,211,81.9,133,None,None,0,Medium
IT-PRT-002,Printer,Office,N/A,2023-06-16,Night,1.4,17.9,9.2,67.5,34.2,19.22,73.0,75.7,3,1855.0,222.0,2966,139,90.6,47,None,None,0,Low
IT-SRV-005,Server,Data Center,Ubuntu 22.04,2022-11-01,Afternoon,2.3,69.3,65.2,58.8,34.2,3.77,411.7,96.7,1,2919.0,220.9,3561,75,98.5,135,None,None,0,Low
IT-STR-001,Storage Device,Data Center,N/A,2022-12-12,Afternoon,7.7,8.9,38.6,89.3,41.1,9.56,113.0,95.4,3,2041.0,186.9,8624,96,92.3,6,Power Supply,Power Failure,1,Critical
IT-SWT-003,Switch,Network Room,HP ProCurve,2022-04-06,Morning,2.9,25.7,33.5,43.8,36.9,2.3,80.4,99.1,1,2221.0,220.6,405,151,92.4,75,None,None,0,Low
IT-STR-001,Storage Device,Data Center,N/A,2023-01-27,Morning,4.2,35.9,17.2,85.6,38.2,84.1,119.1,87.9,10,1654.0,219.0,3095,285,65.2,6,Network Interface,Network Outage,1,Critical
IT-WRK-002,Workstation,Office,Windows 11,2021-06-07,Morning,4.4,17.7,69.2,73.8,36.9,8.54,151.1,100.0,2,2491.0,221.2,4417,270,79.0,102,None,None,0,Medium
IT-WRK-003,Workstation,Office,Windows 11,2023-12-26,Night,3.8,36.0,40.5,85.1,34.4,9.98,195.0,23.3,5,2297.0,201.1,7070,103,91.1,1,Battery,UPS Battery Failure,1,Critical
IT-SWT-002,Switch,Network Room,N/A,2023-08-29,Night,5.8,47.4,37.4,40.1,33.1,2.25,90.6,98.2,0,2565.0,217.9,4896,120,97.0,165,None,None,0,Low
IT-SWT-003,Switch,Network Room,Cisco IOS,2021-03-14,Afternoon,1.3,42.0,43.4,42.1,37.0,4.32,85.1,96.4,1,2539.0,225.3,1823,322,75.3,71,None,None,0,Medium
IT-SRV-004,Server,Data Center,Red Hat Linux,2022-02-27,Afternoon,5.7,37.0,66.9,47.1,49.8,2.65,345.4,100.0,2,3259.0,221.2,4333,325,73.5,39,None,None,0,Medium
IT-WRK-002,Workstation,Office,Windows 10,2021-07-08,Morning,1.4,43.4,40.0,53.7,33.3,10.02,158.2,97.6,3,2510.0,220.2,3557,66,95.5,97,None,None,0,Low
IT-SWT-002,Switch,Network Room,HP ProCurve,2022-11-01,Morning,4.7,26.5,18.6,29.3,37.5,3.28,67.0,96.8,3,2573.0,213.9,5475,233,81.2,69,None,None,0,Medium
IT-FRW-001,Firewall,Network Room,Cisco ASA,2021-11-02,Night,7.0,27.6,33.7,22.3,37.9,2.8,52.8,95.3,2,2329.0,214.9,4526,291,76.9,141,None,None,0,Medium
IT-SRV-003,Server,Data Center,Windows Server 2019,2023-09-27,Night,5.6,55.3,78.2,61.9,26.9,5.46,337.0,95.8,3,2967.0,215.2,3980,252,79.3,105,None,None,0,Medium
IT-WRK-004,Workstation,Office,Windows 10,2022-08-24,Night,5.1,29.9,62.1,70.1,36.6,11.45,227.0,60.3,2,2279.0,226.1,6868,24,97.0,156,None,None,0,Low
IT-PRT-002,Printer,Office,N/A,2021-03-01,Night,0.9,7.4,28.1,63.4,35.5,14.33,94.2,81.8,1,1847.0,221.8,229,12,98.5,56,None,None,0,Low
IT-RTR-002,Router,Network Room,Juniper JunOS,2023-04-23,Night,5.4,64.5,60.3,21.1,34.1,3.09,86.6,98.9,41,2569.0,219.0,1214,33,38.5,7,OS/Software,Software Crash,1,Critical
IT-SWT-002,Switch,Network Room,N/A,2022-11-14,Afternoon,2.4,26.6,43.8,16.3,43.9,3.6,89.4,98.6,2,2637.0,229.8,6935,227,83.3,109,None,None,0,Medium
IT-SRV-002,Server,Data Center,Ubuntu 22.04,2021-04-18,Night,5.6,50.4,36.5,51.9,44.9,4.24,324.0,95.1,4,2855.0,218.1,1567,362,66.8,149,None,None,0,Medium
IT-WRK-004,Workstation,Office,Ubuntu 20.04,2021-10-03,Morning,0.6,31.3,67.9,75.5,31.5,9.62,160.9,86.2,3,2210.0,217.9,1274,115,93.0,137,None,None,0,Low
IT-STR-001,Storage Device,Data Center,N/A,2022-11-05,Afternoon,4.1,42.2,29.1,65.5,28.1,14.17,114.6,100.0,3,1576.0,222.0,2329,6,95.5,67,None,None,0,Low
IT-UPS-001,UPS,Power Room,N/A,2021-06-03,Night,5.3,12.2,16.8,14.9,36.8,0.66,463.6,92.6,0,2054.0,232.0,4799,184,90.6,165,None,None,0,Medium
IT-RTR-002,Router,Network Room,Cisco IOS,2023-07-12,Night,7.3,33.8,49.6,39.7,35.7,3.55,90.4,96.0,1,2603.0,227.5,4968,96,97.9,48,None,None,0,Low
IT-SRV-005,Server,Data Center,Red Hat Linux,2022-01-07,Morning,0.9,65.7,62.1,66.1,45.4,8.17,433.1,88.3,5,2940.0,215.6,1397,150,86.5,131,None,None,0,Low
IT-SRV-004,Server,Data Center,Windows Server 2019,2022-04-22,Night,5.7,23.2,59.1,45.9,42.2,6.99,257.5,96.0,0,2875.0,222.9,6413,310,78.0,121,None,None,0,Medium
IT-RTR-002,Router,Network Room,Juniper JunOS,2021-08-30,Night,5.6,28.8,56.2,14.3,39.0,3.15,73.3,96.9,0,2072.0,217.7,4971,365,72.5,74,None,None,0,Medium
IT-UPS-003,UPS,Power Room,N/A,2021-11-25,Night,5.8,7.1,22.9,17.3,34.5,1.77,517.5,89.9,0,1902.0,196.6,924,330,76.0,82,None,None,0,Medium
IT-SRV-004,Server,Data Center,Ubuntu 22.04,2021-03-24,Afternoon,2.2,67.5,78.7,70.0,82.6,8.37,379.2,94.1,1,2041.0,225.5,4245,26,76.4,7,Cooling System,Overheating,1,Critical
IT-RTR-001,Router,Network Room,Cisco IOS,2021-02-05,Afternoon,1.0,34.0,31.5,2.9,37.7,2.56,101.5,97.2,2,2494.0,218.6,6102,294,76.6,32,None,None,0,Medium
IT-FRW-002,Firewall,Network Room,pfSense,2021-03-23,Night,3.5,48.5,49.7,46.5,40.6,2.07,193.2,97.9,0,2445.0,182.5,4383,119,97.1,0,Power Supply,Power Failure,1,Critical
IT-SRV-003,Server,Data Center,Red Hat Linux,2023-08-01,Afternoon,2.3,44.4,83.8,36.8,51.8,7.75,286.0,98.5,1,3043.0,213.3,3398,350,71.0,146,None,None,0,Medium
IT-WRK-002,Workstation,Office,Windows 10,2021-04-26,Night,6.2,42.3,50.2,82.7,44.6,3.98,175.1,75.8,3,2188.0,217.4,2958,318,72.7,119,None,None,0,Medium
IT-SRV-003,Server,Data Center,Red Hat Linux,2022-06-15,Night,5.1,38.8,39.5,77.2,44.3,4.74,363.0,92.0,3,2849.0,222.3,2994,326,71.9,122,None,None,0,Medium
IT-RTR-002,Router,Network Room,N/A,2022-08-20,Morning,7.9,34.6,40.2,36.4,48.1,3.37,78.7,94.8,1,2486.0,221.1,3958,238,83.7,173,None,None,0,Medium
IT-WRK-001,Workstation,Office,Windows 10,2021-01-15,Morning,7.5,74.0,46.8,54.8,45.4,5.03,186.7,88.8,3,2064.0,223.7,2717,141,88.4,145,None,None,0,Low
IT-STR-001,Storage Device,Data Center,N/A,2021-05-14,Afternoon,1.6,12.7,28.1,60.8,40.0,6.7,126.6,91.2,1,1989.0,227.9,2966,326,74.9,163,None,None,0,Medium
IT-WRK-001,Workstation,Office,Windows 10,2021-11-02,Afternoon,3.8,53.0,86.4,43.5,25.4,12.86,145.9,87.0,2,2396.0,218.0,5059,22,94.5,179,None,None,0,Low
IT-FRW-002,Firewall,Network Room,pfSense,2021-04-16,Afternoon,5.6,42.0,36.6,22.3,37.7,4.03,75.8,98.2,1,2419.0,222.8,6935,259,81.6,113,None,None,0,Medium
IT-UPS-002,UPS,Power Room,N/A,2021-05-22,Afternoon,4.1,8.3,24.0,17.0,23.9,0.92,576.0,95.3,2,1853.0,231.7,3183,44,97.0,113,None,None,0,Low
IT-UPS-002,UPS,Power Room,N/A,2023-08-30,Morning,5.4,6.6,27.4,18.8,26.4,1.38,497.7,83.0,2,1932.0,217.5,7739,66,97.0,87,None,None,0,Low
IT-UPS-001,UPS,Power Room,N/A,2021-12-31,Morning,4.0,14.2,21.5,10.7,28.1,0.36,563.7,100.0,2,2000.0,221.5,3286,1,97.0,44,None,None,0,Low
IT-RTR-002,Router,Network Room,Cisco IOS,2022-07-04,Night,7.9,25.8,21.6,32.0,40.8,4.0,88.8,98.2,0,2872.0,220.5,1138,88,100.0,127,None,None,0,Low
IT-SRV-001,Server,Data Center,Ubuntu 22.04,2021-08-09,Night,1.2,57.1,43.8,44.8,44.1,3.17,259.9,97.4,1,3099.0,223.1,1461,264,81.1,106,None,None,0,Medium
IT-UPS-003,UPS,Power Room,N/A,2021-07-09,Night,4.3,5.2,18.1,8.0,35.0,0.82,400.0,90.3,0,1968.0,231.3,481,177,91.3,162,None,None,0,Low
IT-SWT-003,Switch,Network Room,Cisco IOS,2022-08-26,Afternoon,6.9,38.1,42.8,35.7,26.6,5.71,97.8,98.2,3,2370.0,222.9,407,352,69.3,164,None,None,0,Medium
IT-PRT-002,Printer,Office,N/A,2023-02-05,Morning,0.7,24.5,44.6,66.6,33.5,6.31,109.9,98.4,4,1588.0,215.8,6426,4,94.0,45,None,None,0,Low
IT-UPS-003,UPS,Power Room,N/A,2021-11-24,Morning,2.8,29.2,13.8,20.1,63.4,0.1,683.7,92.8,3,1379.0,219.0,8242,215,76.3,6,Cooling System,Overheating,1,Critical
IT-SWT-003,Switch,Network Room,Cisco IOS,2022-10-21,Morning,0.7,26.7,18.5,19.6,41.7,2.38,56.9,98.6,0,2297.0,216.5,8296,332,75.8,169,None,None,0,Medium
IT-RTR-002,Router,Network Room,Juniper JunOS,2022-06-25,Night,1.8,30.8,33.3,44.5,46.5,3.49,79.4,99.1,1,2708.0,214.7,8604,93,98.2,81,None,None,0,Low
IT-WRK-003,Workstation,Office,Ubuntu 20.04,2022-10-16,Night,3.8,70.5,32.5,81.3,33.1,9.96,173.2,89.5,0,2121.0,219.3,5482,270,81.8,30,None,None,0,Medium
IT-RTR-002,Router,Network Room,Cisco IOS,2023-07-26,Afternoon,0.8,36.6,41.3,25.9,28.2,4.33,117.2,99.7,0,2750.0,220.3,1084,23,100.0,156,None,None,0,Low
IT-RTR-003,Router,Network Room,Cisco IOS,2023-04-05,Afternoon,4.4,28.1,49.0,32.5,40.5,4.13,81.8,99.9,0,2452.0,218.2,2101,130,96.0,88,None,None,0,Low
IT-RTR-001,Router,Network Room,Cisco IOS,2021-11-20,Afternoon,6.8,38.9,29.9,27.6,37.3,1.02,105.8,99.3,0,2656.0,218.1,6421,194,89.6,166,None,None,0,Medium
IT-SWT-002,Switch,Network Room,HP ProCurve,2023-01-11,Morning,6.5,42.1,45.4,13.1,53.9,1.33,86.1,99.8,13,2605.0,225.0,8661,163,73.2,7,Motherboard,Hardware Failure,1,Critical
IT-PRT-001,Printer,Office,N/A,2022-11-14,Night,7.0,8.5,30.9,71.5,24.6,8.04,106.2,100.0,3,1828.0,220.0,1178,198,84.7,101,None,None,0,Medium
IT-SRV-002,Server,Data Center,Red Hat Linux,2023-03-07,Night,2.9,49.6,72.0,51.3,54.8,0.7,344.9,100.0,3,3165.0,221.2,7174,150,89.5,107,None,None,0,Low
IT-SWT-001,Switch,Network Room,HP ProCurve,2022-04-16,Night,1.4,28.1,53.1,45.6,28.1,1.82,76.5,96.4,0,2852.0,221.1,2027,128,96.2,86,None,None,0,Low
IT-STR-001,Storage Device,Data Center,N/A,2023-03-26,Afternoon,3.7,11.5,18.8,96.0,51.2,1.92,70.1,92.1,5,1806.0,219.1,7638,143,80.6,7,Motherboard,Hardware Failure,1,Critical
IT-STR-002,Storage Device,Data Center,N/A,2023-04-15,Morning,5.0,29.5,36.4,83.4,36.7,9.07,116.0,88.2,4,2050.0,219.9,1933,312,71.8,81,None,None,0,Medium
IT-WRK-004,Workstation,Office,Windows 11,2023-12-28,Night,5.5,49.5,21.3,84.1,45.3,5.35,176.3,91.4,2,2238.0,216.0,7030,295,76.5,43,None,None,0,Medium
IT-SRV-001,Server,Data Center,Windows Server 2022,2022-10-17,Night,6.7,63.7,49.8,46.2,37.2,4.96,298.5,96.9,2,2877.0,219.0,7274,217,84.3,82,None,None,0,Medium
IT-SWT-003,Switch,Network Room,Cisco IOS,2023-05-19,Afternoon,7.0,37.7,39.0,22.2,50.9,4.1,85.5,100.0,0,2347.0,223.9,1309,350,74.0,58,None,None,0,Medium
IT-UPS-003,UPS,Power Room,N/A,2021-11-16,Night,5.9,6.0,18.5,11.5,31.4,1.38,398.1,78.3,1,2181.0,221.0,4503,56,98.5,56,None,None,0,Low
IT-PRT-002,Printer,Office,N/A,2021-06-30,Morning,1.7,25.2,42.7,75.3,28.1,11.44,90.2,95.4,5,1767.0,223.0,6793,353,66.2,132,None,None,0,Medium
IT-WRK-002,Workstation,Office,Windows 11,2021-11-12,Night,5.1,17.7,50.2,56.9,52.1,9.35,166.4,92.8,2,2222.0,221.1,2007,102,95.8,162,None,None,0,Low
IT-STR-002,Storage Device,Data Center,N/A,2023-12-02,Afternoon,7.9,26.3,38.8,54.4,28.6,14.43,91.4,90.5,1,1833.0,219.5,405,237,83.8,149,None,None,0,Medium
IT-SRV-002,Server,Data Center,Windows Server 2019,2022-03-03,Afternoon,3.4,30.9,43.3,58.3,44.4,6.77,399.6,100.0,1,3280.0,220.0,2959,227,84.8,179,None,None,0,Medium
IT-WRK-004,Workstation,Office,Windows 11,2022-11-12,Night,5.7,56.7,36.1,64.8,37.2,7.46,185.5,73.9,0,2359.0,219.7,8453,149,94.1,82,None,None,0,Low
IT-RTR-001,Router,Network Room,Cisco IOS,2021-08-03,Morning,7.7,27.7,48.2,52.7,34.1,5.2,106.9,96.7,1,2820.0,218.5,5702,310,76.5,130,None,None,0,Medium
IT-SWT-003,Switch,Network Room,N/A,2021-09-07,Morning,4.3,62.4,48.9,35.5,72.6,2.54,49.9,99.0,2,1839.0,218.1,4920,171,74.8,4,Cooling System,Overheating,1,Critical
IT-SRV-001,Server,Data Center,Windows Server 2022,2023-11-10,Night,3.9,54.5,86.6,58.1,26.4,96.24,311.5,97.3,17,3065.0,221.4,5022,10,71.8,7,Network Interface,Network Outage,1,Critical
IT-SRV-005,Server,Data Center,Windows Server 2019,2023-07-01,Afternoon,4.5,8.8,33.6,80.4,41.3,5.44,360.1,99.6,1,3036.0,221.4,386,197,87.8,73,None,None,0,Medium
IT-PRT-001,Printer,Office,N/A,2021-03-11,Morning,6.0,12.2,15.2,100.0,25.8,9.82,98.8,88.7,3,1530.0,217.8,3202,44,78.5,108,None,None,0,High
IT-SRV-004,Server,Data Center,Windows Server 2019,2022-07-15,Morning,5.2,36.9,52.6,47.1,50.0,5.47,455.2,89.9,1,2895.0,225.0,8403,258,81.7,117,None,None,0,Medium
IT-RTR-001,Router,Network Room,Juniper JunOS,2023-09-17,Afternoon,1.3,42.4,44.9,10.1,38.7,3.06,116.5,97.8,1,2397.0,219.3,8701,108,96.7,120,None,None,0,Low
IT-RTR-001,Router,Network Room,N/A,2023-02-10,Afternoon,2.7,21.0,26.9,30.4,45.8,2.06,83.0,98.5,1,2517.0,221.3,5526,201,87.4,169,None,None,0,Medium
IT-PRT-002,Printer,Office,N/A,2022-03-22,Night,6.4,43.3,56.7,90.1,28.9,12.48,71.3,98.1,14,1641.0,217.5,6105,182,66.7,0,RAM,Memory Failure,1,Critical
IT-STR-001,Storage Device,Data Center,N/A,2021-03-28,Afternoon,0.7,7.9,19.0,56.6,32.5,10.56,97.1,96.7,1,1854.0,218.4,616,357,71.8,135,None,None,0,Medium
IT-WRK-001,Workstation,Office,Ubuntu 20.04,2021-01-23,Afternoon,7.0,63.1,28.2,64.9,31.4,10.57,139.2,100.0,4,1996.0,225.2,6863,342,68.8,142,None,None,0,Medium
IT-UPS-001,UPS,Power Room,N/A,2022-10-08,Afternoon,5.3,12.1,20.2,11.9,31.8,2.35,507.5,84.3,0,1732.0,220.2,7380,58,100.0,53,None,None,0,Low
IT-SRV-002,Server,Data Center,Windows Server 2022,2023-06-18,Afternoon,2.8,19.7,74.2,73.2,45.8,6.97,357.8,63.5,2,2764.0,188.3,6200,352,70.8,3,Battery,UPS Battery Failure,1,Critical
IT-UPS-001,UPS,Power Room,N/A,2023-06-20,Afternoon,6.0,11.9,20.8,17.3,32.3,1.4,513.7,80.2,1,1945.0,217.8,5197,295,78.0,135,None,None,0,Medium
IT-UPS-001,UPS,Power Room,N/A,2023-08-22,Morning,2.2,16.2,27.0,11.5,32.8,0.55,656.3,98.3,2,2103.0,213.1,8214,50,97.0,71,None,None,0,Low
IT-UPS-003,UPS,Power Room,N/A,2022-12-14,Morning,7.1,13.0,20.2,11.9,28.2,0.88,655.6,70.4,2,2006.0,233.1,4975,246,81.4,89,None,None,0,Medium
IT-WRK-004,Workstation,Office,Windows 10,2023-04-20,Night,2.1,26.7,49.2,60.9,30.1,6.12,120.8,78.7,3,1762.0,217.7,679,20,95.5,61,None,None,0,Low
IT-RTR-003,Router,Network Room,N/A,2023-06-06,Afternoon,6.2,47.1,34.3,18.4,38.3,2.32,57.3,96.1,0,2584.0,215.1,7141,234,85.6,116,None,None,0,Medium
IT-SWT-001,Switch,Network Room,HP ProCurve,2023-09-26,Morning,7.4,90.5,67.6,24.8,28.9,3.21,93.3,100.0,42,2548.0,220.3,884,229,12.9,2,OS/Software,Software Crash,1,Critical
IT-SWT-003,Switch,Network Room,Cisco IOS,2022-05-21,Morning,3.4,45.2,31.8,14.9,33.0,2.34,52.6,96.9,1,2640.0,220.2,3614,110,96.5,175,None,None,0,Low
IT-SRV-005,Server,Data Center,Windows Server 2022,2021-05-01,Afternoon,8.0,30.6,62.0,54.0,42.5,1.87,361.1,95.9,2,2933.0,219.4,2001,70,97.0,146,None,None,0,Low
IT-SWT-001,Switch,Network Room,HP ProCurve,2023-10-24,Morning,5.4,39.1,56.3,41.9,35.5,1.43,77.2,98.3,0,2674.0,222.0,7027,344,74.6,160,None,None,0,Medium
IT-SRV-004,Server,Data Center,Windows Server 2022,2021-08-25,Morning,0.6,49.5,69.7,82.4,48.9,3.41,408.4,90.9,1,3276.0,222.3,5214,201,87.4,160,None,None,0,Medium
IT-SRV-004,Server,Data Center,Red Hat Linux,2022-09-21,Morning,4.4,70.9,90.9,67.8,67.0,6.75,366.2,95.3,1,2312.0,222.7,1368,56,84.1,3,Cooling System,Overheating,1,Critical
IT-WRK-004,Workstation,Office,Windows 11,2021-01-17,Afternoon,3.6,53.6,94.3,48.0,38.8,11.07,178.0,73.0,6,2384.0,215.6,6050,21,85.3,151,None,None,0,Low
IT-UPS-002,UPS,Power Room,N/A,2022-12-10,Afternoon,1.3,15.8,20.7,18.1,24.2,1.81,403.4,86.0,0,1887.0,235.6,4550,273,81.7,133,None,None,0,Medium
IT-WRK-002,Workstation,Office,Windows 11,2021-05-09,Morning,6.5,84.8,44.4,61.2,44.2,5.68,83.8,77.7,4,2638.0,217.7,3086,360,59.6,70,None,None,0,Medium
IT-RTR-001,Router,Network Room,Cisco IOS,2023-01-11,Night,1.6,25.0,44.6,33.0,45.1,3.96,74.7,100.0,0,2684.0,225.3,4044,344,74.6,57,None,None,0,Medium
IT-PRT-001,Printer,Office,N/A,2023-05-03,Night,3.3,14.6,32.8,64.3,35.4,11.73,80.3,91.1,1,2030.0,216.8,1114,264,81.1,155,None,None,0,Medium
IT-PRT-002,Printer,Office,N/A,2023-04-25,Morning,6.0,57.8,41.6,73.0,63.0,11.23,96.1,79.3,4,1049.0,217.4,3392,312,65.4,0,Cooling System,Overheating,1,Critical
IT-PRT-002,Printer,Office,N/A,2023-12-02,Morning,3.5,21.3,12.0,76.8,36.9,13.93,104.1,94.3,3,1835.0,214.7,1980,298,74.7,173,None,None,0,Medium
IT-UPS-001,UPS,Power Room,N/A,2023-03-29,Morning,1.8,8.2,20.2,13.3,34.7,1.11,539.4,69.5,0,1786.0,218.6,1024,187,90.3,64,None,None,0,Medium
IT-PRT-002,Printer,Office,N/A,2022-07-10,Afternoon,5.1,10.6,23.0,84.7,36.8,7.22,96.3,96.5,4,1820.0,221.7,8614,140,89.0,126,None,None,0,Low
IT-PRT-002,Printer,Office,N/A,2022-03-11,Afternoon,8.0,27.7,25.1,77.1,33.7,7.8,83.0,99.3,3,1672.0,218.2,1625,307,73.8,37,None,None,0,Medium
IT-PRT-002,Printer,Office,N/A,2023-03-05,Morning,4.6,10.5,5.1,95.3,34.8,12.52,108.1,98.4,4,1632.0,223.2,8589,192,77.6,109,None,None,0,High
IT-SRV-004,Server,Data Center,Windows Server 2022,2022-12-21,Morning,1.2,53.2,38.8,45.4,41.3,4.41,323.9,93.1,0,3519.0,215.6,2921,132,95.8,97,None,None,0,Low
IT-UPS-001,UPS,Power Room,N/A,2023-08-24,Morning,6.3,9.5,17.7,18.8,37.2,0.57,453.0,98.8,0,1861.0,209.8,8611,361,72.9,110,None,None,0,Medium
IT-UPS-001,UPS,Power Room,N/A,2023-09-27,Night,5.2,3.6,24.5,7.3,30.4,0.46,343.9,96.0,1,2098.0,214.3,7039,145,93.0,104,None,None,0,Low
IT-SWT-001,Switch,Network Room,HP ProCurve,2023-08-12,Morning,0.8,38.0,41.6,46.5,41.1,1.56,95.5,99.9,2,2612.0,220.5,5937,289,77.1,143,None,None,0,Medium
IT-SWT-001,Switch,Network Room,HP ProCurve,2022-09-03,Morning,0.8,36.9,31.0,25.4,37.8,3.84,83.9,97.7,2,2583.0,220.0,3305,99,96.1,150,None,None,0,Low
IT-SRV-001,Server,Data Center,Ubuntu 22.04,2023-11-19,Afternoon,7.7,69.3,59.8,75.9,45.1,1.12,352.7,83.3,6,2905.0,223.3,8655,199,80.1,65,None,None,0,Medium
IT-SWT-001,Switch,Network Room,Cisco IOS,2023-02-25,Morning,5.6,39.9,52.2,21.5,29.2,2.1,95.8,97.6,0,2270.0,226.7,2850,11,100.0,164,None,None,0,Low
IT-WRK-002,Workstation,Office,Windows 10,2021-08-22,Morning,6.4,85.9,46.1,56.3,33.1,11.1,151.7,84.2,4,2346.0,222.8,7484,267,68.4,162,None,None,0,High
IT-UPS-003,UPS,Power Room,N/A,2022-08-02,Afternoon,5.2,3.4,17.7,15.8,34.9,108.19,558.5,85.0,15,2074.0,211.3,7332,313,55.2,0,Network Interface,Network Outage,1,Critical
IT-PRT-002,Printer,Office,N/A,2023-12-22,Night,5.1,26.6,29.9,63.3,22.6,7.86,107.8,87.3,2,1558.0,219.6,3165,235,82.5,33,None,None,0,Medium
IT-UPS-002,UPS,Power Room,N/A,2022-06-21,Morning,0.5,10.7,16.5,19.3,24.3,1.0,615.4,95.9,1,1993.0,218.1,6076,120,95.5,75,None,None,0,Low
IT-UPS-003,UPS,Power Room,N/A,2022-04-13,Night,4.1,12.6,18.8,13.0,33.3,1.37,430.0,83.6,2,2042.0,233.0,2066,271,78.9,80,None,None,0,Medium
IT-WRK-003,Workstation,Office,Windows 11,2022-08-22,Night,7.0,68.6,20.1,44.1,31.4,11.22,217.1,57.4,1,2200.0,215.0,2876,143,93.2,75,None,None,0,Low
IT-SRV-005,Server,Data Center,Ubuntu 22.04,2021-01-30,Morning,3.6,59.0,46.0,84.4,39.4,6.59,336.3,85.4,2,2850.0,212.1,5069,137,92.3,43,None,None,0,Low
IT-SRV-003,Server,Data Center,Red Hat Linux,2021-11-16,Afternoon,4.5,13.0,73.0,47.9,45.0,5.13,277.8,98.5,3,2644.0,215.2,1574,23,95.5,83,None,None,0,Low
IT-FRW-002,Firewall,Network Room,pfSense,2022-04-05,Night,5.5,35.9,51.9,15.3,37.3,5.11,64.6,96.6,0,2603.0,220.3,2409,115,97.5,153,None,None,0,Low
IT-SRV-001,Server,Data Center,Ubuntu 22.04,2023-11-20,Afternoon,2.9,58.1,55.5,46.0,30.0,6.53,348.5,99.2,1,2858.0,223.8,2885,216,85.9,127,None,None,0,Medium
IT-SWT-003,Switch,Network Room,Cisco IOS,2022-05-14,Morning,5.5,38.4,55.3,25.9,41.5,2.83,87.0,95.7,0,2443.0,215.6,5517,31,100.0,158,None,None,0,Low
IT-WRK-003,Workstation,Office,Ubuntu 20.04,2022-05-17,Afternoon,4.0,55.3,59.7,61.8,44.3,11.11,167.6,78.7,5,2160.0,234.2,5214,146,86.9,86,None,None,0,Low
IT-UPS-001,UPS,Power Room,N/A,2021-07-27,Night,6.2,13.5,29.1,7.1,27.9,1.15,562.9,96.0,0,2099.0,222.3,7683,232,85.8,156,None,None,0,Medium
IT-SRV-005,Server,Data Center,Windows Server 2022,2023-07-02,Night,4.6,60.3,61.1,57.4,34.5,5.25,275.0,97.5,0,3036.0,227.3,6957,85,100.0,45,None,None,0,Low
IT-RTR-003,Router,Network Room,Juniper JunOS,2023-12-26,Afternoon,2.6,38.6,43.4,31.1,37.6,2.6,86.7,97.1,0,2394.0,218.4,1207,239,85.1,178,None,None,0,Medium
IT-WRK-001,Workstation,Office,Windows 10,2021-12-22,Afternoon,1.6,49.0,44.4,78.6,40.3,7.23,240.3,84.0,3,2302.0,192.2,6686,248,79.7,2,Power Supply,Power Failure,1,Critical
IT-RTR-003,Router,Network Room,Cisco IOS,2021-01-24,Night,5.2,17.8,60.0,40.9,51.2,2.16,105.2,98.4,0,2598.0,218.3,8055,132,95.8,173,None,None,0,Low
IT-PRT-001,Printer,Office,N/A,2022-09-21,Night,7.0,20.8,20.8,76.3,39.8,8.62,117.9,84.8,2,2152.0,219.8,6316,7,97.0,36,None,None,0,Low
IT-FRW-002,Firewall,Network Room,Fortinet FortiOS,2023-04-23,Night,0.7,38.7,59.0,29.7,32.4,1.85,89.0,96.9,2,2795.0,221.6,5343,321,73.9,86,None,None,0,Medium
IT-SWT-002,Switch,Network Room,N/A,2021-12-19,Morning,5.0,52.7,39.8,14.0,71.0,3.82,89.0,99.4,0,1758.0,221.7,7854,87,87.2,6,Cooling System,Overheating,1,Critical
IT-SRV-003,Server,Data Center,Windows Server 2019,2023-01-05,Afternoon,0.6,46.9,55.3,53.2,36.4,7.99,404.1,51.6,1,3201.0,213.4,1786,154,92.1,3,Battery,UPS Battery Failure,1,Critical
IT-SRV-004,Server,Data Center,Windows Server 2019,2021-07-21,Morning,4.3,43.1,53.4,35.1,42.6,6.86,393.4,88.7,0,2626.0,217.9,1314,100,99.0,137,None,None,0,Low
IT-UPS-001,UPS,Power Room,N/A,2022-12-21,Morning,2.1,3.6,23.9,19.1,29.1,0.68,510.8,91.2,1,2124.0,230.6,5219,283,79.2,175,None,None,0,Medium
IT-UPS-002,UPS,Power Room,N/A,2023-08-29,Morning,7.1,6.1,12.3,16.6,34.1,0.91,693.2,96.4,2,1925.0,176.4,3409,324,73.6,5,Power Supply,Power Failure,1,Critical
IT-RTR-003,Router,Network Room,Cisco IOS,2023-08-25,Afternoon,4.0,89.2,32.0,43.0,70.3,2.28,72.2,98.4,1,1244.0,225.8,826,202,65.5,0,Cooling System,Overheating,1,Critical
IT-FRW-001,Firewall,Network Room,Fortinet FortiOS,2023-06-29,Morning,2.4,25.5,63.4,25.3,35.2,4.24,83.5,98.2,2,2371.0,228.2,1842,277,78.3,32,None,None,0,Medium
IT-STR-001,Storage Device,Data Center,N/A,2022-06-06,Afternoon,0.6,12.4,29.1,80.2,36.3,10.03,68.2,93.3,1,1878.0,219.7,1427,303,77.2,157,None,None,0,Medium
IT-SWT-002,Switch,Network Room,HP ProCurve,2023-09-07,Morning,6.9,48.5,53.1,18.4,38.9,3.2,72.4,96.6,2,2473.0,221.7,1455,84,97.0,145,None,None,0,Low
IT-FRW-002,Firewall,Network Room,Cisco ASA,2022-09-07,Night,0.9,46.3,35.8,22.0,37.6,1.9,81.1,100.0,0,2432.0,221.1,2342,127,96.3,130,None,None,0,Low
IT-WRK-001,Workstation,Office,Windows 10,2022-05-08,Morning,3.2,47.5,63.0,59.0,39.6,6.55,159.3,77.1,4,2142.0,216.3,467,62,94.0,90,None,None,0,Low
IT-SWT-002,Switch,Network Room,HP ProCurve,2023-02-27,Night,3.3,33.1,38.0,27.9,45.1,3.34,63.6,99.7,0,2431.0,221.4,4811,236,85.4,70,None,None,0,Medium
IT-SRV-004,Server,Data Center,Windows Server 2022,2023-03-23,Afternoon,1.7,100.0,88.9,45.2,43.5,6.94,289.1,95.7,29,3111.0,230.6,393,221,14.8,6,OS/Software,Software Crash,1,Critical
IT-RTR-003,Router,Network Room,Cisco IOS,2022-07-19,Afternoon,1.9,40.8,57.7,21.7,38.0,2.72,60.2,94.3,1,2518.0,221.7,1012,65,98.5,68,None,None,0,Low
IT-PRT-002,Printer,Office,N/A,2022-04-06,Afternoon,1.7,13.5,27.4,92.4,32.9,16.0,85.2,85.2,1,1746.0,221.0,241,83,94.0,65,None,None,0,High
IT-SRV-005,Server,Data Center,Red Hat Linux,2022-02-25,Night,1.5,66.8,49.9,50.2,29.9,3.6,404.0,93.3,2,3265.0,217.8,3974,360,70.0,145,None,None,0,Medium
IT-STR-001,Storage Device,Data Center,N/A,2023-10-25,Night,5.4,21.0,20.5,69.5,37.7,17.87,107.1,86.6,3,1788.0,221.0,6005,280,76.5,85,None,None,0,Medium
IT-SWT-002,Switch,Network Room,N/A,2022-12-10,Morning,1.0,26.1,26.8,20.2,36.9,1.48,59.1,96.0,2,2459.0,217.7,4169,283,77.7,106,None,None,0,Medium
IT-SWT-002,Switch,Network Room,Cisco IOS,2023-03-11,Afternoon,3.4,35.4,38.3,35.7,41.7,3.69,47.7,96.3,2,2436.0,217.1,6684,330,73.0,149,None,None,0,Medium
IT-RTR-001,Router,Network Room,N/A,2023-09-03,Night,2.2,29.5,52.5,8.5,33.7,3.02,82.1,99.9,1,2452.0,219.8,624,220,85.5,65,None,None,0,Medium
IT-RTR-001,Router,Network Room,Cisco IOS,2023-05-04,Night,5.4,30.0,38.2,28.3,49.2,3.21,87.7,97.6,15,2588.0,221.8,1907,142,72.3,2,Motherboard,Hardware Failure,1,Critical
IT-SRV-005,Server,Data Center,Windows Server 2022,2021-08-13,Night,2.7,22.9,69.3,47.0,50.5,7.4,291.3,92.7,2,2949.0,219.3,8351,223,83.7,87,None,None,0,Medium
IT-WRK-004,Workstation,Office,Ubuntu 20.04,2023-10-12,Night,7.2,29.9,50.2,74.2,42.3,9.4,109.2,87.4,1,2503.0,221.1,4267,323,75.2,122,None,None,0,Medium
IT-UPS-003,UPS,Power Room,N/A,2021-10-06,Afternoon,7.4,10.0,18.7,20.1,27.5,1.77,642.3,82.2,0,1930.0,227.6,2984,153,93.7,118,None,None,0,Low
IT-SRV-004,Server,Data Center,Red Hat Linux,2021-06-30,Afternoon,3.9,75.6,99.9,56.5,79.5,8.69,317.6,95.0,23,2841.0,222.5,795,210,23.1,3,CPU/RAM,Server Crash,1,Critical
IT-UPS-003,UPS,Power Room,N/A,2021-11-17,Morning,7.5,11.1,23.7,18.6,29.5,1.65,604.5,99.7,4,2097.0,219.8,5908,11,94.0,84,None,None,0,Low
IT-PRT-002,Printer,Office,N/A,2021-05-19,Night,0.9,29.0,50.5,97.1,24.6,9.91,87.9,89.3,2,1988.0,223.8,2943,155,83.2,111,None,None,0,High
IT-WRK-001,Workstation,Office,Windows 11,2023-01-23,Night,1.1,25.1,76.6,82.4,39.1,6.24,151.9,72.5,5,2511.0,233.4,7016,50,92.5,163,None,None,0,Low
IT-FRW-002,Firewall,Network Room,pfSense,2022-10-26,Night,2.9,19.6,23.4,17.1,39.2,1.39,73.9,99.7,0,2452.0,216.6,7444,77,100.0,144,None,None,0,Low
IT-WRK-001,Workstation,Office,Windows 11,2023-10-14,Night,2.8,45.9,55.5,74.6,41.8,4.27,179.4,69.1,0,2256.0,210.4,7402,138,95.2,155,None,None,0,Low
IT-UPS-001,UPS,Power Room,N/A,2022-10-16,Night,6.0,5.6,15.8,20.8,24.8,0.81,518.1,84.9,1,1780.0,209.6,6325,122,95.3,82,None,None,0,Low
IT-WRK-001,Workstation,Office,Windows 10,2023-02-24,Afternoon,2.3,78.7,36.9,88.3,41.9,3.65,168.6,84.0,3,2449.0,226.6,4715,208,77.4,101,None,None,0,Medium
IT-SRV-004,Server,Data Center,Windows Server 2019,2023-02-04,Night,5.6,49.8,48.0,60.5,42.2,8.17,275.3,95.6,1,3131.0,222.6,1612,105,97.0,180,None,None,0,Low
IT-SRV-003,Server,Data Center,Windows Server 2022,2023-11-12,Morning,0.5,54.7,69.8,25.9,38.7,9.89,324.5,97.5,1,3210.0,216.2,981,75,98.5,88,None,None,0,Low
IT-SRV-004,Server,Data Center,Windows Server 2019,2023-02-18,Night,3.2,50.1,75.5,39.3,34.1,4.79,306.1,93.8,3,3043.0,221.4,8096,273,77.2,119,None,None,0,Medium
IT-SRV-003,Server,Data Center,Red Hat Linux,2022-01-27,Morning,7.4,8.6,43.2,29.5,37.7,2.48,369.3,92.6,0,2918.0,213.1,541,89,100.0,41,None,None,0,Low
IT-SWT-001,Switch,Network Room,HP ProCurve,2023-08-23,Afternoon,7.8,38.2,29.4,17.9,40.5,3.4,65.3,96.1,2,2412.0,219.1,1195,254,80.6,141,None,None,0,Medium
IT-WRK-002,Workstation,Office,Windows 11,2023-06-20,Morning,1.9,78.8,45.7,45.3,36.1,6.29,163.4,74.6,5,2247.0,227.0,5061,130,84.1,114,None,None,0,Low
IT-STR-001,Storage Device,Data Center,N/A,2023-02-20,Afternoon,1.2,23.2,32.4,100.0,41.2,5.85,93.5,100.0,1,1828.0,212.9,4519,303,67.1,34,None,None,0,High
IT-RTR-003,Router,Network Room,Cisco IOS,2022-12-11,Afternoon,5.2,49.8,35.6,37.5,38.7,1.94,92.4,98.9,1,2422.0,222.6,3310,104,97.1,111,None,None,0,Low
IT-PRT-001,Printer,Office,N/A,2021-06-08,Afternoon,7.2,12.9,38.5,79.6,37.2,10.19,109.1,93.8,4,1777.0,220.2,3788,152,87.8,32,None,None,0,Low
IT-RTR-003,Router,Network Room,Cisco IOS,2023-04-27,Night,5.4,41.9,40.7,48.7,33.6,2.73,45.7,98.6,0,2514.0,215.3,5521,102,98.8,62,None,None,0,Low
IT-SWT-001,Switch,Network Room,HP ProCurve,2022-04-26,Afternoon,5.4,21.5,32.7,39.7,32.3,3.24,63.6,94.2,0,2124.0,220.6,3417,176,91.4,111,None,None,0,Low
IT-WRK-004,Workstation,Office,Ubuntu 20.04,2023-06-04,Morning,2.6,39.1,74.4,59.8,33.7,14.51,123.2,92.8,2,1953.0,221.0,6361,195,86.5,84,None,None,0,Medium
IT-PRT-001,Printer,Office,N/A,2022-10-09,Night,1.3,6.3,24.4,66.1,31.6,9.54,109.4,89.7,0,1700.0,218.4,6298,292,79.8,57,None,None,0,Medium
IT-SRV-003,Server,Data Center,Ubuntu 22.04,2023-01-22,Afternoon,2.1,42.1,64.7,59.0,40.2,5.42,247.0,89.7,3,3229.0,220.5,3027,190,85.5,137,None,None,0,Medium
IT-STR-001,Storage Device,Data Center,N/A,2021-10-12,Afternoon,0.9,28.8,43.2,76.8,40.2,15.97,102.5,85.7,0,1731.0,220.7,4596,117,97.3,102,None,None,0,Low
IT-SRV-005,Server,Data Center,Windows Server 2019,2022-02-18,Night,2.1,51.9,32.6,53.6,34.2,2.94,516.3,89.2,0,3049.0,216.0,2615,123,96.7,95,None,None,0,Low
IT-SRV-003,Server,Data Center,Red Hat Linux,2023-06-05,Afternoon,7.8,32.6,70.1,72.6,36.6,5.39,312.9,95.7,2,2895.0,218.4,7485,233,82.7,126,None,None,0,Medium
IT-PRT-001,Printer,Office,N/A,2022-06-22,Afternoon,2.4,57.2,66.1,80.5,60.4,12.02,88.3,99.6,27,1996.0,220.5,3317,68,55.2,7,CPU/RAM,Server Crash,1,Critical
IT-SWT-002,Switch,Network Room,Cisco IOS,2021-11-19,Night,1.8,30.6,37.4,27.2,41.6,2.18,72.5,96.1,1,2808.0,219.7,3211,356,71.9,60,None,None,0,Medium
IT-SWT-003,Switch,Network Room,HP ProCurve,2022-01-15,Night,2.9,38.6,43.4,43.1,39.9,2.05,62.6,97.7,1,2610.0,220.6,1958,160,91.5,107,None,None,0,Low
IT-RTR-001,Router,Network Room,Cisco IOS,2021-02-07,Morning,6.4,31.9,33.9,28.3,36.2,3.73,171.3,94.2,1,2418.0,192.3,7031,103,97.2,5,Power Supply,Power Failure,1,Critical
IT-SRV-002,Server,Data Center,Red Hat Linux,2022-01-22,Morning,2.4,76.3,100.0,57.8,67.1,4.81,294.8,87.0,17,3249.0,218.6,1984,108,50.5,7,CPU/RAM,Server Crash,1,Critical
IT-WRK-004,Workstation,Office,Ubuntu 20.04,2022-11-21,Morning,5.2,25.0,55.8,52.0,41.7,8.74,142.4,84.7,3,2255.0,218.9,1167,333,71.2,72,None,None,0,Medium
IT-WRK-004,Workstation,Office,Windows 11,2023-11-16,Night,2.7,3.2,58.9,67.5,37.8,7.97,128.2,77.5,2,1946.0,225.3,3654,231,82.9,70,None,None,0,Medium
IT-WRK-003,Workstation,Office,Windows 11,2022-09-14,Night,3.5,47.6,68.5,60.9,40.9,6.02,127.0,87.5,3,1839.0,225.3,134,213,83.2,171,None,None,0,Medium
IT-WRK-001,Workstation,Office,Windows 10,2021-05-08,Night,2.6,71.3,63.6,77.3,38.9,7.7,208.3,80.2,2,2203.0,190.7,8110,149,90.5,2,Power Supply,Power Failure,1,Critical
IT-WRK-001,Workstation,Office,Windows 11,2022-04-09,Night,6.4,66.8,42.0,69.7,36.7,10.8,155.6,97.9,2,2216.0,219.0,2833,126,93.4,53,None,None,0,Low
IT-STR-001,Storage Device,Data Center,N/A,2021-02-22,Morning,4.6,16.3,31.4,67.0,39.1,9.63,134.8,99.0,1,1885.0,218.0,6648,227,84.8,147,None,None,0,Medium
IT-RTR-001,Router,Network Room,N/A,2021-12-13,Morning,2.6,44.0,38.8,38.7,38.4,1.88,84.9,100.0,1,2462.0,219.5,3207,28,98.5,82,None,None,0,Low
IT-WRK-004,Workstation,Office,Ubuntu 20.04,2023-12-18,Afternoon,6.7,77.1,65.9,56.3,65.3,9.26,168.4,75.5,30,2174.0,215.4,5085,340,18.2,7,CPU/RAM,Server Crash,1,Critical
IT-PRT-001,Printer,Office,N/A,2022-04-29,Night,7.7,21.0,17.0,50.0,33.0,9.32,114.9,92.7,1,1689.0,225.9,7387,239,83.6,171,None,None,0,Medium
IT-UPS-003,UPS,Power Room,N/A,2021-06-27,Afternoon,7.7,42.8,14.9,20.5,63.6,1.55,551.4,89.5,0,1237.0,212.0,6957,76,93.2,4,Cooling System,Overheating,1,Critical
IT-RTR-001,Router,Network Room,Juniper JunOS,2021-06-12,Morning,1.4,55.5,39.7,27.5,42.6,3.47,80.2,100.0,1,2431.0,216.9,8454,85,98.5,36,None,None,0,Low
IT-PRT-002,Printer,Office,N/A,2023-07-11,Morning,5.4,22.1,20.3,76.5,36.1,6.57,124.0,82.8,1,1708.0,223.1,6201,311,76.4,62,None,None,0,Medium
IT-STR-001,Storage Device,Data Center,N/A,2023-06-04,Night,4.7,13.3,36.8,91.2,34.9,8.83,104.7,89.3,0,1692.0,217.8,6525,136,91.7,165,None,None,0,High
IT-SWT-001,Switch,Network Room,Cisco IOS,2021-05-09,Afternoon,7.1,11.9,48.2,29.3,34.6,3.09,67.8,99.9,2,2606.0,218.1,5946,358,70.2,99,None,None,0,Medium
IT-SWT-003,Switch,Network Room,HP ProCurve,2022-02-03,Afternoon,6.8,39.9,38.5,20.4,46.3,5.12,214.6,99.0,2,2595.0,181.5,1920,210,85.0,5,Power Supply,Power Failure,1,Critical
IT-WRK-004,Workstation,Office,Windows 11,2022-03-01,Morning,7.5,65.0,85.8,36.9,44.3,5.81,159.5,94.1,2,2438.0,215.5,4841,180,85.7,80,None,None,0,Low
IT-WRK-001,Workstation,Office,Windows 11,2022-09-20,Afternoon,3.8,74.9,100.0,75.8,62.8,10.49,182.6,71.3,19,1897.0,220.8,6745,149,47.1,4,CPU/RAM,Server Crash,1,Critical
IT-SRV-005,Server,Data Center,Ubuntu 22.04,2022-02-11,Morning,6.9,83.9,98.9,64.1,40.2,0.1,294.9,100.0,19,3128.0,222.8,6454,106,55.4,5,OS/Software,Software Crash,1,Critical
IT-SWT-002,Switch,Network Room,HP ProCurve,2022-03-09,Afternoon,4.4,35.2,33.5,25.3,38.3,3.5,84.7,98.9,0,2252.0,223.9,7670,281,80.9,87,None,None,0,Medium
IT-WRK-002,Workstation,Office,Windows 11,2021-11-19,Afternoon,0.7,62.9,73.0,99.7,61.3,2.02,121.1,84.2,25,1859.0,216.0,3739,344,23.2,0,CPU/RAM,Server Crash,1,Critical
IT-UPS-001,UPS,Power Room,N/A,2022-12-04,Morning,1.4,18.1,19.1,21.7,32.9,1.6,455.1,87.5,2,1900.0,222.2,7468,24,97.0,164,None,None,0,Low
IT-RTR-001,Router,Network Room,Juniper JunOS,2021-06-23,Morning,2.4,50.1,32.8,30.2,44.3,3.52,56.6,100.0,1,2562.0,213.8,5858,297,77.8,87,None,None,0,Medium
IT-RTR-001,Router,Network Room,Cisco IOS,2021-07-08,Afternoon,3.8,29.1,31.3,36.2,30.9,193.38,68.9,98.5,12,2480.0,214.4,4674,165,74.5,7,Network Interface,Network Outage,1,Critical
IT-SWT-003,Switch,Network Room,N/A,2023-07-12,Night,7.6,19.2,40.3,32.2,37.8,2.08,90.2,98.5,2,2218.0,218.1,988,333,72.7,109,None,None,0,Medium
IT-PRT-001,Printer,Office,N/A,2023-12-21,Morning,7.6,27.1,29.5,89.7,37.0,13.43,86.8,21.5,0,1759.0,197.3,6881,223,83.9,5,Battery,UPS Battery Failure,1,Critical
IT-PRT-002,Printer,Office,N/A,2022-10-02,Morning,5.5,33.2,34.0,49.1,42.6,10.37,114.9,99.5,1,1845.0,222.7,3050,99,97.6,139,None,None,0,Low
IT-SRV-003,Server,Data Center,Red Hat Linux,2021-03-01,Night,3.9,48.9,87.7,46.9,43.9,3.71,362.4,100.0,1,2816.0,218.9,2397,365,67.9,103,None,None,0,Medium
IT-PRT-002,Printer,Office,N/A,2023-12-04,Morning,7.4,17.3,31.6,65.4,38.6,5.57,135.4,93.0,2,1611.0,224.0,1605,174,88.6,148,None,None,0,Low
IT-SRV-003,Server,Data Center,Red Hat Linux,2023-06-06,Night,3.5,59.4,69.4,66.6,37.3,5.37,412.5,98.6,3,2924.0,218.3,2842,135,91.0,56,None,None,0,Low
IT-SRV-002,Server,Data Center,Windows Server 2022,2022-12-03,Afternoon,1.6,41.8,71.5,42.4,46.0,5.2,347.2,90.7,0,2837.0,219.4,2538,144,94.6,52,None,None,0,Low
IT-UPS-001,UPS,Power Room,N/A,2021-07-24,Night,4.4,6.6,13.1,10.9,33.4,0.7,582.4,92.2,0,2066.0,217.6,6097,120,97.0,112,None,None,0,Low
IT-SRV-004,Server,Data Center,Red Hat Linux,2021-04-18,Morning,1.9,29.2,68.1,36.0,39.6,2.7,311.4,100.0,0,3149.0,221.9,8056,322,76.8,58,None,None,0,Medium
IT-WRK-001,Workstation,Office,Windows 11,2022-05-07,Night,6.5,27.2,82.9,76.8,31.7,10.4,115.9,87.8,2,2069.0,212.4,3394,142,90.6,110,None,None,0,Low
IT-UPS-002,UPS,Power Room,N/A,2022-03-23,Morning,0.7,4.4,23.6,23.4,29.4,1.71,495.4,82.5,2,1929.0,216.9,135,348,71.2,94,None,None,0,Medium
IT-SRV-004,Server,Data Center,Windows Server 2019,2021-01-10,Afternoon,6.6,78.1,48.7,57.6,51.1,4.91,356.1,94.6,2,2935.0,219.1,5138,68,93.0,159,None,None,0,Low
IT-PRT-001,Printer,Office,N/A,2021-08-10,Night,3.1,24.7,30.8,64.4,38.2,19.47,98.5,100.0,3,1724.0,214.6,4230,88,95.5,130,None,None,0,Low
IT-STR-001,Storage Device,Data Center,N/A,2021-02-19,Night,5.1,24.6,36.7,64.5,23.2,15.64,106.5,85.8,2,1567.0,222.9,4449,277,78.3,145,None,None,0,Medium
IT-SWT-003,Switch,Network Room,HP ProCurve,2021-10-04,Night,3.2,28.7,20.8,34.8,36.1,3.54,89.6,93.3,2,2524.0,223.4,1285,253,80.7,97,None,None,0,Medium
IT-WRK-004,Workstation,Office,Ubuntu 20.04,2022-03-09,Afternoon,5.5,30.2,38.5,29.7,40.1,2.34,218.1,69.4,4,2496.0,180.7,3462,74,94.0,4,Power Supply,Power Failure,1,Critical
IT-WRK-002,Workstation,Office,Windows 10,2023-12-29,Morning,4.4,12.6,74.7,52.7,38.3,9.53,179.3,80.8,3,1878.0,219.9,7750,177,86.8,91,None,None,0,Low
IT-STR-001,Storage Device,Data Center,N/A,2022-06-28,Afternoon,4.7,24.3,26.8,67.8,37.7,15.0,89.5,92.6,3,2139.0,218.3,4804,140,90.5,122,None,None,0,Low
IT-RTR-001,Router,Network Room,N/A,2022-01-10,Night,6.3,22.0,52.5,55.9,45.2,3.36,72.2,98.3,14,2509.0,223.7,5196,267,61.3,7,Hard Disk,Disk Failure,1,Critical
IT-SWT-003,Switch,Network Room,HP ProCurve,2023-05-31,Afternoon,1.8,25.7,40.7,26.6,29.0,1.7,94.6,97.8,1,2569.0,222.2,5891,53,98.5,44,None,None,0,Low
IT-RTR-003,Router,Network Room,Juniper JunOS,2023-05-24,Morning,0.8,27.1,32.7,23.5,39.9,3.71,116.7,100.0,1,2686.0,216.8,3145,148,92.7,87,None,None,0,Low
IT-FRW-001,Firewall,Network Room,pfSense,2023-01-20,Morning,1.4,22.0,49.1,27.6,43.7,4.79,78.3,100.0,1,2215.0,221.4,5908,155,92.0,49,None,None,0,Low
IT-WRK-003,Workstation,Office,Windows 10,2021-08-21,Afternoon,5.6,36.6,47.6,63.4,35.4,7.79,156.5,77.4,2,2371.0,225.4,8379,224,83.6,72,None,None,0,Medium
IT-SRV-004,Server,Data Center,Ubuntu 22.04,2022-04-07,Night,7.6,54.9,39.5,56.9,39.4,7.64,414.2,97.7,3,2822.0,221.3,1732,323,72.2,165,None,None,0,Medium
IT-PRT-002,Printer,Office,N/A,2023-10-04,Afternoon,3.6,11.5,24.6,100.0,60.3,12.83,153.4,96.0,10,1797.0,222.2,5918,128,63.6,3,Motherboard,Hardware Failure,1,Critical
IT-WRK-001,Workstation,Office,Windows 11,2022-10-05,Morning,7.3,31.6,30.8,41.1,35.3,12.41,113.9,83.2,9,2269.0,211.5,7929,126,82.9,123,None,None,0,Medium
IT-SRV-003,Server,Data Center,Ubuntu 22.04,2022-11-28,Night,7.4,23.8,91.0,60.5,37.0,4.24,308.0,94.2,4,2961.0,231.4,3312,149,83.7,37,None,None,0,Low
IT-UPS-003,UPS,Power Room,N/A,2022-02-23,Afternoon,6.4,4.8,23.6,17.4,30.5,1.81,440.2,76.1,2,1759.0,220.9,6968,73,97.0,112,None,None,0,Low
IT-SWT-001,Switch,Network Room,N/A,2021-10-09,Night,7.8,28.0,43.1,33.6,31.2,2.93,73.3,97.8,1,2439.0,222.4,7847,191,88.4,164,None,None,0,Medium
IT-WRK-001,Workstation,Office,Windows 10,2021-11-28,Afternoon,8.0,10.4,23.9,58.1,42.6,4.84,151.7,75.8,4,2359.0,218.4,4047,335,69.5,111,None,None,0,Medium
IT-SWT-002,Switch,Network Room,HP ProCurve,2022-02-26,Afternoon,4.4,26.4,12.9,24.8,36.4,2.58,65.2,98.1,0,2442.0,217.1,1761,328,76.2,145,None,None,0,Medium
IT-FRW-001,Firewall,Network Room,pfSense,2023-08-01,Morning,7.5,20.7,40.4,37.2,45.0,5.12,65.3,98.1,2,2440.0,216.5,1147,150,91.0,122,None,None,0,Low
IT-SRV-003,Server,Data Center,Windows Server 2019,2023-06-08,Afternoon,3.3,15.1,47.4,82.6,45.6,5.42,380.9,100.0,0,3071.0,223.3,3044,167,92.3,153,None,None,0,Low
IT-WRK-003,Workstation,Office,Ubuntu 20.04,2022-11-18,Morning,0.9,78.0,50.4,64.9,37.1,2.07,155.7,87.6,5,2176.0,227.2,165,331,64.4,75,None,None,0,Medium
IT-RTR-002,Router,Network Room,N/A,2021-06-13,Night,6.1,35.7,45.0,22.3,49.7,1.9,83.6,96.9,15,2601.0,222.2,8016,256,60.9,3,Motherboard,Hardware Failure,1,Critical
IT-SWT-003,Switch,Network Room,HP ProCurve,2021-04-07,Morning,2.4,33.3,49.3,33.2,42.0,3.0,73.4,97.4,2,2257.0,223.6,5845,183,87.7,160,None,None,0,Medium
IT-FRW-001,Firewall,Network Room,Fortinet FortiOS,2021-09-07,Afternoon,1.5,42.9,22.2,31.6,44.3,3.35,65.2,97.8,2,2599.0,222.7,2534,175,88.5,42,None,None,0,Low
IT-FRW-001,Firewall,Network Room,pfSense,2022-10-26,Night,4.4,36.8,54.6,72.6,46.8,2.37,96.5,96.6,24,2860.0,221.8,553,38,64.0,4,Hard Disk,Disk Failure,1,Critical
IT-WRK-002,Workstation,Office,Windows 11,2022-10-17,Afternoon,2.0,32.1,46.5,61.2,30.3,5.92,124.2,92.7,3,2206.0,228.6,7818,137,90.8,169,None,None,0,Low
IT-FRW-001,Firewall,Network Room,Fortinet FortiOS,2023-06-06,Morning,6.2,11.7,78.2,31.9,40.5,2.78,75.7,100.0,12,2547.0,219.9,4582,192,71.8,1,RAM,Memory Failure,1,Critical
IT-RTR-001,Router,Network Room,Cisco IOS,2022-08-07,Afternoon,5.8,45.9,48.3,26.5,37.0,2.84,97.5,100.0,1,2188.0,223.3,1537,346,72.9,77,None,None,0,Medium
IT-UPS-001,UPS,Power Room,N/A,2022-12-20,Afternoon,6.6,5.4,14.5,10.6,36.5,1.51,489.3,92.4,0,1981.0,218.4,4665,340,75.0,94,None,None,0,Medium
IT-PRT-001,Printer,Office,N/A,2022-11-20,Morning,2.4,25.9,32.3,19.6,38.8,5.11,45.9,90.7,1,1755.0,214.7,4008,193,88.2,163,None,None,0,Medium
IT-PRT-002,Printer,Office,N/A,2022-04-23,Afternoon,5.6,16.1,10.6,82.1,47.1,5.56,98.9,83.8,0,1977.0,220.6,1808,300,79.0,49,None,None,0,Medium
IT-SWT-002,Switch,Network Room,Cisco IOS,2021-05-03,Morning,5.6,25.4,45.8,9.1,29.6,2.99,78.7,96.6,0,2522.0,217.3,5403,254,83.6,126,None,None,0,Medium
IT-SWT-001,Switch,Network Room,HP ProCurve,2022-08-22,Morning,1.9,44.1,56.3,49.0,32.5,2.95,83.3,96.4,0,2528.0,219.8,8503,8,100.0,127,None,None,0,Low
IT-SRV-005,Server,Data Center,Red Hat Linux,2023-06-07,Night,3.6,59.7,88.8,55.8,52.2,6.91,290.6,94.0,2,2805.0,221.0,3417,79,93.5,111,None,None,0,Low
IT-SRV-005,Server,Data Center,Windows Server 2019,2022-10-04,Night,4.3,32.1,92.8,50.5,46.7,9.82,395.0,97.9,13,2750.0,222.9,5627,117,72.7,0,RAM,Memory Failure,1,Critical
IT-PRT-001,Printer,Office,N/A,2022-07-12,Afternoon,0.7,17.4,27.2,98.3,31.6,6.5,192.2,90.7,2,1861.0,184.7,8228,184,79.6,6,Power Supply,Power Failure,1,Critical
IT-STR-002,Storage Device,Data Center,N/A,2021-01-27,Night,5.5,62.2,58.3,61.2,64.2,7.06,90.8,99.0,17,1785.0,222.2,4970,229,53.3,7,CPU/RAM,Server Crash,1,Critical
IT-SRV-003,Server,Data Center,Windows Server 2022,2022-04-08,Night,5.4,38.2,54.3,80.0,46.9,4.85,272.7,87.7,2,2833.0,213.3,2394,219,84.1,163,None,None,0,Medium
IT-STR-002,Storage Device,Data Center,N/A,2021-09-05,Night,3.8,30.7,49.8,83.1,32.2,6.49,104.4,91.7,0,1562.0,222.6,7835,67,100.0,68,None,None,0,Low
IT-UPS-002,UPS,Power Room,N/A,2021-11-11,Night,7.4,20.8,17.3,18.7,31.0,0.79,457.8,90.9,2,2047.0,241.8,3540,107,95.3,115,None,None,0,Low
IT-WRK-002,Workstation,Office,Windows 10,2023-03-11,Morning,6.0,15.2,52.2,54.5,37.4,5.01,135.5,9.6,3,1943.0,211.0,685,100,94.5,6,Battery,UPS Battery Failure,1,Critical
IT-SRV-005,Server,Data Center,Windows Server 2019,2022-12-19,Morning,4.1,38.3,64.7,65.9,37.6,3.66,427.9,94.7,0,3000.0,223.9,4293,47,100.0,44,None,None,0,Low
IT-SRV-004,Server,Data Center,Windows Server 2022,2023-10-31,Morning,5.2,35.6,54.5,47.6,39.2,7.59,371.4,99.1,3,3063.0,219.2,6872,126,91.9,55,None,None,0,Low
IT-SRV-002,Server,Data Center,Ubuntu 22.04,2021-10-30,Night,4.5,58.4,51.7,60.2,41.2,7.85,344.0,100.0,3,2830.0,220.6,6062,231,81.4,106,None,None,0,Medium
IT-WRK-001,Workstation,Office,Windows 11,2023-08-15,Night,2.3,70.5,85.6,55.8,38.3,9.16,185.0,74.2,3,2423.0,213.3,8673,151,86.9,102,None,None,0,Low
IT-SWT-001,Switch,Network Room,HP ProCurve,2023-10-02,Morning,4.4,50.3,38.6,51.7,38.3,3.03,97.9,97.4,0,2585.0,218.3,5514,157,93.3,93,None,None,0,Low
IT-SWT-003,Switch,Network Room,Cisco IOS,2021-07-25,Morning,1.9,37.4,24.3,40.5,40.0,1.69,50.6,98.3,1,2465.0,219.0,1908,355,72.0,101,None,None,0,Medium
IT-RTR-002,Router,Network Room,Juniper JunOS,2022-05-17,Night,3.1,34.7,24.7,17.4,43.0,4.08,101.7,99.4,1,2535.0,219.5,3064,82,98.5,130,None,None,0,Low
IT-UPS-002,UPS,Power Room,N/A,2022-07-01,Morning,5.3,4.5,16.9,17.3,30.5,1.83,502.1,87.1,1,1903.0,204.8,5377,27,98.5,119,None,None,0,Low
IT-PRT-001,Printer,Office,N/A,2021-07-03,Afternoon,6.7,22.8,39.5,71.6,37.1,3.42,66.0,95.1,4,1920.0,220.4,1579,263,76.7,114,None,None,0,Medium
IT-SRV-001,Server,Data Center,Windows Server 2022,2023-05-25,Afternoon,2.7,71.3,67.6,56.3,44.4,6.8,277.2,92.9,1,3129.0,219.7,7000,119,94.9,139,None,None,0,Low
IT-RTR-001,Router,Network Room,Cisco IOS,2023-11-21,Night,7.6,42.0,39.3,42.2,38.9,3.34,68.8,98.1,0,2179.0,221.8,238,17,100.0,34,None,None,0,Low
IT-WRK-003,Workstation,Office,Windows 11,2023-01-21,Morning,3.7,44.9,66.5,56.9,32.5,10.82,140.1,84.3,1,1902.0,225.0,5074,355,72.0,148,None,None,0,Medium
IT-RTR-002,Router,Network Room,N/A,2021-09-23,Morning,1.0,35.7,31.3,20.3,34.7,3.62,81.4,100.0,0,2316.0,223.9,1556,329,76.1,128,None,None,0,Medium
IT-SWT-001,Switch,Network Room,HP ProCurve,2021-11-21,Night,2.2,26.4,27.3,22.2,40.7,3.73,98.5,100.0,0,2497.0,222.1,1136,39,100.0,125,None,None,0,Low
IT-UPS-002,UPS,Power Room,N/A,2021-06-24,Morning,1.9,2.8,31.3,18.5,33.9,0.87,628.2,93.9,1,2008.0,214.6,5622,305,77.0,143,None,None,0,Medium
IT-RTR-001,Router,Network Room,Juniper JunOS,2023-04-05,Morning,7.4,54.8,47.5,30.0,34.4,3.91,72.6,100.0,0,2519.0,214.8,7501,62,100.0,165,None,None,0,Low
IT-WRK-003,Workstation,Office,Ubuntu 20.04,2021-11-08,Morning,7.2,53.8,72.3,77.0,56.0,4.67,118.6,66.2,19,2328.0,227.6,7334,120,67.7,6,CPU/RAM,Server Crash,1,Critical
IT-SRV-004,Server,Data Center,Windows Server 2022,2022-12-07,Afternoon,4.8,40.7,40.6,49.5,48.3,4.4,462.2,97.2,2,3274.0,219.1,4409,314,74.6,81,None,None,0,Medium
IT-FRW-001,Firewall,Network Room,Cisco ASA,2022-06-15,Morning,6.8,46.8,40.5,16.1,36.4,4.1,77.9,100.0,0,2349.0,220.5,8701,313,77.7,82,None,None,0,Medium
IT-RTR-003,Router,Network Room,N/A,2022-06-13,Morning,4.4,34.1,51.1,21.4,27.6,2.5,114.4,96.7,0,2496.0,219.8,4837,57,100.0,36,None,None,0,Low
IT-FRW-002,Firewall,Network Room,Fortinet FortiOS,2023-12-06,Night,1.4,4.0,50.4,15.3,23.3,3.21,81.1,100.0,1,2499.0,223.3,2174,13,98.5,103,None,None,0,Low
IT-SRV-004,Server,Data Center,Red Hat Linux,2022-07-21,Night,7.3,48.4,67.0,40.8,44.9,8.58,376.0,97.6,1,2941.0,223.0,1552,301,77.4,45,None,None,0,Medium
IT-PRT-002,Printer,Office,N/A,2023-03-08,Night,3.5,17.3,28.6,82.1,37.1,9.95,86.4,93.1,0,1521.0,212.6,6284,48,100.0,101,None,None,0,Low
IT-FRW-002,Firewall,Network Room,Cisco ASA,2021-08-25,Night,2.9,62.5,73.1,21.0,34.5,2.77,95.5,100.0,40,2606.0,222.8,2936,348,14.2,5,OS/Software,Software Crash,1,Critical
IT-STR-002,Storage Device,Data Center,N/A,2021-05-05,Afternoon,7.2,26.6,23.0,100.0,43.7,7.85,91.1,84.3,15,1629.0,219.4,7730,98,66.1,0,Hard Disk,Disk Failure,1,Critical
IT-SWT-002,Switch,Network Room,HP ProCurve,2022-10-25,Morning,2.1,37.0,32.8,30.5,45.5,3.22,115.2,95.3,0,2307.0,224.4,1417,309,78.1,170,None,None,0,Medium
IT-STR-002,Storage Device,Data Center,N/A,2023-09-21,Afternoon,3.3,19.8,37.2,70.1,28.3,12.03,98.5,97.1,2,1630.0,217.8,4504,256,80.4,65,None,None,0,Medium
IT-WRK-001,Workstation,Office,Windows 10,2021-11-19,Night,3.2,23.1,66.3,94.0,37.1,8.61,169.0,89.0,19,2388.0,223.2,915,8,66.1,2,RAM,Memory Failure,1,Critical
IT-SRV-002,Server,Data Center,Red Hat Linux,2021-02-25,Night,6.7,42.9,78.4,76.0,40.2,6.5,386.0,92.1,1,2950.0,219.1,2833,69,98.5,47,None,None,0,Low
IT-SRV-002,Server,Data Center,Ubuntu 22.04,2023-03-26,Afternoon,3.3,69.5,54.8,43.0,49.2,4.27,307.8,100.0,1,2940.0,227.3,3706,125,95.0,141,None,None,0,Low
IT-SWT-003,Switch,Network Room,Cisco IOS,2022-05-10,Night,7.5,90.9,80.3,0.4,72.1,3.26,71.2,99.0,26,2616.0,220.1,5827,100,35.7,6,CPU/RAM,Server Crash,1,Critical
IT-RTR-003,Router,Network Room,Cisco IOS,2021-12-30,Afternoon,0.9,23.2,40.9,42.6,37.8,2.28,43.6,98.5,0,2655.0,221.8,8222,362,72.8,108,None,None,0,Medium
IT-SRV-001,Server,Data Center,Windows Server 2022,2022-09-15,Night,4.8,52.4,47.8,53.0,38.2,3.09,362.6,98.3,4,3095.0,221.2,5183,110,92.0,65,None,None,0,Low
IT-FRW-001,Firewall,Network Room,Fortinet FortiOS,2021-07-18,Afternoon,3.8,55.5,24.7,30.2,35.6,3.71,102.9,97.7,0,2471.0,215.7,1682,117,97.3,71,None,None,0,Low
IT-STR-001,Storage Device,Data Center,N/A,2023-11-07,Afternoon,1.5,19.6,18.6,86.1,40.8,10.44,101.2,86.4,1,1821.0,220.5,392,187,88.1,157,None,None,0,Medium
IT-RTR-003,Router,Network Room,Cisco IOS,2023-04-11,Night,6.3,27.7,41.1,59.9,47.7,4.35,70.2,95.6,0,2736.0,217.8,5725,135,95.5,170,None,None,0,Low
IT-RTR-003,Router,Network Room,N/A,2021-03-13,Morning,5.6,36.1,55.6,28.5,37.0,2.72,112.1,99.4,2,2712.0,218.2,3333,314,74.6,164,None,None,0,Medium
IT-STR-002,Storage Device,Data Center,N/A,2023-10-21,Afternoon,7.2,14.7,30.3,72.9,33.6,5.81,233.0,95.1,3,2214.0,168.9,5722,327,71.8,7,Power Supply,Power Failure,1,Critical
IT-SWT-003,Switch,Network Room,N/A,2021-11-25,Night,7.0,47.6,41.3,23.2,43.7,1.77,76.6,97.3,0,2442.0,222.6,6608,98,99.2,87,None,None,0,Low
IT-SRV-001,Server,Data Center,Red Hat Linux,2021-02-24,Afternoon,4.5,49.6,61.8,73.2,40.0,6.66,295.8,91.3,3,3044.0,217.3,3539,364,68.1,99,None,None,0,Medium
IT-PRT-002,Printer,Office,N/A,2022-05-06,Afternoon,0.6,26.5,41.3,73.0,31.9,9.4,111.2,87.4,4,1989.0,221.3,4060,79,94.0,103,None,None,0,Low
IT-STR-002,Storage Device,Data Center,N/A,2023-11-07,Afternoon,1.7,12.3,27.8,52.8,34.8,11.83,121.5,91.3,2,1798.0,225.4,6914,359,70.1,35,None,None,0,Medium
IT-SWT-001,Switch,Network Room,HP ProCurve,2021-10-05,Night,3.7,72.7,61.8,21.5,33.1,2.49,90.5,97.7,29,2573.0,215.3,7640,53,55.1,0,OS/Software,Software Crash,1,Critical
IT-RTR-003,Router,Network Room,Juniper JunOS,2021-11-26,Afternoon,4.1,35.2,30.7,28.4,37.6,2.09,87.1,99.3,1,2462.0,221.9,656,32,98.5,32,None,None,0,Low
IT-SRV-001,Server,Data Center,Red Hat Linux,2023-07-25,Afternoon,6.1,43.8,76.1,47.0,31.7,2.77,393.0,88.0,2,3102.0,218.4,3700,256,80.4,119,None,None,0,Medium
IT-WRK-003,Workstation,Office,Windows 11,2021-06-22,Night,5.3,28.1,88.9,56.4,30.6,7.84,156.2,72.9,6,2206.0,225.5,3718,225,74.0,66,None,None,0,Medium
IT-SRV-005,Server,Data Center,Ubuntu 22.04,2023-03-04,Morning,4.5,55.9,72.4,57.1,49.3,5.77,389.8,84.4,2,2922.0,181.6,7257,184,87.6,0,Power Supply,Power Failure,1,Critical
IT-SRV-001,Server,Data Center,Windows Server 2022,2021-11-15,Afternoon,1.9,78.2,52.8,62.0,43.2,6.11,327.3,96.2,3,2933.0,222.1,7238,205,79.9,131,None,None,0,Medium
IT-SRV-004,Server,Data Center,Red Hat Linux,2023-09-08,Night,7.9,44.1,58.9,75.6,44.1,4.8,314.1,92.0,1,2915.0,225.1,7688,261,81.4,97,None,None,0,Medium
IT-RTR-002,Router,Network Room,N/A,2021-03-28,Afternoon,5.5,33.0,27.2,29.1,42.4,3.24,91.2,98.9,0,2496.0,221.3,1738,162,92.8,83,None,None,0,Low
IT-WRK-002,Workstation,Office,Windows 11,2022-03-30,Night,1.1,57.9,59.6,49.1,62.2,10.14,157.8,83.6,2,1135.0,217.5,1853,68,91.2,0,Cooling System,Overheating,1,Critical
IT-PRT-001,Printer,Office,N/A,2022-07-05,Night,2.7,24.6,14.5,94.3,27.7,14.63,98.5,85.9,3,1851.0,227.6,2610,80,89.9,146,None,None,0,High
IT-UPS-001,UPS,Power Room,N/A,2023-02-08,Afternoon,5.5,2.8,21.0,25.7,27.5,0.52,506.7,89.3,1,2139.0,225.5,7604,349,72.6,52,None,None,0,Medium
IT-SWT-002,Switch,Network Room,N/A,2021-06-07,Night,3.6,34.6,37.7,35.4,32.5,3.23,61.5,98.0,5,2523.0,222.7,8625,2,92.5,151,None,None,0,Low
IT-SRV-003,Server,Data Center,Red Hat Linux,2022-05-29,Afternoon,3.0,42.9,78.6,64.0,36.6,9.04,336.9,93.5,0,3374.0,221.5,8249,231,85.9,175,None,None,0,Medium
IT-WRK-002,Workstation,Office,Ubuntu 20.04,2022-04-01,Night,5.7,88.9,58.1,37.2,37.7,7.69,168.0,95.5,38,2369.0,216.2,806,247,17.9,4,OS/Software,Software Crash,1,Critical
IT-SRV-003,Server,Data Center,Ubuntu 22.04,2022-04-21,Night,5.3,55.9,73.2,48.2,36.2,3.01,337.6,100.0,1,2965.0,219.7,3276,216,85.9,146,None,None,0,Medium
IT-UPS-001,UPS,Power Room,N/A,2023-04-25,Morning,4.0,5.6,19.0,22.9,30.2,0.82,423.3,80.5,2,1967.0,218.6,4565,331,72.9,99,None,None,0,Medium
IT-WRK-003,Workstation,Office,Windows 10,2022-07-23,Night,3.4,25.1,34.9,100.0,55.9,3.52,151.8,69.2,27,2448.0,224.7,2984,345,17.1,6,Hard Disk,Disk Failure,1,Critical
IT-PRT-001,Printer,Office,N/A,2021-11-08,Night,5.4,20.0,21.3,74.1,28.2,15.35,96.4,85.0,1,1852.0,222.4,7335,351,72.4,100,None,None,0,Medium
IT-SRV-003,Server,Data Center,Windows Server 2019,2023-01-23,Morning,5.1,56.0,58.0,40.0,35.8,5.76,359.2,91.0,2,3220.0,218.9,6480,287,77.3,119,None,None,0,Medium
IT-SRV-003,Server,Data Center,Windows Server 2019,2022-07-28,Night,2.1,40.9,74.6,72.4,40.4,4.88,403.6,90.4,3,3430.0,226.4,7959,129,91.6,95,None,None,0,Low
IT-PRT-001,Printer,Office,N/A,2023-11-11,Afternoon,6.8,31.9,29.3,69.5,31.5,10.39,96.5,35.2,5,2058.0,196.1,6220,171,84.4,7,Battery,UPS Battery Failure,1,Critical
IT-WRK-002,Workstation,Office,Windows 10,2022-02-25,Afternoon,2.9,45.1,71.5,82.2,46.1,12.34,104.0,90.9,0,2139.0,224.2,570,352,73.8,87,None,None,0,Medium
IT-PRT-002,Printer,Office,N/A,2022-01-06,Morning,1.9,22.3,25.7,74.5,30.4,9.01,122.1,100.0,1,1948.0,230.1,3924,124,95.1,150,None,None,0,Low
IT-STR-002,Storage Device,Data Center,N/A,2022-02-01,Morning,1.2,24.5,25.7,80.3,30.8,14.38,109.6,91.1,0,1810.0,217.9,1948,264,82.6,144,None,None,0,Medium
IT-PRT-001,Printer,Office,N/A,2021-06-22,Morning,2.6,28.8,38.4,84.7,45.9,9.12,74.1,100.0,2,1718.0,229.6,3283,311,74.9,34,None,None,0,Medium
IT-PRT-002,Printer,Office,N/A,2023-12-14,Morning,6.3,23.1,19.2,81.7,34.7,3.93,134.1,98.1,2,2060.0,216.2,2552,301,75.9,34,None,None,0,Medium
IT-SRV-004,Server,Data Center,Ubuntu 22.04,2023-12-07,Night,6.1,70.1,100.0,54.3,51.4,1.91,332.7,97.6,24,2917.0,225.8,4949,263,37.9,2,OS/Software,Software Crash,1,Critical
IT-SRV-005,Server,Data Center,Windows Server 2019,2022-01-07,Night,0.9,27.3,68.4,44.7,45.4,5.27,365.8,89.8,1,2922.0,227.5,4244,231,84.4,68,None,None,0,Medium
IT-FRW-001,Firewall,Network Room,pfSense,2021-01-05,Morning,5.1,52.0,40.9,28.0,39.0,3.94,84.2,98.0,1,2446.0,220.1,5261,251,82.4,153,None,None,0,Medium
IT-RTR-001,Router,Network Room,Cisco IOS,2022-10-09,Night,5.9,39.9,18.7,40.0,32.8,2.77,84.5,97.8,1,2642.0,216.1,4182,303,77.2,171,None,None,0,Medium
IT-SRV-003,Server,Data Center,Windows Server 2019,2023-09-22,Morning,2.1,61.5,90.1,35.4,44.9,5.99,256.1,94.8,1,3127.0,214.5,1395,310,72.4,67,None,None,0,Medium
IT-SWT-002,Switch,Network Room,Cisco IOS,2023-08-05,Afternoon,2.7,24.6,32.0,27.8,46.7,4.22,84.5,97.0,2,2379.0,224.7,8565,267,79.3,59,None,None,0,Medium
IT-STR-001,Storage Device,Data Center,N/A,2021-04-29,Night,5.4,23.3,18.2,96.0,31.4,18.07,124.9,91.1,3,1916.0,219.1,7354,117,86.2,167,None,None,0,High
IT-UPS-002,UPS,Power Room,N/A,2023-03-20,Afternoon,3.8,13.5,18.4,17.0,30.5,1.38,367.1,100.0,1,1996.0,231.2,7097,143,93.2,132,None,None,0,Low
IT-STR-001,Storage Device,Data Center,N/A,2023-12-31,Night,3.7,18.8,35.9,83.6,35.0,6.75,127.2,85.1,4,1843.0,223.9,5473,139,89.1,159,None,None,0,Low
IT-UPS-002,UPS,Power Room,N/A,2022-02-23,Night,2.1,9.7,15.8,23.3,31.2,1.66,415.4,79.0,4,2137.0,213.2,1588,362,66.8,30,None,None,0,Medium
IT-UPS-002,UPS,Power Room,N/A,2021-01-16,Morning,7.6,11.7,27.7,11.7,28.5,0.53,513.4,80.1,1,1975.0,224.1,1920,194,88.1,150,None,None,0,Medium
IT-SWT-002,Switch,Network Room,Cisco IOS,2022-10-22,Afternoon,3.7,41.0,23.7,21.5,41.4,1.34,107.0,99.8,1,2537.0,222.6,5958,95,98.0,49,None,None,0,Low
IT-SRV-002,Server,Data Center,Windows Server 2022,2023-07-10,Afternoon,4.6,49.8,71.7,66.8,36.4,6.9,273.9,93.3,2,3075.0,211.7,5499,237,82.3,92,None,None,0,Medium
IT-UPS-003,UPS,Power Room,N/A,2021-05-27,Morning,4.1,7.7,20.1,9.2,32.0,0.94,531.4,79.8,0,1927.0,204.2,6247,202,88.8,123,None,None,0,Medium
IT-PRT-002,Printer,Office,N/A,2021-01-15,Morning,3.4,22.8,35.4,74.5,42.5,14.72,85.5,98.5,2,2027.0,217.9,8712,142,91.8,158,None,None,0,Low
IT-SWT-001,Switch,Network Room,HP ProCurve,2021-12-12,Afternoon,5.7,46.1,43.7,24.1,43.4,4.48,91.2,97.8,2,2496.0,215.6,6245,9,97.0,55,None,None,0,Low
IT-SWT-002,Switch,Network Room,Cisco IOS,2021-09-19,Night,2.9,59.2,24.1,24.5,35.7,3.4,67.8,100.0,1,2631.0,219.0,1144,343,73.2,175,None,None,0,Medium
IT-WRK-003,Workstation,Office,Windows 11,2022-08-08,Afternoon,4.4,80.6,66.2,44.6,40.9,12.38,183.2,66.4,4,2135.0,219.9,6540,287,69.0,127,None,None,0,Medium
IT-STR-002,Storage Device,Data Center,N/A,2023-05-03,Morning,3.8,0.0,26.8,51.4,43.9,8.53,139.7,83.2,2,1681.0,222.6,2561,315,74.5,55,None,None,0,Medium
IT-RTR-001,Router,Network Room,N/A,2022-04-12,Afternoon,2.4,43.8,55.3,34.4,34.9,3.42,52.9,98.1,0,2562.0,222.7,3453,224,86.6,32,None,None,0,Medium
IT-SRV-003,Server,Data Center,Red Hat Linux,2022-09-14,Morning,4.1,69.8,67.1,42.1,47.7,7.04,356.0,96.0,16,3400.0,223.4,6767,187,66.3,6,RAM,Memory Failure,1,Critical
IT-RTR-001,Router,Network Room,Juniper JunOS,2022-10-28,Morning,5.8,14.5,30.3,38.4,40.0,3.6,83.0,100.0,2,2292.0,223.9,920,162,89.8,100,None,None,0,Low
IT-UPS-003,UPS,Power Room,N/A,2022-11-10,Night,1.7,0.3,19.7,19.5,31.5,1.05,404.4,89.8,0,1956.0,218.6,6768,62,100.0,148,None,None,0,Low
IT-STR-002,Storage Device,Data Center,N/A,2021-06-16,Night,0.6,8.6,21.9,56.7,34.9,10.72,128.4,88.8,2,1666.0,221.1,2782,247,81.3,92,None,None,0,Medium
IT-FRW-001,Firewall,Network Room,Fortinet FortiOS,2021-01-22,Night,5.6,20.0,51.3,72.7,50.8,4.74,77.0,100.0,19,2407.0,213.9,5372,213,59.2,5,Hard Disk,Disk Failure,1,Critical
IT-WRK-003,Workstation,Office,Windows 11,2022-08-01,Afternoon,1.8,68.4,25.0,70.6,39.2,15.09,137.3,98.8,3,2270.0,228.5,2824,79,95.5,58,None,None,0,Low
IT-FRW-001,Firewall,Network Room,pfSense,2022-04-21,Afternoon,5.9,17.3,36.9,36.7,43.7,2.45,46.5,100.0,1,2451.0,223.1,1844,279,79.6,47,None,None,0,Medium
IT-SRV-005,Server,Data Center,Red Hat Linux,2023-08-27,Morning,4.7,40.9,74.9,45.1,37.6,0.1,338.6,94.9,2,2970.0,215.8,8647,355,70.5,110,None,None,0,Medium
IT-WRK-004,Workstation,Office,Windows 11,2022-05-27,Afternoon,5.8,38.5,42.4,61.1,37.1,11.05,151.4,75.6,5,2157.0,225.8,2240,49,92.5,105,None,None,0,Low
IT-STR-002,Storage Device,Data Center,N/A,2021-02-16,Night,5.0,17.9,41.1,63.4,32.8,11.24,83.6,88.6,3,2121.0,226.6,5332,192,85.3,167,None,None,0,Medium
IT-WRK-003,Workstation,Office,Windows 10,2022-05-05,Afternoon,6.8,63.2,35.6,95.0,35.0,2.39,139.8,74.6,3,1990.0,215.9,2025,351,63.4,104,None,None,0,High
IT-WRK-003,Workstation,Office,Windows 11,2021-08-31,Night,7.7,54.4,31.5,65.6,43.1,2.66,106.4,84.0,1,2204.0,218.3,1233,188,88.7,122,None,None,0,Medium
IT-WRK-002,Workstation,Office,Ubuntu 20.04,2023-01-23,Afternoon,1.9,30.4,98.4,52.4,43.6,4.96,107.9,78.5,4,2181.0,222.7,8169,302,65.4,32,None,None,0,Medium
IT-SRV-001,Server,Data Center,Ubuntu 22.04,2022-09-30,Night,1.1,18.5,86.9,38.6,41.9,3.4,347.7,95.2,3,3110.0,210.7,1213,272,74.6,108,None,None,0,Medium
IT-SWT-002,Switch,Network Room,Cisco IOS,2021-08-11,Night,6.1,37.3,49.6,33.1,37.2,2.72,92.4,96.2,0,2418.0,216.1,8128,242,84.8,82,None,None,0,Medium
IT-SWT-003,Switch,Network Room,Cisco IOS,2023-10-09,Night,1.9,48.3,49.0,34.9,38.4,3.44,45.9,97.9,1,2504.0,220.5,5658,19,98.5,109,None,None,0,Low
IT-SRV-003,Server,Data Center,Red Hat Linux,2021-07-30,Afternoon,5.5,35.7,70.5,42.9,49.5,8.21,387.5,92.6,1,3190.0,226.5,6142,351,72.4,117,None,None,0,Medium
IT-PRT-002,Printer,Office,N/A,2022-03-03,Afternoon,3.5,17.5,33.9,91.1,32.9,6.39,115.8,92.8,1,1846.0,218.8,6694,357,68.1,99,None,None,0,High
IT-STR-001,Storage Device,Data Center,N/A,2023-12-07,Night,2.8,21.7,41.6,88.2,46.1,12.9,102.1,88.4,2,1642.0,221.2,2660,276,76.5,138,None,None,0,Medium
IT-RTR-001,Router,Network Room,N/A,2021-07-07,Morning,5.4,39.6,44.0,28.1,40.4,2.74,70.3,97.0,1,2736.0,221.6,1943,8,98.5,47,None,None,0,Low
IT-FRW-002,Firewall,Network Room,Cisco ASA,2021-02-17,Morning,7.3,31.9,25.9,43.7,35.8,4.22,77.8,98.5,2,2471.0,222.4,6134,350,71.0,93,None,None,0,Medium
IT-STR-001,Storage Device,Data Center,N/A,2023-05-20,Morning,5.7,48.4,39.4,84.9,74.7,3.26,82.3,93.6,1,1176.0,222.0,3580,139,77.9,6,Cooling System,Overheating,1,Critical
IT-WRK-004,Workstation,Office,Ubuntu 20.04,2023-08-28,Afternoon,7.4,56.4,82.9,78.6,41.9,10.63,141.0,75.9,2,2195.0,213.1,8369,49,95.8,123,None,None,0,Low
IT-SRV-002,Server,Data Center,Windows Server 2022,2023-06-30,Night,7.1,66.6,60.0,63.3,46.6,3.7,368.9,100.0,3,2783.0,231.5,4710,197,84.8,119,None,None,0,Medium
IT-WRK-003,Workstation,Office,Ubuntu 20.04,2022-03-25,Morning,7.3,72.5,76.8,66.5,30.7,6.33,134.5,93.7,3,2128.0,219.9,3909,360,67.2,31,None,None,0,Medium
IT-UPS-002,UPS,Power Room,N/A,2022-09-01,Night,4.6,12.1,15.7,16.5,24.0,0.55,468.2,100.0,1,2112.0,219.4,4056,104,97.1,74,None,None,0,Low
IT-STR-002,Storage Device,Data Center,N/A,2021-03-28,Afternoon,3.2,21.2,24.2,75.7,37.7,14.21,102.4,87.3,1,1967.0,222.3,1304,216,85.9,46,None,None,0,Medium
IT-SWT-001,Switch,Network Room,N/A,2023-05-24,Night,5.7,41.8,60.0,23.5,36.1,2.62,96.4,99.1,2,2513.0,221.2,754,109,95.1,39,None,None,0,Low
IT-FRW-001,Firewall,Network Room,Cisco ASA,2023-08-03,Afternoon,5.6,37.5,47.2,39.4,38.4,3.38,170.3,97.6,3,2213.0,199.3,6764,203,84.2,4,Power Supply,Power Failure,1,Critical
IT-SRV-002,Server,Data Center,Windows Server 2019,2022-03-01,Morning,6.3,54.7,70.2,84.5,50.6,3.53,367.2,97.7,0,2771.0,229.2,6162,42,100.0,147,None,None,0,Low
IT-SRV-004,Server,Data Center,Ubuntu 22.04,2022-11-05,Afternoon,5.6,32.1,62.6,46.6,42.5,4.6,260.8,100.0,1,2769.0,218.7,4226,345,73.0,48,None,None,0,Medium
IT-SWT-003,Switch,Network Room,HP ProCurve,2023-02-06,Morning,4.4,42.9,50.8,28.1,39.1,2.67,69.0,94.5,1,2574.0,225.7,2393,274,80.1,52,None,None,0,Medium
IT-SWT-003,Switch,Network Room,Cisco IOS,2022-06-16,Night,6.8,33.3,65.1,25.3,44.1,4.48,108.9,100.0,20,2441.0,219.1,4945,221,56.9,7,RAM,Memory Failure,1,Critical
IT-STR-001,Storage Device,Data Center,N/A,2022-05-19,Morning,7.5,18.3,32.3,90.8,34.6,8.01,135.8,86.7,2,1722.0,220.6,3571,278,74.7,109,None,None,0,High
IT-SWT-002,Switch,Network Room,HP ProCurve,2022-01-15,Afternoon,4.7,32.3,31.4,39.1,40.2,2.71,55.7,96.8,1,2484.0,219.4,8124,343,73.2,50,None,None,0,Medium
IT-UPS-002,UPS,Power Room,N/A,2022-12-10,Morning,6.2,3.6,15.2,9.5,27.0,0.43,575.0,92.1,0,2004.0,223.6,1778,181,90.9,152,None,None,0,Medium
IT-RTR-001,Router,Network Room,Cisco IOS,2022-01-31,Night,7.2,43.3,47.7,38.6,36.8,2.32,72.9,98.2,3,2518.0,222.7,699,7,95.5,86,None,None,0,Low
IT-SWT-003,Switch,Network Room,N/A,2021-08-25,Morning,4.6,33.4,36.6,44.7,43.6,3.12,78.3,99.4,1,2424.0,215.6,3480,155,92.0,133,None,None,0,Low
IT-RTR-002,Router,Network Room,N/A,2021-12-08,Afternoon,7.6,49.5,36.6,23.3,34.5,3.36,84.7,98.3,2,2331.0,216.4,6674,107,95.3,117,None,None,0,Low
IT-WRK-002,Workstation,Office,Windows 11,2021-11-03,Afternoon,4.4,52.7,50.5,71.2,39.7,7.35,187.1,87.6,2,2403.0,228.7,8591,201,85.9,55,None,None,0,Medium
IT-FRW-002,Firewall,Network Room,pfSense,2022-12-16,Afternoon,4.0,32.0,48.4,48.5,32.4,1.99,75.3,99.9,2,2380.0,220.3,7767,219,84.1,114,None,None,0,Medium
IT-WRK-003,Workstation,Office,Ubuntu 20.04,2022-02-24,Night,6.9,10.8,100.0,56.7,45.4,6.7,147.6,92.5,18,1980.0,210.7,6741,331,32.8,1,RAM,Memory Failure,1,Critical
IT-PRT-002,Printer,Office,N/A,2022-07-20,Morning,3.8,32.2,21.6,50.2,39.3,10.42,84.2,100.0,5,1664.0,223.5,4899,95,92.0,48,None,None,0,Low
IT-UPS-001,UPS,Power Room,N/A,2022-07-12,Afternoon,5.7,6.8,18.7,18.8,29.3,0.95,468.3,85.6,2,1984.0,202.2,2406,345,71.5,125,None,None,0,Medium
IT-FRW-002,Firewall,Network Room,Fortinet FortiOS,2021-06-28,Morning,4.7,17.1,34.2,41.6,36.7,2.8,76.9,57.1,0,2485.0,197.9,4617,343,74.7,0,Battery,UPS Battery Failure,1,Critical
IT-SRV-005,Server,Data Center,Ubuntu 22.04,2022-10-10,Night,5.4,60.8,61.0,48.6,43.5,3.27,384.1,99.2,3,2994.0,219.1,7341,180,86.5,117,None,None,0,Low
IT-PRT-002,Printer,Office,N/A,2021-02-09,Afternoon,3.7,9.5,31.5,57.1,27.2,10.98,96.4,90.3,1,1564.0,215.9,2082,203,87.2,53,None,None,0,Medium
IT-FRW-002,Firewall,Network Room,pfSense,2022-11-24,Morning,6.6,33.4,53.0,25.0,34.3,1.61,82.2,95.3,3,2628.0,221.9,1318,195,85.0,163,None,None,0,Medium
IT-FRW-002,Firewall,Network Room,pfSense,2023-04-12,Night,4.9,27.9,20.9,22.3,40.0,1.6,54.0,94.7,1,2835.0,221.3,2125,109,96.6,63,None,None,0,Low
IT-STR-001,Storage Device,Data Center,N/A,2021-03-25,Morning,0.8,20.8,45.2,85.7,37.7,9.57,91.3,85.3,4,1972.0,219.0,5488,64,93.6,107,None,None,0,Low
IT-PRT-002,Printer,Office,N/A,2022-04-16,Afternoon,6.0,9.9,31.9,91.9,36.9,8.33,106.3,83.9,0,1806.0,225.3,2863,196,85.3,91,None,None,0,High
IT-WRK-002,Workstation,Office,Windows 10,2023-07-25,Afternoon,2.3,1.3,17.8,62.3,40.9,7.96,148.2,82.6,0,2284.0,225.4,8214,171,91.9,144,None,None,0,Low
IT-RTR-001,Router,Network Room,N/A,2021-07-07,Afternoon,5.9,29.2,53.1,22.1,38.1,4.47,66.0,98.8,0,2502.0,221.6,3520,157,93.3,46,None,None,0,Low
IT-FRW-001,Firewall,Network Room,Cisco ASA,2023-02-16,Afternoon,2.3,32.6,37.7,29.7,35.0,2.63,84.9,100.0,0,2550.0,217.2,7834,37,100.0,120,None,None,0,Low
IT-WRK-004,Workstation,Office,Ubuntu 20.04,2021-01-28,Morning,1.2,55.6,49.4,53.5,38.9,9.82,143.6,98.6,2,2122.0,206.2,534,92,96.8,117,None,None,0,Low
IT-RTR-002,Router,Network Room,N/A,2022-09-14,Morning,1.9,39.7,38.5,36.4,40.8,123.83,54.0,100.0,14,2496.0,215.3,7123,71,79.0,1,Network Interface,Network Outage,1,Critical
IT-SWT-002,Switch,Network Room,HP ProCurve,2021-04-10,Morning,5.0,69.5,67.7,35.3,39.3,1.67,84.3,96.9,32,2488.0,219.4,3669,36,52.0,2,OS/Software,Software Crash,1,Critical
IT-PRT-002,Printer,Office,N/A,2022-11-21,Night,4.3,23.3,38.0,56.2,33.5,10.75,107.4,97.7,0,2034.0,219.8,2675,109,98.1,100,None,None,0,Low
IT-RTR-003,Router,Network Room,N/A,2022-08-08,Morning,2.2,36.4,37.7,46.0,40.7,1.21,132.1,99.6,2,2514.0,189.7,232,68,97.0,3,Power Supply,Power Failure,1,Critical
IT-STR-001,Storage Device,Data Center,N/A,2022-05-04,Morning,7.5,20.2,10.7,100.0,34.9,8.48,75.4,85.1,21,1859.0,220.1,8422,174,44.9,2,Hard Disk,Disk Failure,1,Critical
IT-SRV-005,Server,Data Center,Windows Server 2019,2022-03-25,Morning,4.7,54.8,60.3,78.1,48.0,3.77,271.6,92.0,0,2935.0,218.0,4353,57,100.0,139,None,None,0,Low
IT-SRV-002,Server,Data Center,Ubuntu 22.04,2021-04-03,Morning,4.1,100.0,32.1,57.8,76.2,9.19,366.8,95.2,4,2489.0,219.0,3597,183,49.8,7,Cooling System,Overheating,1,Critical
IT-SWT-003,Switch,Network Room,Cisco IOS,2023-03-01,Night,4.9,50.6,47.6,28.9,30.1,3.39,66.2,52.3,0,2432.0,202.9,8336,48,100.0,1,Battery,UPS Battery Failure,1,Critical
IT-UPS-003,UPS,Power Room,N/A,2023-11-25,Afternoon,6.4,11.7,21.4,12.1,29.8,0.65,326.1,81.7,1,1955.0,225.6,5066,95,98.0,83,None,None,0,Low
IT-WRK-001,Workstation,Office,Windows 11,2023-08-09,Night,6.0,63.5,82.0,74.1,43.0,7.43,179.4,100.0,0,2056.0,223.1,4444,62,99.2,31,None,None,0,Low
IT-SRV-001,Server,Data Center,Ubuntu 22.04,2021-02-11,Morning,6.2,51.5,55.0,42.7,46.5,4.44,370.4,95.8,1,2717.0,224.5,1091,327,74.8,174,None,None,0,Medium
IT-RTR-003,Router,Network Room,Juniper JunOS,2022-07-03,Afternoon,0.6,22.8,39.0,38.2,40.6,1.24,63.5,100.0,0,2677.0,217.4,1545,298,79.2,155,None,None,0,Medium
IT-SRV-003,Server,Data Center,Windows Server 2019,2023-04-02,Night,1.8,47.1,54.4,55.7,44.2,4.33,444.5,90.6,2,2885.0,219.8,7699,143,91.7,161,None,None,0,Low
IT-SWT-003,Switch,Network Room,Cisco IOS,2023-03-18,Morning,5.5,42.0,49.2,23.2,41.5,4.2,74.5,29.4,2,2341.0,201.8,509,304,75.6,3,Battery,UPS Battery Failure,1,Critical
IT-UPS-003,UPS,Power Room,N/A,2022-01-22,Afternoon,1.4,7.1,23.9,20.9,29.7,1.71,513.2,82.3,1,1959.0,220.6,8093,192,88.3,92,None,None,0,Medium
IT-UPS-003,UPS,Power Room,N/A,2023-06-20,Night,2.9,9.7,22.3,20.0,31.7,0.39,539.4,94.6,2,2092.0,206.5,5303,331,72.9,109,None,None,0,Medium
IT-FRW-002,Firewall,Network Room,Fortinet FortiOS,2023-09-30,Morning,4.8,48.4,39.3,2.7,40.9,3.03,99.2,97.4,1,2087.0,223.2,5923,212,86.3,77,None,None,0,Medium
IT-STR-001,Storage Device,Data Center,N/A,2023-12-09,Afternoon,6.2,25.6,37.2,75.6,29.4,3.65,84.1,94.1,2,1899.0,224.1,376,270,79.0,43,None,None,0,Medium
IT-WRK-003,Workstation,Office,Ubuntu 20.04,2021-03-25,Morning,2.5,21.4,59.1,66.0,39.4,6.12,189.6,81.0,3,2311.0,217.0,5731,80,95.5,50,None,None,0,Low
IT-SRV-002,Server,Data Center,Windows Server 2022,2022-08-27,Afternoon,3.0,20.9,60.0,43.3,42.6,5.36,313.2,89.2,4,3097.0,221.0,5031,12,94.0,52,None,None,0,Low
IT-UPS-001,UPS,Power Room,N/A,2021-12-30,Morning,6.4,8.7,10.2,22.4,36.2,0.66,365.5,99.5,1,1987.0,215.0,1077,121,95.4,171,None,None,0,Low
IT-SRV-001,Server,Data Center,Windows Server 2019,2023-04-26,Afternoon,2.2,21.1,50.8,30.6,45.7,4.18,391.1,96.0,4,2839.0,222.6,8238,248,78.2,173,None,None,0,Medium
IT-RTR-003,Router,Network Room,Juniper JunOS,2021-09-24,Morning,7.9,44.1,27.9,24.7,32.3,81.53,75.5,99.1,19,2702.0,221.7,6398,284,52.1,6,Network Interface,Network Outage,1,Critical
IT-UPS-001,UPS,Power Room,N/A,2023-08-11,Morning,7.6,7.7,17.8,14.9,32.6,0.55,480.4,82.2,0,1991.0,231.3,4644,171,91.9,180,None,None,0,Low
IT-SRV-004,Server,Data Center,Windows Server 2022,2021-01-11,Morning,6.4,64.9,62.5,61.9,39.9,7.15,332.4,92.5,3,2966.0,218.6,1078,55,95.5,59,None,None,0,Low
IT-RTR-002,Router,Network Room,Cisco IOS,2022-12-06,Night,3.5,32.4,36.6,24.7,38.0,102.84,71.2,97.5,9,2534.0,226.6,3604,171,78.4,2,Network Interface,Network Outage,1,Critical
IT-RTR-001,Router,Network Room,N/A,2021-12-14,Afternoon,3.9,42.4,35.1,39.8,36.2,3.66,81.7,100.0,0,2409.0,223.9,2534,121,96.9,45,None,None,0,Low
IT-WRK-003,Workstation,Office,Windows 11,2023-11-26,Morning,0.7,32.8,30.2,60.1,44.6,3.55,157.5,79.6,6,2504.0,233.5,6917,269,73.1,53,None,None,0,Medium
IT-SRV-004,Server,Data Center,Ubuntu 22.04,2021-07-24,Morning,1.8,16.1,60.6,66.1,49.2,7.97,336.7,98.1,1,3140.0,228.7,6017,299,77.6,132,None,None,0,Medium
IT-RTR-002,Router,Network Room,Cisco IOS,2022-03-03,Morning,2.8,46.1,35.7,30.6,31.9,2.32,52.9,100.0,0,2299.0,218.3,6030,65,100.0,172,None,None,0,Low
IT-FRW-001,Firewall,Network Room,Cisco ASA,2023-10-02,Night,7.3,49.5,39.2,30.8,47.2,3.96,65.5,96.8,1,2356.0,215.1,4192,87,98.5,169,None,None,0,Low
IT-SRV-002,Server,Data Center,Ubuntu 22.04,2023-08-14,Afternoon,6.9,43.2,63.3,69.1,38.0,5.97,325.2,100.0,3,2817.0,228.4,8416,234,81.1,46,None,None,0,Medium
IT-RTR-001,Router,Network Room,N/A,2021-08-28,Night,3.3,43.1,40.1,19.0,30.0,4.72,86.4,100.0,1,2187.0,220.9,1098,282,79.3,93,None,None,0,Medium
IT-PRT-001,Printer,Office,N/A,2021-04-02,Morning,0.9,22.0,24.5,57.4,34.6,17.3,105.6,96.4,1,1737.0,223.3,7441,29,98.5,54,None,None,0,Low
IT-PRT-001,Printer,Office,N/A,2023-12-01,Morning,2.7,27.9,29.5,75.7,32.3,10.1,110.2,85.8,3,1847.0,217.9,7511,16,95.5,50,None,None,0,Low
IT-WRK-002,Workstation,Office,Windows 11,2023-12-04,Afternoon,3.9,27.6,44.1,64.7,36.4,7.17,163.7,100.0,3,1957.0,225.6,2471,157,88.8,151,None,None,0,Low
IT-FRW-002,Firewall,Network Room,Fortinet FortiOS,2023-01-26,Night,2.2,45.5,38.1,28.4,39.6,2.62,71.4,96.8,0,2520.0,223.0,6214,158,93.2,108,None,None,0,Low
IT-STR-001,Storage Device,Data Center,N/A,2023-11-28,Night,4.8,26.7,23.6,80.9,35.5,13.16,96.1,89.4,4,1736.0,224.3,7129,179,85.1,125,None,None,0,Low
IT-FRW-001,Firewall,Network Room,pfSense,2021-12-24,Night,1.5,39.0,42.4,19.4,40.1,2.15,72.3,95.6,1,2629.0,221.4,4687,171,90.4,52,None,None,0,Low
IT-SRV-003,Server,Data Center,Windows Server 2019,2022-01-28,Morning,4.1,49.7,44.0,62.5,43.0,192.15,393.6,94.7,17,3327.0,226.0,1684,360,47.5,1,Network Interface,Network Outage,1,Critical
IT-UPS-001,UPS,Power Room,N/A,2023-03-30,Afternoon,4.3,6.8,15.7,14.4,38.0,159.78,591.4,100.0,12,1937.0,211.3,6765,161,74.9,4,Network Interface,Network Outage,1,Critical
IT-RTR-003,Router,Network Room,Cisco IOS,2022-02-11,Morning,6.8,54.7,43.1,39.1,38.4,3.55,56.5,98.6,1,2549.0,222.0,673,292,78.3,119,None,None,0,Medium
IT-SRV-004,Server,Data Center,Red Hat Linux,2021-12-24,Morning,2.3,61.8,29.1,63.4,37.9,8.0,310.7,90.5,1,2982.0,217.4,2270,3,98.5,174,None,None,0,Low
IT-WRK-004,Workstation,Office,Windows 10,2023-02-27,Night,4.5,45.5,52.4,70.0,42.1,7.49,130.6,85.1,2,1789.0,211.8,4383,301,75.9,91,None,None,0,Medium
IT-FRW-002,Firewall,Network Room,Fortinet FortiOS,2022-07-31,Morning,2.1,17.7,48.3,23.5,37.0,3.81,76.6,98.9,0,2740.0,223.1,8640,343,74.7,56,None,None,0,Medium
IT-SRV-004,Server,Data Center,Ubuntu 22.04,2022-12-08,Afternoon,8.0,45.2,40.5,54.0,36.2,4.0,394.0,100.0,1,3089.0,217.1,1250,37,98.5,85,None,None,0,Low
IT-STR-002,Storage Device,Data Center,N/A,2023-07-22,Morning,7.8,18.8,32.2,47.4,37.3,16.93,90.6,95.7,1,1946.0,224.5,2001,272,80.3,49,None,None,0,Medium
IT-SRV-001,Server,Data Center,Red Hat Linux,2022-04-28,Afternoon,1.8,58.5,59.5,72.3,44.9,4.95,377.2,98.3,20,3170.0,215.5,2683,193,59.7,7,Hard Disk,Disk Failure,1,Critical
IT-RTR-001,Router,Network Room,Cisco IOS,2022-02-15,Afternoon,7.8,19.6,35.1,59.2,58.8,3.42,74.6,97.5,10,2393.0,226.0,5193,225,68.5,1,Hard Disk,Disk Failure,1,Critical
IT-SWT-001,Switch,Network Room,Cisco IOS,2023-10-02,Night,2.5,41.4,48.4,31.0,40.4,3.07,98.4,94.9,5,2519.0,224.0,8070,286,72.9,127,None,None,0,Medium
IT-SRV-005,Server,Data Center,Ubuntu 22.04,2021-11-01,Night,7.5,17.6,44.5,40.6,43.3,5.9,359.3,92.9,2,3262.0,220.0,5254,67,97.0,65,None,None,0,Low
IT-RTR-001,Router,Network Room,Juniper JunOS,2023-01-28,Night,0.7,44.1,27.3,25.9,34.0,2.88,55.8,94.7,2,2523.0,220.8,1360,313,74.7,123,None,None,0,Medium
IT-RTR-003,Router,Network Room,Cisco IOS,2023-06-26,Afternoon,0.5,49.8,47.9,36.0,52.4,3.66,93.1,96.2,0,2301.0,218.2,6058,314,77.6,96,None,None,0,Medium
IT-WRK-004,Workstation,Office,Ubuntu 20.04,2021-06-11,Morning,8.0,40.9,51.5,62.8,29.3,7.91,106.7,82.8,2,2457.0,217.9,5762,314,74.6,116,None,None,0,Medium
IT-WRK-004,Workstation,Office,Ubuntu 20.04,2021-04-17,Afternoon,1.9,66.0,73.3,44.9,32.5,7.11,142.2,98.9,5,2220.0,219.5,6938,287,72.8,93,None,None,0,Medium
IT-RTR-002,Router,Network Room,Juniper JunOS,2021-12-09,Night,0.9,81.2,56.6,34.8,64.2,3.28,86.1,97.2,32,2103.0,222.7,3360,233,24.8,2,CPU/RAM,Server Crash,1,Critical
IT-SRV-003,Server,Data Center,Windows Server 2022,2021-12-08,Afternoon,1.1,29.1,100.0,38.8,47.7,1.59,300.3,90.3,2,3198.0,220.8,5545,302,67.3,127,None,None,0,Medium
IT-WRK-004,Workstation,Office,Ubuntu 20.04,2022-05-26,Morning,4.0,11.4,45.4,62.6,45.0,9.44,154.1,69.8,0,1850.0,216.1,2766,39,100.0,70,None,None,0,Low
IT-SWT-002,Switch,Network Room,HP ProCurve,2022-06-02,Morning,6.5,29.4,48.6,27.8,41.4,1.78,88.5,97.9,2,2381.0,216.4,3527,276,78.4,177,None,None,0,Medium
IT-PRT-002,Printer,Office,N/A,2021-12-17,Night,7.0,13.2,29.8,71.0,38.5,4.47,82.8,90.1,4,1871.0,219.2,8177,215,81.5,86,None,None,0,Medium
IT-SWT-002,Switch,Network Room,Cisco IOS,2022-04-20,Afternoon,5.8,50.0,57.5,29.0,45.9,1.5,76.0,96.6,0,2504.0,217.0,7044,72,100.0,116,None,None,0,Low
IT-SRV-002,Server,Data Center,Red Hat Linux,2023-07-09,Afternoon,2.8,43.7,72.6,45.2,49.6,6.48,352.7,98.0,1,3106.0,222.1,8548,124,95.1,125,None,None,0,Low
IT-SWT-003,Switch,Network Room,HP ProCurve,2021-11-24,Morning,2.2,37.9,58.1,30.7,38.0,2.9,66.8,96.6,2,2640.0,221.1,2274,305,75.5,114,None,None,0,Medium
IT-UPS-002,UPS,Power Room,N/A,2022-04-30,Afternoon,0.8,8.9,23.2,12.7,30.1,1.1,351.3,93.0,2,1942.0,229.5,2067,338,72.2,121,None,None,0,Medium
IT-FRW-002,Firewall,Network Room,pfSense,2022-07-09,Morning,2.9,31.9,34.2,27.3,47.5,3.62,70.2,97.3,6,2566.0,218.5,2010,80,91.0,1,Motherboard,Hardware Failure,1,Critical
IT-WRK-001,Workstation,Office,Windows 11,2022-11-19,Night,3.8,28.0,64.3,28.8,50.0,7.02,129.4,80.4,3,2565.0,216.8,6209,224,82.1,160,None,None,0,Medium
IT-RTR-003,Router,Network Room,N/A,2021-02-16,Morning,7.8,35.4,42.3,7.9,35.1,2.94,68.1,100.0,2,2937.0,225.2,6465,313,74.7,57,None,None,0,Medium
IT-WRK-004,Workstation,Office,Ubuntu 20.04,2023-02-05,Afternoon,2.4,67.4,43.6,59.2,40.3,12.72,158.5,93.1,1,2318.0,218.0,7842,32,98.5,79,None,None,0,Low
IT-SRV-001,Server,Data Center,Red Hat Linux,2022-11-27,Night,5.8,33.6,56.0,49.3,36.7,4.16,315.4,99.8,2,3006.0,220.9,2345,322,73.8,159,None,None,0,Medium
IT-SWT-002,Switch,Network Room,N/A,2021-05-30,Morning,3.4,35.7,41.1,37.5,38.4,1.74,85.9,100.0,1,2528.0,219.2,5280,159,91.6,168,None,None,0,Low
IT-SRV-002,Server,Data Center,Red Hat Linux,2022-12-01,Afternoon,2.6,26.8,50.6,39.2,42.0,5.33,378.8,94.9,3,3362.0,220.6,8195,179,86.6,76,None,None,0,Low
IT-RTR-001,Router,Network Room,Cisco IOS,2021-12-28,Morning,3.4,26.7,26.2,20.1,33.4,4.49,51.4,95.5,1,2312.0,221.0,5431,343,73.2,67,None,None,0,Medium
IT-SRV-002,Server,Data Center,Windows Server 2019,2022-02-15,Night,4.5,59.0,57.9,51.9,44.3,4.76,369.7,89.0,4,2764.0,220.1,8566,129,90.1,169,None,None,0,Low
IT-UPS-003,UPS,Power Room,N/A,2022-05-11,Morning,2.2,12.7,19.6,18.4,29.4,1.81,583.5,72.1,2,2067.0,206.4,3652,72,97.0,51,None,None,0,Low
IT-RTR-002,Router,Network Room,Cisco IOS,2023-11-07,Morning,5.5,44.2,25.7,17.7,38.0,4.14,90.3,100.0,2,2558.0,220.5,4392,235,82.5,149,None,None,0,Medium
IT-RTR-002,Router,Network Room,N/A,2023-10-18,Night,5.2,45.7,54.0,34.9,47.4,3.42,68.2,98.2,0,2163.0,223.6,4950,252,83.8,123,None,None,0,Medium
IT-SWT-001,Switch,Network Room,N/A,2021-11-24,Afternoon,7.4,30.9,50.0,41.9,40.6,2.51,92.2,97.0,0,2397.0,220.9,2639,315,77.5,69,None,None,0,Medium
IT-UPS-002,UPS,Power Room,N/A,2022-07-12,Night,6.5,5.1,22.9,16.0,35.1,0.1,548.9,72.2,2,1936.0,225.3,7434,112,94.8,141,None,None,0,Low
IT-WRK-002,Workstation,Office,Windows 11,2023-02-20,Morning,1.7,39.4,59.4,70.2,40.9,9.8,175.9,79.3,2,2347.0,211.3,5779,211,84.9,130,None,None,0,Medium
IT-SRV-001,Server,Data Center,Ubuntu 22.04,2021-09-04,Afternoon,6.8,34.5,77.6,59.6,38.9,2.41,301.6,100.0,0,3287.0,219.0,5185,288,80.2,44,None,None,0,Medium
IT-SRV-004,Server,Data Center,Windows Server 2022,2023-09-12,Night,6.1,42.7,64.5,67.5,45.8,4.58,311.2,89.6,3,2897.0,215.2,5165,334,71.1,78,None,None,0,Medium
IT-SWT-003,Switch,Network Room,Cisco IOS,2023-10-28,Night,4.7,64.1,49.8,35.6,40.7,4.05,77.1,100.0,17,2293.0,224.7,2312,282,55.3,6,OS/Software,Software Crash,1,Critical
IT-SWT-002,Switch,Network Room,N/A,2021-12-14,Morning,3.0,57.9,37.8,19.1,43.8,2.34,70.3,100.0,14,2570.0,221.9,7897,114,76.6,7,Motherboard,Hardware Failure,1,Critical
IT-RTR-003,Router,Network Room,Juniper JunOS,2021-08-02,Morning,4.2,46.6,55.4,41.2,37.6,2.0,44.4,96.4,2,2597.0,228.0,3591,198,86.2,64,None,None,0,Medium
IT-SWT-003,Switch,Network Room,Cisco IOS,2021-12-17,Night,1.3,45.2,30.5,34.6,35.7,198.98,95.2,96.2,7,2334.0,222.0,3554,290,69.5,3,Network Interface,Network Outage,1,Critical
IT-WRK-002,Workstation,Office,Ubuntu 20.04,2023-09-01,Night,3.3,44.5,53.4,54.0,54.0,8.63,150.4,87.2,3,2314.0,223.3,233,233,81.2,170,None,None,0,Medium
IT-RTR-001,Router,Network Room,N/A,2021-12-21,Night,2.8,32.5,47.1,31.2,38.8,3.04,66.0,95.8,1,2366.0,219.8,7697,178,89.7,122,None,None,0,Low
IT-WRK-001,Workstation,Office,Windows 11,2022-02-02,Night,3.2,35.8,32.8,69.2,34.2,6.93,195.5,94.3,3,2324.0,222.5,2975,51,95.5,179,None,None,0,Low
IT-STR-002,Storage Device,Data Center,N/A,2021-04-28,Morning,6.3,12.2,27.4,25.2,35.4,13.66,118.3,85.7,1,1727.0,220.8,5095,292,78.3,179,None,None,0,Medium
IT-UPS-003,UPS,Power Room,N/A,2023-12-29,Morning,6.5,2.4,28.3,18.6,39.4,1.34,347.9,97.9,1,1934.0,220.7,7587,245,83.0,82,None,None,0,Medium
IT-UPS-001,UPS,Power Room,N/A,2023-12-24,Morning,7.2,9.4,19.1,16.6,31.4,1.23,496.4,89.9,1,2061.0,228.0,2472,294,78.1,157,None,None,0,Medium
IT-FRW-002,Firewall,Network Room,Cisco ASA,2022-03-12,Morning,5.8,31.9,36.7,23.7,41.8,2.79,82.4,98.7,1,2495.0,224.8,6088,126,94.9,79,None,None,0,Low
IT-SRV-001,Server,Data Center,Windows Server 2022,2022-11-20,Afternoon,1.1,5.0,66.9,64.9,48.4,2.99,436.9,98.5,3,2837.0,226.2,2577,207,83.8,94,None,None,0,Medium
IT-SRV-002,Server,Data Center,Ubuntu 22.04,2023-05-11,Night,5.8,48.2,75.1,35.7,50.3,6.91,388.3,97.0,4,2556.0,220.1,5053,94,93.6,164,None,None,0,Low
IT-SRV-005,Server,Data Center,Red Hat Linux,2023-12-01,Night,4.0,50.9,63.3,58.3,44.0,7.35,337.4,97.0,1,2957.0,216.6,3528,324,75.1,71,None,None,0,Medium
IT-RTR-002,Router,Network Room,Juniper JunOS,2021-12-12,Night,7.3,53.8,46.7,38.4,34.4,4.6,86.5,97.0,1,2565.0,225.3,6873,313,76.2,38,None,None,0,Medium
IT-STR-002,Storage Device,Data Center,N/A,2021-08-04,Morning,1.8,7.7,37.0,57.5,45.6,9.85,258.6,94.0,1,1714.0,167.6,6565,242,83.3,4,Power Supply,Power Failure,1,Critical
IT-SRV-002,Server,Data Center,Windows Server 2019,2021-10-26,Morning,2.7,39.2,76.2,70.9,50.9,4.81,403.7,95.8,5,2741.0,208.6,3352,316,69.9,4,Power Supply,Power Failure,1,Critical
IT-WRK-002,Workstation,Office,Windows 10,2021-09-02,Afternoon,7.0,5.2,54.9,81.0,42.3,8.16,172.4,68.2,27,2228.0,221.3,3335,97,58.8,1,Hard Disk,Disk Failure,1,Critical
IT-SWT-002,Switch,Network Room,N/A,2022-04-14,Morning,2.3,42.4,25.9,32.0,39.4,1.48,80.9,93.0,1,2493.0,224.3,4646,241,83.4,92,None,None,0,Medium
IT-RTR-003,Router,Network Room,Juniper JunOS,2022-06-24,Afternoon,3.0,37.6,33.8,36.2,34.9,3.65,79.0,97.9,4,2436.0,215.8,5380,310,72.0,149,None,None,0,Medium
IT-WRK-004,Workstation,Office,Windows 10,2023-02-22,Night,3.7,57.4,68.9,57.2,38.9,5.77,189.7,98.0,6,2130.0,219.5,4488,259,74.1,105,None,None,0,Medium
IT-FRW-001,Firewall,Network Room,pfSense,2023-10-13,Morning,6.9,39.6,56.8,23.6,36.8,4.4,101.7,98.3,0,2467.0,220.0,3709,314,77.6,59,None,None,0,Medium
IT-RTR-001,Router,Network Room,N/A,2021-08-08,Morning,1.2,41.0,41.9,13.8,40.2,2.41,71.8,99.2,1,2505.0,222.8,5266,8,98.5,174,None,None,0,Low
IT-WRK-001,Workstation,Office,Windows 11,2022-12-27,Afternoon,6.8,51.1,67.7,54.6,42.8,10.43,161.8,73.4,1,2028.0,214.4,399,120,95.5,171,None,None,0,Low
IT-FRW-001,Firewall,Network Room,Cisco ASA,2021-10-29,Afternoon,1.6,45.6,81.6,33.0,33.0,5.16,85.8,96.3,22,2298.0,218.8,8687,117,63.6,6,RAM,Memory Failure,1,Critical
IT-SRV-001,Server,Data Center,Windows Server 2022,2023-08-02,Morning,5.2,63.6,55.0,67.7,72.4,5.21,397.9,99.2,4,2579.0,218.2,7081,121,77.0,5,Cooling System,Overheating,1,Critical
IT-UPS-002,UPS,Power Room,N/A,2021-06-28,Morning,1.7,10.4,16.8,15.0,30.5,0.7,482.6,97.0,1,1970.0,219.0,1238,57,98.5,106,None,None,0,Low
IT-FRW-002,Firewall,Network Room,pfSense,2021-07-04,Night,2.7,33.4,45.3,44.4,35.5,3.27,80.8,96.8,0,2517.0,218.2,4329,187,90.3,38,None,None,0,Medium
IT-RTR-002,Router,Network Room,N/A,2022-10-22,Morning,1.4,19.7,24.1,33.3,30.0,1.85,77.9,97.5,2,2459.0,217.3,1189,297,76.3,141,None,None,0,Medium
IT-UPS-003,UPS,Power Room,N/A,2021-12-09,Morning,1.3,14.8,11.1,15.5,37.4,2.44,460.9,92.7,2,1809.0,225.9,7013,334,72.6,158,None,None,0,Medium
IT-SRV-004,Server,Data Center,Windows Server 2019,2021-03-01,Afternoon,6.2,42.6,45.7,33.7,43.3,4.3,419.6,87.5,1,2764.0,215.9,4149,231,84.4,128,None,None,0,Medium
IT-SRV-003,Server,Data Center,Red Hat Linux,2021-09-01,Morning,7.1,25.7,63.4,93.6,47.6,4.73,292.7,99.6,2,2983.0,218.9,4863,346,66.2,112,None,None,0,High
IT-SRV-004,Server,Data Center,Windows Server 2019,2021-02-14,Afternoon,6.7,33.3,46.9,50.4,39.9,3.42,384.4,98.2,3,2961.0,220.2,7257,180,86.5,144,None,None,0,Low
IT-STR-002,Storage Device,Data Center,N/A,2021-08-15,Afternoon,2.6,32.5,36.8,79.9,33.6,22.71,112.9,97.8,6,2269.0,219.3,6580,47,91.0,83,None,None,0,Low
IT-SWT-001,Switch,Network Room,N/A,2021-07-06,Morning,6.7,61.3,25.6,44.3,40.8,3.03,80.9,99.0,1,2544.0,223.6,5279,139,93.6,95,None,None,0,Low
IT-RTR-002,Router,Network Room,N/A,2023-10-27,Night,7.7,25.5,37.7,29.3,37.4,2.09,92.1,97.3,0,2278.0,220.6,7769,163,92.7,62,None,None,0,Low
IT-WRK-002,Workstation,Office,Windows 10,2021-03-02,Morning,5.8,41.2,58.8,52.4,50.7,9.98,171.5,74.5,10,2388.0,223.9,4362,107,83.3,7,Motherboard,Hardware Failure,1,Critical
IT-RTR-001,Router,Network Room,Cisco IOS,2022-04-24,Afternoon,1.1,44.3,32.0,43.9,31.7,1.88,85.1,100.0,0,2478.0,226.1,5366,150,94.0,64,None,None,0,Low
IT-PRT-001,Printer,Office,N/A,2022-06-20,Morning,5.8,24.4,31.6,95.6,29.5,5.71,91.2,93.1,0,1954.0,221.6,2038,353,67.4,84,None,None,0,High
IT-UPS-001,UPS,Power Room,N/A,2022-09-19,Morning,0.7,14.0,14.6,13.9,33.3,0.79,449.7,93.2,0,1956.0,219.9,4074,283,80.7,155,None,None,0,Medium
IT-SRV-003,Server,Data Center,Ubuntu 22.04,2022-12-27,Morning,1.4,30.6,58.6,40.4,43.6,6.78,380.3,90.5,2,2943.0,222.5,5843,148,91.2,116,None,None,0,Low
IT-SRV-001,Server,Data Center,Windows Server 2022,2023-05-22,Afternoon,1.3,56.8,49.9,70.5,49.8,9.33,268.9,88.0,14,2993.0,218.2,1203,126,75.4,5,Motherboard,Hardware Failure,1,Critical
IT-PRT-002,Printer,Office,N/A,2021-03-21,Afternoon,4.7,27.8,25.4,66.5,43.0,8.0,116.0,87.1,3,1652.0,217.9,1072,343,70.2,87,None,None,0,Medium
IT-FRW-001,Firewall,Network Room,Fortinet FortiOS,2021-03-29,Night,7.8,51.4,48.9,20.3,35.7,2.21,76.4,100.0,0,2434.0,214.4,8361,254,83.6,170,None,None,0,Medium
IT-SWT-003,Switch,Network Room,Cisco IOS,2021-04-16,Night,7.4,24.0,40.1,33.2,42.1,2.08,54.3,97.0,1,2442.0,223.0,1571,79,98.5,146,None,None,0,Low
IT-PRT-002,Printer,Office,N/A,2022-09-04,Afternoon,0.9,29.3,16.8,73.7,42.3,13.14,103.6,95.7,1,1877.0,217.9,3888,166,90.9,106,None,None,0,Low
IT-UPS-001,UPS,Power Room,N/A,2022-02-07,Night,3.3,9.9,24.5,11.1,25.9,1.3,496.6,96.7,2,1959.0,230.5,251,290,77.0,96,None,None,0,Medium
IT-SWT-002,Switch,Network Room,N/A,2022-04-18,Morning,7.2,30.3,28.3,19.6,23.2,2.04,51.4,98.2,2,2309.0,219.5,8742,66,97.0,108,None,None,0,Low
IT-WRK-004,Workstation,Office,Windows 11,2022-04-30,Night,2.8,17.6,36.0,70.1,34.6,7.92,144.6,77.4,3,1847.0,219.6,2470,84,95.5,92,None,None,0,Low
IT-UPS-001,UPS,Power Room,N/A,2021-12-07,Morning,7.6,7.5,21.1,11.6,33.1,1.28,584.9,97.2,0,1952.0,225.0,7165,46,100.0,47,None,None,0,Low
IT-RTR-002,Router,Network Room,N/A,2021-01-25,Night,5.0,54.7,44.0,38.7,72.5,2.91,64.2,97.6,1,1599.0,219.2,6236,155,78.0,6,Cooling System,Overheating,1,Critical
IT-STR-002,Storage Device,Data Center,N/A,2023-03-07,Morning,6.8,19.5,24.6,59.0,29.5,9.59,90.1,87.9,3,1749.0,214.5,5296,272,77.3,110,None,None,0,Medium
IT-SWT-003,Switch,Network Room,N/A,2021-12-18,Morning,2.6,40.6,40.4,44.0,37.5,2.05,79.7,98.2,4,2206.0,216.8,5842,257,77.3,152,None,None,0,Medium
IT-STR-001,Storage Device,Data Center,N/A,2023-12-26,Afternoon,1.4,27.3,42.8,61.9,37.1,8.42,220.9,97.3,0,1672.0,173.6,5522,296,79.4,4,Power Supply,Power Failure,1,Critical
IT-WRK-002,Workstation,Office,Ubuntu 20.04,2022-02-13,Morning,5.7,55.0,56.1,92.2,38.3,6.67,130.6,56.3,1,2210.0,229.2,8608,225,80.7,121,None,None,0,High
IT-WRK-002,Workstation,Office,Windows 11,2021-09-16,Night,1.3,26.6,93.9,82.5,32.6,6.34,132.3,84.3,3,2462.0,215.7,3082,324,66.5,146,None,None,0,Medium
IT-RTR-002,Router,Network Room,Cisco IOS,2021-02-06,Night,2.3,35.9,50.1,33.7,33.4,2.95,70.5,99.4,0,2419.0,221.1,8182,69,100.0,62,None,None,0,Low
IT-WRK-002,Workstation,Office,Windows 10,2023-04-29,Night,5.1,25.4,100.0,100.0,40.7,4.3,136.4,77.5,2,2550.0,219.0,8479,94,78.5,70,None,None,0,High
IT-SRV-004,Server,Data Center,Windows Server 2022,2023-05-01,Morning,7.5,47.0,53.9,70.3,37.4,5.3,348.2,98.3,1,2871.0,216.1,4965,137,93.8,136,None,None,0,Low
IT-SRV-003,Server,Data Center,Windows Server 2019,2021-02-07,Morning,5.8,21.6,71.8,41.6,44.9,3.19,403.6,90.3,1,2841.0,211.7,5265,135,94.0,139,None,None,0,Low
IT-SWT-002,Switch,Network Room,N/A,2021-03-24,Night,5.1,39.5,55.8,35.7,37.6,3.36,58.4,97.5,1,2510.0,223.6,1235,50,98.5,162,None,None,0,Low
IT-FRW-002,Firewall,Network Room,pfSense,2022-05-09,Night,2.4,49.2,23.2,31.3,42.5,2.38,91.1,98.3,1,2608.0,220.6,5328,118,95.7,87,None,None,0,Low
IT-SRV-005,Server,Data Center,Ubuntu 22.04,2021-04-14,Morning,1.6,14.0,58.3,38.2,44.7,5.88,383.0,98.0,0,3280.0,215.6,6469,291,79.9,52,None,None,0,Medium
IT-PRT-002,Printer,Office,N/A,2021-12-27,Afternoon,3.8,28.3,32.5,78.6,43.9,12.36,108.7,94.2,5,1985.0,214.6,712,150,86.5,73,None,None,0,Low
IT-STR-001,Storage Device,Data Center,N/A,2021-06-07,Morning,7.9,21.7,27.0,68.2,30.0,19.15,125.5,85.2,2,1750.0,224.5,5205,119,94.1,124,None,None,0,Low
IT-SRV-002,Server,Data Center,Ubuntu 22.04,2022-12-07,Morning,2.5,34.3,60.8,98.9,48.0,5.77,317.8,93.5,0,2775.0,211.3,6589,308,69.9,180,None,None,0,High
IT-SRV-003,Server,Data Center,Ubuntu 22.04,2022-02-12,Morning,3.1,57.0,58.7,67.2,33.7,5.07,263.5,94.5,1,3101.0,216.1,6276,128,94.7,34,None,None,0,Low
IT-SRV-002,Server,Data Center,Red Hat Linux,2021-11-28,Morning,6.0,49.2,73.1,71.9,40.2,4.8,481.5,98.3,4,2814.0,175.2,6980,259,77.1,2,Power Supply,Power Failure,1,Critical
IT-SWT-003,Switch,Network Room,Cisco IOS,2022-12-31,Night,0.8,42.2,46.1,32.3,54.1,3.47,98.0,96.9,8,2588.0,223.2,6140,247,72.3,0,Motherboard,Hardware Failure,1,Critical
IT-SWT-002,Switch,Network Room,N/A,2022-04-21,Afternoon,4.3,42.1,42.9,35.0,41.2,2.93,52.4,98.6,0,2643.0,218.8,4514,59,100.0,63,None,None,0,Low
IT-FRW-002,Firewall,Network Room,Cisco ASA,2022-06-08,Night,2.3,16.6,26.7,28.3,32.0,1.57,95.7,24.1,0,2156.0,190.8,1774,310,78.0,5,Battery,UPS Battery Failure,1,Critical
IT-SRV-005,Server,Data Center,Red Hat Linux,2021-01-05,Afternoon,5.2,55.3,78.7,51.3,31.2,3.86,326.6,86.2,2,3148.0,213.6,826,350,71.0,48,None,None,0,Medium
IT-WRK-004,Workstation,Office,Windows 11,2021-05-24,Night,5.8,38.2,60.6,68.3,42.6,9.79,262.7,74.6,2,2502.0,172.6,2572,245,81.5,1,Power Supply,Power Failure,1,Critical
IT-SRV-002,Server,Data Center,Red Hat Linux,2023-09-18,Afternoon,3.6,41.7,34.1,65.5,42.5,4.65,223.7,96.6,2,3099.0,213.9,6939,317,74.3,65,None,None,0,Medium
IT-SRV-005,Server,Data Center,Windows Server 2019,2023-03-15,Afternoon,2.5,38.8,84.0,45.7,41.4,6.71,300.9,95.8,2,3093.0,217.5,1710,341,70.3,33,None,None,0,Medium
IT-RTR-002,Router,Network Room,N/A,2023-04-29,Morning,6.6,37.4,42.6,38.2,41.5,2.68,68.3,98.4,1,2653.0,224.8,7002,253,82.2,148,None,None,0,Medium
IT-SWT-001,Switch,Network Room,N/A,2023-07-28,Night,4.7,29.8,24.7,40.9,43.7,2.41,73.4,96.6,1,2413.0,216.6,813,306,76.9,77,None,None,0,Medium
IT-STR-002,Storage Device,Data Center,N/A,2023-09-13,Night,6.8,23.0,33.9,87.9,28.7,8.6,81.4,85.6,0,1655.0,227.9,5396,335,73.7,44,None,None,0,Medium
IT-SRV-004,Server,Data Center,Windows Server 2019,2022-04-14,Afternoon,0.6,57.9,61.4,52.9,33.5,5.75,273.3,94.1,18,2714.0,218.7,8272,257,56.3,7,OS/Software,Software Crash,1,Critical
IT-RTR-001,Router,Network Room,Cisco IOS,2022-08-27,Night,4.8,33.2,43.9,21.9,32.7,3.55,84.3,100.0,0,2488.0,220.9,2321,156,93.4,121,None,None,0,Low
IT-WRK-001,Workstation,Office,Ubuntu 20.04,2023-11-26,Night,4.6,44.7,43.0,82.3,39.7,11.82,157.8,74.8,4,2539.0,221.8,4765,255,77.5,42,None,None,0,Medium
IT-RTR-003,Router,Network Room,Cisco IOS,2021-04-14,Morning,0.6,42.3,52.9,16.1,36.0,4.24,82.8,100.0,0,2510.0,219.6,7750,211,87.9,178,None,None,0,Medium
IT-WRK-003,Workstation,Office,Ubuntu 20.04,2021-06-30,Night,4.6,41.1,58.7,42.1,38.9,8.9,121.4,88.0,3,2345.0,219.3,1424,142,90.3,89,None,None,0,Low
IT-WRK-001,Workstation,Office,Windows 11,2022-03-17,Morning,0.5,81.1,97.6,82.2,62.0,8.59,162.2,90.0,28,2215.0,220.2,758,268,22.0,6,CPU/RAM,Server Crash,1,Critical
IT-PRT-001,Printer,Office,N/A,2021-01-15,Morning,6.6,48.2,24.9,61.7,68.4,12.62,97.9,83.1,0,1111.0,217.9,7547,196,78.7,4,Cooling System,Overheating,1,Critical
IT-RTR-002,Router,Network Room,Cisco IOS,2022-08-15,Morning,6.6,26.2,50.1,38.6,38.5,2.2,45.7,100.0,1,2606.0,220.5,2192,77,98.5,128,None,None,0,Low
IT-FRW-001,Firewall,Network Room,Fortinet FortiOS,2022-07-25,Night,4.6,32.1,55.3,37.7,33.2,5.39,71.1,98.6,2,2403.0,220.3,5897,352,70.8,72,None,None,0,Medium
IT-SWT-001,Switch,Network Room,HP ProCurve,2023-08-08,Afternoon,1.4,17.5,42.0,39.0,25.4,2.36,85.8,97.1,2,2320.0,217.7,1441,37,97.0,122,None,None,0,Low
IT-SWT-002,Switch,Network Room,N/A,2023-04-15,Morning,6.3,42.9,37.8,46.3,39.1,4.29,86.6,100.0,0,2409.0,222.7,6424,209,88.1,81,None,None,0,Medium
IT-RTR-002,Router,Network Room,Juniper JunOS,2022-09-07,Night,6.6,45.5,52.0,36.1,34.5,2.14,166.1,95.6,1,2425.0,195.5,4035,44,98.5,3,Power Supply,Power Failure,1,Critical
IT-PRT-001,Printer,Office,N/A,2022-03-15,Afternoon,2.6,16.6,33.4,86.2,33.9,14.07,119.0,92.5,3,1907.0,219.0,8101,10,94.8,80,None,None,0,Low
IT-PRT-001,Printer,Office,N/A,2022-03-13,Morning,1.1,26.7,29.2,79.3,36.3,9.3,124.8,97.4,2,1930.0,215.7,3560,101,95.9,151,None,None,0,Low
IT-UPS-003,UPS,Power Room,N/A,2021-06-02,Afternoon,3.8,11.5,10.7,12.9,30.1,0.84,599.1,98.5,0,2017.0,218.8,2481,5,100.0,72,None,None,0,Low
IT-FRW-002,Firewall,Network Room,Cisco ASA,2021-01-04,Afternoon,3.5,28.4,55.4,54.2,37.4,1.28,101.6,97.0,2,2351.0,220.9,7244,316,74.4,142,None,None,0,Medium
IT-PRT-002,Printer,Office,N/A,2021-01-27,Morning,7.6,17.9,42.6,61.7,45.7,5.58,100.0,86.8,0,1675.0,215.0,2214,117,97.3,152,None,None,0,Low
IT-WRK-003,Workstation,Office,Windows 11,2023-06-15,Morning,3.7,39.5,42.0,68.2,45.2,13.73,168.5,80.1,5,1797.0,225.6,3382,349,66.6,168,None,None,0,Medium
IT-WRK-004,Workstation,Office,Windows 11,2022-08-30,Morning,2.5,30.3,52.3,86.1,41.1,11.38,101.6,84.6,2,2280.0,216.1,4163,118,93.5,69,None,None,0,Low
IT-STR-002,Storage Device,Data Center,N/A,2022-05-15,Night,1.9,16.7,24.6,64.3,37.1,10.63,115.8,94.0,0,1660.0,212.2,511,172,91.8,122,None,None,0,Low
IT-SRV-005,Server,Data Center,Windows Server 2022,2023-08-07,Night,5.5,51.0,81.1,28.4,33.9,5.04,410.1,89.1,1,2961.0,222.1,6573,323,74.7,148,None,None,0,Medium
IT-RTR-002,Router,Network Room,N/A,2022-11-01,Night,6.8,33.5,50.9,35.4,50.5,3.26,84.5,97.2,2,2398.0,217.0,2200,199,86.1,177,None,None,0,Medium
IT-FRW-001,Firewall,Network Room,Fortinet FortiOS,2023-05-18,Night,1.9,18.3,35.0,20.5,33.9,2.03,71.4,97.2,0,2372.0,219.1,7778,35,100.0,134,None,None,0,Low
IT-RTR-001,Router,Network Room,Juniper JunOS,2022-05-03,Morning,1.9,25.2,49.8,34.3,39.9,2.84,65.8,99.0,1,2528.0,217.6,6385,55,98.5,67,None,None,0,Low
IT-SWT-001,Switch,Network Room,N/A,2023-09-20,Morning,4.6,50.1,33.9,24.5,35.7,2.76,71.6,96.4,0,2426.0,221.4,2909,138,95.2,146,None,None,0,Low
IT-UPS-001,UPS,Power Room,N/A,2021-05-10,Morning,5.9,7.6,20.7,18.9,27.6,1.54,788.3,79.2,0,2036.0,171.5,542,266,82.4,6,Power Supply,Power Failure,1,Critical
IT-WRK-003,Workstation,Office,Windows 10,2023-11-15,Morning,1.2,27.6,81.6,48.2,41.7,4.36,155.9,99.9,3,2516.0,221.6,1976,246,79.3,180,None,None,0,Medium
IT-SRV-004,Server,Data Center,Windows Server 2019,2023-01-15,Morning,7.6,26.2,67.3,45.0,44.8,5.51,324.7,91.4,1,3218.0,207.8,3920,227,84.8,45,None,None,0,Medium
IT-FRW-001,Firewall,Network Room,Cisco ASA,2022-04-27,Night,5.7,39.7,35.7,39.9,39.5,3.74,74.1,100.0,0,2067.0,218.5,5693,59,100.0,176,None,None,0,Low
IT-SRV-003,Server,Data Center,Red Hat Linux,2023-01-04,Morning,6.2,45.0,37.8,55.0,40.9,3.79,390.0,100.0,0,3072.0,219.4,296,192,89.8,144,None,None,0,Medium
IT-WRK-001,Workstation,Office,Windows 11,2022-08-24,Morning,5.9,38.4,100.0,67.4,40.3,12.98,116.4,98.2,2,2059.0,214.0,1466,224,72.5,92,None,None,0,Medium
IT-STR-002,Storage Device,Data Center,N/A,2022-09-13,Afternoon,1.2,27.3,24.4,100.0,30.0,10.22,135.2,88.6,0,1773.0,211.2,1940,122,87.5,179,None,None,0,High
IT-SRV-001,Server,Data Center,Red Hat Linux,2021-12-20,Afternoon,5.2,38.8,52.4,32.9,48.3,6.17,314.2,94.9,2,3086.0,227.5,4924,352,70.8,67,None,None,0,Medium
IT-SRV-004,Server,Data Center,Red Hat Linux,2023-03-30,Afternoon,1.3,56.9,64.6,58.0,35.8,4.9,257.9,91.0,2,2961.0,226.8,6005,183,87.7,46,None,None,0,Medium
IT-RTR-002,Router,Network Room,N/A,2022-11-24,Night,7.6,22.7,47.0,34.7,37.2,2.82,112.2,100.0,0,2594.0,218.1,3718,71,100.0,109,None,None,0,Low
IT-PRT-002,Printer,Office,N/A,2021-11-02,Morning,5.6,8.1,35.0,72.9,34.0,12.24,125.3,90.9,2,1582.0,218.8,7234,309,75.1,126,None,None,0,Medium
IT-UPS-002,UPS,Power Room,N/A,2023-07-23,Afternoon,3.9,5.2,24.6,20.9,31.5,1.02,509.3,90.6,2,2067.0,232.9,184,65,97.0,140,None,None,0,Low
IT-PRT-002,Printer,Office,N/A,2023-03-24,Afternoon,5.9,27.0,22.3,81.5,40.2,10.91,89.7,85.1,1,1754.0,225.8,4476,289,78.6,85,None,None,0,Medium
IT-SRV-005,Server,Data Center,Red Hat Linux,2022-05-09,Night,1.7,42.1,72.8,45.8,50.4,3.84,372.3,92.2,6,2955.0,218.2,2270,301,69.9,75,None,None,0,Medium
IT-FRW-002,Firewall,Network Room,pfSense,2022-04-26,Morning,1.1,29.8,45.8,37.1,38.6,4.2,86.2,99.3,0,2650.0,222.0,1168,18,100.0,112,None,None,0,Low
IT-RTR-002,Router,Network Room,Juniper JunOS,2023-10-30,Morning,5.6,24.0,40.1,14.0,37.0,2.74,80.1,96.8,1,2434.0,219.1,5175,85,98.5,42,None,None,0,Low
IT-WRK-004,Workstation,Office,Ubuntu 20.04,2021-10-13,Afternoon,0.6,85.1,60.6,69.3,29.1,10.17,152.7,81.9,7,2058.0,223.4,3056,135,77.4,129,None,None,0,High
IT-WRK-001,Workstation,Office,Ubuntu 20.04,2022-12-05,Night,5.0,36.2,27.1,71.4,41.6,6.66,53.0,93.0,3,1997.0,214.5,2228,165,88.0,49,None,None,0,Low
IT-RTR-003,Router,Network Room,Cisco IOS,2022-11-14,Afternoon,3.6,36.5,32.4,35.0,35.8,2.89,79.8,100.0,0,2253.0,218.4,5795,267,82.3,167,None,None,0,Medium
IT-PRT-002,Printer,Office,N/A,2021-01-28,Morning,1.0,10.9,35.0,28.9,30.0,10.05,130.0,97.2,2,1584.0,215.1,3725,308,75.2,176,None,None,0,Medium
IT-RTR-002,Router,Network Room,N/A,2023-05-10,Night,5.4,25.9,39.3,43.7,40.0,2.53,87.7,97.2,1,2446.0,219.8,3634,253,82.2,160,None,None,0,Medium
IT-RTR-003,Router,Network Room,N/A,2023-11-01,Night,5.4,34.2,49.0,12.6,34.3,3.94,59.2,92.6,0,2532.0,221.3,1301,15,100.0,151,None,None,0,Low
IT-STR-002,Storage Device,Data Center,N/A,2023-10-08,Afternoon,1.1,15.8,27.2,78.8,31.7,9.5,115.7,90.9,4,1879.0,228.4,2885,246,78.4,104,None,None,0,Medium
IT-RTR-003,Router,Network Room,N/A,2021-01-10,Morning,1.9,31.3,57.5,36.8,42.4,3.47,89.4,98.3,2,2663.0,217.6,3535,202,85.8,74,None,None,0,Medium
IT-UPS-003,UPS,Power Room,N/A,2021-09-26,Morning,5.2,4.5,23.2,19.3,28.2,1.61,427.3,89.1,0,2115.0,225.3,1689,34,100.0,118,None,None,0,Low
IT-SWT-001,Switch,Network Room,Cisco IOS,2023-12-24,Night,1.4,35.6,51.0,22.1,46.9,3.48,59.4,100.0,1,2627.0,223.6,3992,115,96.0,105,None,None,0,Low
IT-FRW-002,Firewall,Network Room,Fortinet FortiOS,2022-10-08,Afternoon,4.5,25.9,44.8,44.3,39.5,2.87,86.8,100.0,1,2519.0,219.6,7963,189,88.6,89,None,None,0,Medium
IT-SWT-003,Switch,Network Room,HP ProCurve,2023-04-11,Morning,5.2,20.0,32.5,44.6,40.2,4.86,100.0,99.1,1,2651.0,224.6,2084,42,98.5,124,None,None,0,Low
IT-FRW-002,Firewall,Network Room,Fortinet FortiOS,2022-12-17,Night,5.4,38.4,51.6,19.8,34.2,4.65,73.7,95.6,3,2485.0,222.7,4992,41,95.5,143,None,None,0,Low
IT-UPS-003,UPS,Power Room,N/A,2021-03-08,Night,6.9,7.6,13.7,20.5,27.7,1.14,281.8,99.3,2,1870.0,226.5,4102,310,75.0,113,None,None,0,Medium
IT-PRT-001,Printer,Office,N/A,2021-07-07,Morning,6.9,7.8,23.2,98.7,35.3,13.78,109.3,92.5,2,1623.0,211.4,8550,226,75.2,65,None,None,0,High
IT-STR-001,Storage Device,Data Center,N/A,2023-09-19,Night,1.5,15.1,34.3,67.3,39.0,13.21,96.7,94.2,1,1977.0,214.1,8183,94,98.1,117,None,None,0,Low
IT-PRT-001,Printer,Office,N/A,2023-02-21,Afternoon,5.5,19.4,51.6,60.5,37.4,12.23,106.4,97.1,1,1867.0,215.3,1307,77,98.5,40,None,None,0,Low
IT-STR-002,Storage Device,Data Center,N/A,2023-12-04,Afternoon,4.9,14.2,39.8,61.3,38.7,17.97,100.7,89.2,2,1999.0,222.3,3714,124,93.6,82,None,None,0,Low
IT-PRT-002,Printer,Office,N/A,2023-03-28,Night,3.4,17.1,27.7,59.2,41.6,15.68,96.1,91.1,1,1646.0,212.3,2870,345,73.0,159,None,None,0,Medium
IT-FRW-001,Firewall,Network Room,Fortinet FortiOS,2023-10-29,Night,1.6,51.0,43.9,30.6,35.4,4.24,110.2,99.8,3,2501.0,218.0,2513,160,88.5,61,None,None,0,Low
IT-UPS-002,UPS,Power Room,N/A,2021-06-17,Afternoon,1.1,50.4,49.1,11.1,29.0,1.13,446.7,78.6,24,1920.0,228.5,7586,271,45.9,5,OS/Software,Software Crash,1,Critical
IT-SWT-003,Switch,Network Room,N/A,2022-04-30,Afternoon,6.3,24.8,32.3,7.5,35.8,3.36,90.9,98.3,0,2504.0,220.1,8475,325,76.5,34,None,None,0,Medium
IT-SRV-001,Server,Data Center,Windows Server 2019,2022-03-17,Night,2.6,33.6,89.0,46.4,45.1,6.41,396.1,88.4,2,2866.0,225.6,7110,181,84.3,52,None,None,0,Medium
IT-SRV-001,Server,Data Center,Windows Server 2022,2023-08-01,Night,7.2,61.6,99.7,28.1,33.0,2.08,250.5,93.7,5,2952.0,224.3,6885,135,80.1,40,None,None,0,Low
IT-RTR-002,Router,Network Room,Juniper JunOS,2022-04-02,Night,5.7,44.2,43.7,43.9,39.7,1.66,97.0,98.4,0,2091.0,224.6,2570,77,100.0,168,None,None,0,Low
IT-WRK-002,Workstation,Office,Windows 11,2023-11-09,Morning,2.7,48.3,47.8,50.6,48.3,5.2,132.7,79.9,5,2128.0,211.2,6594,69,92.5,173,None,None,0,Low
IT-SRV-002,Server,Data Center,Ubuntu 22.04,2022-02-04,Night,6.9,58.5,47.2,54.6,46.7,7.24,363.2,92.4,2,3203.0,217.8,1216,299,76.1,47,None,None,0,Medium
IT-UPS-001,UPS,Power Room,N/A,2021-03-08,Night,4.9,2.1,22.1,16.7,25.8,1.44,580.9,80.3,2,1900.0,211.1,7318,185,87.5,74,None,None,0,Medium
IT-FRW-001,Firewall,Network Room,pfSense,2022-07-02,Morning,3.9,40.1,48.5,43.7,30.5,2.46,75.7,99.7,3,2152.0,219.8,4308,303,74.2,135,None,None,0,Medium
IT-UPS-002,UPS,Power Room,N/A,2022-03-06,Morning,7.4,11.4,23.7,17.3,26.1,0.5,533.1,91.5,1,2005.0,240.2,8681,43,98.5,176,None,None,0,Low
IT-RTR-001,Router,Network Room,Juniper JunOS,2022-08-02,Night,1.6,31.2,33.3,39.0,49.3,0.26,94.3,98.1,1,2186.0,220.8,3464,353,72.2,54,None,None,0,Medium
IT-SRV-003,Server,Data Center,Red Hat Linux,2022-04-29,Afternoon,4.9,25.6,85.9,43.1,41.8,0.1,413.1,96.7,1,2891.0,219.7,5453,309,74.2,121,None,None,0,Medium
IT-FRW-002,Firewall,Network Room,pfSense,2021-08-08,Night,7.1,37.9,25.5,40.0,38.9,3.1,54.8,99.2,2,2351.0,224.5,7650,3,97.0,86,None,None,0,Low
IT-PRT-002,Printer,Office,N/A,2023-02-16,Morning,3.1,18.6,45.3,55.2,34.5,11.39,112.2,87.1,1,1838.0,217.7,8330,128,94.7,124,None,None,0,Low
IT-RTR-001,Router,Network Room,Juniper JunOS,2023-11-26,Afternoon,3.3,31.0,52.0,34.9,35.2,4.46,95.7,98.4,2,2781.0,215.1,5803,23,97.0,75,None,None,0,Low
IT-WRK-004,Workstation,Office,Ubuntu 20.04,2023-05-21,Afternoon,1.8,51.7,59.8,61.2,44.0,6.22,216.7,76.8,4,2001.0,216.3,5183,270,76.0,62,None,None,0,Medium
IT-SRV-004,Server,Data Center,Ubuntu 22.04,2023-06-26,Afternoon,5.1,40.8,79.1,51.6,41.2,5.87,359.3,98.1,5,2894.0,225.1,6369,309,70.6,81,None,None,0,Medium
IT-SRV-001,Server,Data Center,Windows Server 2019,2021-10-19,Morning,5.0,42.8,55.8,70.2,42.9,7.01,400.2,96.9,2,2944.0,222.2,2342,139,92.1,112,None,None,0,Low
IT-STR-002,Storage Device,Data Center,N/A,2021-08-05,Morning,4.1,0.0,35.4,64.8,24.1,5.6,79.3,95.9,3,1842.0,220.4,6935,1,95.5,160,None,None,0,Low
IT-RTR-001,Router,Network Room,Cisco IOS,2021-01-21,Afternoon,1.8,75.2,78.2,23.2,68.3,3.83,71.0,99.0,15,2719.0,229.4,1647,353,37.9,1,CPU/RAM,Server Crash,1,Critical
IT-SRV-002,Server,Data Center,Red Hat Linux,2023-11-18,Night,0.7,42.6,52.7,45.0,38.8,6.39,412.9,90.6,2,3153.0,218.3,6612,298,76.2,101,None,None,0,Medium
IT-RTR-002,Router,Network Room,Juniper JunOS,2022-08-19,Morning,1.8,26.8,41.5,31.3,37.3,3.1,67.5,95.9,4,2722.0,216.4,4287,124,90.6,141,None,None,0,Low
IT-WRK-001,Workstation,Office,Windows 10,2023-03-24,Afternoon,6.5,69.4,9.2,69.8,37.0,5.45,151.3,76.2,2,2521.0,215.7,1597,153,90.7,72,None,None,0,Low
IT-SRV-002,Server,Data Center,Windows Server 2022,2021-09-09,Morning,7.5,30.0,46.7,53.4,45.6,2.36,444.9,95.2,2,2931.0,219.9,4062,256,80.4,74,None,None,0,Medium
IT-WRK-001,Workstation,Office,Ubuntu 20.04,2021-07-15,Afternoon,6.9,24.3,63.4,57.9,34.5,11.42,228.9,100.0,2,2469.0,224.6,7323,137,92.3,67,None,None,0,Low
IT-SRV-005,Server,Data Center,Windows Server 2022,2022-11-07,Afternoon,5.4,59.1,62.4,51.5,39.1,2.78,316.3,96.0,1,3264.0,218.9,5091,21,98.5,173,None,None,0,Low
IT-STR-002,Storage Device,Data Center,N/A,2023-10-13,Night,2.8,9.0,27.6,70.5,32.6,5.68,211.9,82.6,2,1757.0,189.1,5677,16,97.0,2,Power Supply,Power Failure,1,Critical
IT-WRK-004,Workstation,Office,Windows 11,2023-02-28,Night,1.9,39.4,49.4,79.1,42.9,8.81,141.2,85.7,2,1752.0,223.3,3086,112,94.8,169,None,None,0,Low
IT-STR-001,Storage Device,Data Center,N/A,2021-11-16,Afternoon,7.6,12.1,32.3,95.0,40.2,10.34,99.2,89.0,3,1820.0,211.6,5908,288,69.7,38,None,None,0,High
IT-PRT-001,Printer,Office,N/A,2022-12-06,Night,6.2,23.9,26.8,88.0,33.5,10.77,111.8,90.6,4,1914.0,222.8,7902,82,92.2,40,None,None,0,Low
IT-SRV-001,Server,Data Center,Red Hat Linux,2022-04-25,Afternoon,5.3,53.6,76.1,59.6,36.8,6.47,351.9,96.2,2,3140.0,218.7,3558,281,77.9,73,None,None,0,Medium
IT-PRT-001,Printer,Office,N/A,2023-08-01,Morning,4.5,26.3,38.2,80.7,29.4,11.7,113.6,97.1,0,1737.0,223.5,8655,93,99.7,120,None,None,0,Low
IT-UPS-002,UPS,Power Room,N/A,2022-09-29,Afternoon,2.0,15.8,22.0,13.2,31.6,0.1,363.4,75.8,6,2041.0,221.5,7341,136,86.4,55,None,None,0,Low
IT-WRK-002,Workstation,Office,Windows 11,2023-04-08,Night,1.0,30.1,70.0,58.2,39.4,9.92,159.4,71.3,2,2102.0,224.5,4306,163,89.7,101,None,None,0,Low
IT-SWT-002,Switch,Network Room,HP ProCurve,2021-09-21,Morning,6.6,34.0,28.7,28.4,43.7,4.51,98.2,98.5,2,2526.0,214.9,7729,114,94.6,30,None,None,0,Low
IT-SRV-005,Server,Data Center,Windows Server 2022,2022-02-24,Night,0.7,57.1,70.0,46.7,40.3,4.46,349.4,92.7,3,2854.0,216.0,504,46,95.5,123,None,None,0,Low
IT-SRV-003,Server,Data Center,Windows Server 2019,2022-12-18,Afternoon,2.6,16.4,52.2,49.6,45.2,5.36,335.4,91.9,0,3095.0,215.5,7546,360,73.0,155,None,None,0,Medium
IT-RTR-003,Router,Network Room,N/A,2023-07-12,Morning,3.4,21.0,61.0,37.1,29.6,3.79,94.6,96.1,1,2284.0,223.0,6405,266,80.9,99,None,None,0,Medium
IT-RTR-003,Router,Network Room,Cisco IOS,2021-02-28,Morning,7.3,42.6,52.6,31.1,44.9,1.82,71.3,98.7,0,2839.0,221.4,8034,177,91.3,111,None,None,0,Low
IT-WRK-001,Workstation,Office,Ubuntu 20.04,2023-04-09,Afternoon,1.6,18.9,29.4,81.5,40.5,4.89,136.6,74.5,2,2358.0,223.1,2896,340,72.0,172,None,None,0,Medium
IT-SRV-005,Server,Data Center,Windows Server 2022,2021-06-15,Night,0.9,72.2,83.6,73.9,48.4,5.59,411.2,97.5,38,2655.0,215.8,159,322,17.3,7,OS/Software,Software Crash,1,Critical
IT-SRV-001,Server,Data Center,Windows Server 2022,2021-11-24,Night,3.4,45.2,53.6,34.0,52.5,8.67,252.2,93.0,0,3047.0,214.1,7287,179,91.1,66,None,None,0,Low
IT-SRV-004,Server,Data Center,Red Hat Linux,2023-01-09,Morning,3.4,42.5,40.6,50.4,44.5,3.11,462.6,91.5,1,3260.0,219.8,3510,224,85.1,107,None,None,0,Medium
IT-UPS-003,UPS,Power Room,N/A,2021-03-10,Afternoon,4.0,13.1,22.8,8.5,32.5,0.19,481.4,100.0,2,1873.0,215.7,5133,174,88.6,39,None,None,0,Low
IT-SRV-004,Server,Data Center,Windows Server 2022,2022-01-18,Afternoon,4.6,65.0,45.8,27.3,44.1,5.85,306.3,100.0,1,3252.0,218.0,285,184,89.1,40,None,None,0,Medium
IT-WRK-002,Workstation,Office,Ubuntu 20.04,2023-08-07,Night,1.1,22.1,49.6,44.6,37.7,4.2,171.9,82.7,1,2544.0,220.7,5343,239,83.6,51,None,None,0,Medium
IT-SRV-003,Server,Data Center,Ubuntu 22.04,2021-12-17,Night,0.7,47.0,80.2,66.7,32.1,4.8,464.8,100.0,1,2941.0,222.9,2776,16,98.4,132,None,None,0,Low
IT-RTR-001,Router,Network Room,Cisco IOS,2021-01-11,Night,6.7,27.0,36.7,62.4,49.2,3.44,75.0,100.0,22,2631.0,221.2,799,224,53.6,5,Hard Disk,Disk Failure,1,Critical
IT-SWT-002,Switch,Network Room,N/A,2023-05-22,Afternoon,7.3,51.0,34.3,28.8,39.9,3.44,78.2,98.4,4,2308.0,218.6,5174,16,94.0,170,None,None,0,Low
IT-UPS-001,UPS,Power Room,N/A,2023-09-21,Afternoon,7.8,2.8,15.3,11.2,25.1,1.64,563.0,83.9,3,2015.0,220.5,5288,2,95.5,124,None,None,0,Low
IT-SRV-004,Server,Data Center,Windows Server 2022,2023-08-09,Morning,7.9,53.6,55.7,77.8,28.7,6.18,395.8,88.1,1,2609.0,228.2,4699,38,98.5,140,None,None,0,Low
IT-WRK-002,Workstation,Office,Windows 11,2023-05-09,Night,7.7,12.4,55.5,89.1,41.0,7.92,106.6,95.2,3,2298.0,215.7,8206,132,88.8,79,None,None,0,Low
IT-UPS-003,UPS,Power Room,N/A,2021-05-19,Afternoon,1.6,8.8,25.9,23.1,35.8,0.46,406.9,86.4,0,2158.0,217.9,3929,99,99.1,105,None,None,0,Low
IT-RTR-002,Router,Network Room,N/A,2023-12-05,Morning,2.8,43.2,39.8,44.9,33.1,3.53,107.5,100.0,1,2509.0,216.4,2580,62,98.5,97,None,None,0,Low
IT-WRK-003,Workstation,Office,Ubuntu 20.04,2022-02-26,Morning,2.9,40.8,72.5,80.1,36.7,9.59,193.3,75.0,3,2531.0,215.0,6897,316,72.9,62,None,None,0,Medium
IT-WRK-002,Workstation,Office,Windows 10,2023-08-08,Night,6.2,55.7,51.0,55.9,31.3,12.65,128.5,88.1,5,2491.0,218.5,314,114,90.1,139,None,None,0,Low
IT-STR-002,Storage Device,Data Center,N/A,2022-12-13,Morning,1.3,29.6,33.3,69.6,26.8,7.82,106.6,88.2,0,1895.0,220.5,3346,138,95.2,140,None,None,0,Low
IT-WRK-001,Workstation,Office,Ubuntu 20.04,2021-04-16,Night,1.8,41.2,62.0,89.7,34.3,10.92,185.3,29.3,0,2091.0,195.3,7473,162,90.0,2,Battery,UPS Battery Failure,1,Critical
IT-SRV-001,Server,Data Center,Windows Server 2019,2022-07-23,Afternoon,2.4,52.7,68.3,53.5,36.4,2.1,349.6,93.8,2,3080.0,215.5,3572,262,79.8,31,None,None,0,Medium
IT-UPS-002,UPS,Power Room,N/A,2022-06-21,Night,1.8,1.5,23.2,22.4,30.3,0.55,366.3,98.2,1,1910.0,210.8,4060,198,87.7,62,None,None,0,Medium
IT-PRT-002,Printer,Office,N/A,2021-07-23,Afternoon,5.9,0.7,47.7,56.3,34.3,10.01,103.3,94.0,1,1684.0,221.5,336,264,81.1,82,None,None,0,Medium
IT-SRV-001,Server,Data Center,Ubuntu 22.04,2023-02-19,Night,7.1,96.9,31.6,64.1,43.5,8.92,489.8,83.8,0,3249.0,221.6,5561,294,66.1,74,None,None,0,High
IT-STR-001,Storage Device,Data Center,N/A,2021-08-16,Morning,1.7,11.1,30.7,56.8,35.5,4.37,101.0,93.7,2,1776.0,219.2,5661,187,87.3,102,None,None,0,Medium
IT-SWT-002,Switch,Network Room,Cisco IOS,2022-12-09,Afternoon,1.7,38.0,38.2,46.6,39.3,4.17,74.6,100.0,0,2561.0,218.9,895,139,95.1,159,None,None,0,Low
IT-WRK-001,Workstation,Office,Windows 10,2022-08-12,Morning,2.5,15.1,47.7,75.4,37.9,11.22,193.6,80.3,3,2200.0,222.4,2105,260,78.5,110,None,None,0,Medium
IT-WRK-003,Workstation,Office,Ubuntu 20.04,2023-10-23,Afternoon,1.4,63.3,98.2,68.1,43.6,10.36,181.6,79.0,31,2263.0,214.5,6702,315,23.7,3,OS/Software,Software Crash,1,Critical
IT-SWT-001,Switch,Network Room,Cisco IOS,2022-07-03,Night,7.1,31.4,52.6,40.1,32.0,2.03,87.3,100.0,2,2461.0,226.7,645,343,71.7,151,None,None,0,Medium
IT-UPS-003,UPS,Power Room,N/A,2022-07-03,Afternoon,3.1,13.1,24.2,17.2,30.6,0.61,589.5,97.3,0,2049.0,225.7,3390,359,73.1,178,None,None,0,Medium
IT-PRT-002,Printer,Office,N/A,2021-03-18,Night,1.5,48.5,29.6,54.4,53.2,7.68,97.7,87.6,0,1170.0,221.7,5390,153,93.7,6,Cooling System,Overheating,1,Critical
IT-RTR-003,Router,Network Room,Cisco IOS,2021-09-09,Night,1.6,38.5,53.4,30.8,33.3,2.2,48.8,100.0,0,2564.0,219.9,7926,71,100.0,107,None,None,0,Low
IT-STR-001,Storage Device,Data Center,N/A,2023-02-18,Night,2.5,29.4,21.1,78.3,29.6,7.66,81.7,94.2,2,1791.0,217.0,4893,365,69.5,98,None,None,0,Medium
IT-RTR-001,Router,Network Room,Cisco IOS,2022-06-04,Afternoon,1.0,27.2,41.1,35.1,36.7,2.12,83.2,97.8,1,2375.0,223.9,3389,266,80.9,96,None,None,0,Medium
IT-SWT-001,Switch,Network Room,Cisco IOS,2023-04-12,Afternoon,5.8,29.3,36.6,16.0,39.5,3.21,74.3,94.7,3,2411.0,218.1,496,194,85.1,50,None,None,0,Medium
IT-RTR-003,Router,Network Room,N/A,2022-08-06,Night,1.7,55.5,37.2,41.0,30.4,3.05,75.0,46.9,2,2527.0,190.7,424,68,97.0,7,Battery,UPS Battery Failure,1,Critical
IT-RTR-003,Router,Network Room,N/A,2023-11-30,Night,3.2,39.3,23.2,38.2,44.5,3.55,91.7,21.8,1,2708.0,199.1,2988,274,80.1,3,Battery,UPS Battery Failure,1,Critical
IT-SRV-001,Server,Data Center,Windows Server 2022,2022-07-04,Afternoon,2.7,31.6,62.3,53.4,37.7,0.57,389.4,94.3,1,2973.0,220.5,5351,202,87.3,40,None,None,0,Medium
IT-RTR-001,Router,Network Room,N/A,2021-01-20,Night,2.6,51.7,32.4,22.0,34.9,0.92,89.7,99.5,1,2724.0,218.1,7098,89,98.5,45,None,None,0,Low
IT-SRV-002,Server,Data Center,Windows Server 2019,2023-05-02,Night,3.2,49.4,73.9,74.0,31.5,4.23,345.6,92.8,2,3143.0,219.1,3279,342,71.8,73,None,None,0,Medium
IT-PRT-001,Printer,Office,N/A,2023-10-27,Night,2.6,28.3,44.5,76.2,32.8,3.21,118.9,93.5,3,1860.0,227.3,3421,155,89.0,128,None,None,0,Low
IT-WRK-003,Workstation,Office,Ubuntu 20.04,2022-08-17,Night,6.6,47.3,57.5,42.2,40.0,12.1,128.7,93.6,4,2308.0,223.1,931,112,91.8,100,None,None,0,Low
IT-RTR-001,Router,Network Room,N/A,2022-06-28,Morning,3.7,28.9,36.0,49.2,35.0,2.53,75.3,99.8,0,2491.0,219.8,2019,157,93.3,55,None,None,0,Low
IT-WRK-003,Workstation,Office,Ubuntu 20.04,2022-04-15,Night,5.4,37.0,0.0,81.9,35.0,7.19,129.3,90.0,0,2141.0,216.3,7468,198,89.2,65,None,None,0,Medium
IT-SWT-001,Switch,Network Room,Cisco IOS,2021-02-06,Night,5.8,33.8,24.1,27.5,36.8,3.09,84.7,99.3,2,2569.0,218.3,8094,56,97.0,129,None,None,0,Low
IT-SRV-001,Server,Data Center,Ubuntu 22.04,2023-06-27,Morning,1.9,44.4,54.2,52.2,35.1,5.54,417.4,100.0,3,2861.0,223.9,7206,31,95.5,44,None,None,0,Low
IT-SWT-001,Switch,Network Room,Cisco IOS,2023-04-16,Morning,4.5,35.3,45.7,39.2,49.0,2.15,58.6,100.0,1,2491.0,219.7,8036,273,80.2,55,None,None,0,Medium
IT-FRW-002,Firewall,Network Room,Fortinet FortiOS,2023-10-28,Night,4.2,37.9,41.1,34.5,40.0,4.54,108.5,94.1,0,2733.0,222.2,8335,200,89.0,162,None,None,0,Medium
IT-STR-002,Storage Device,Data Center,N/A,2021-01-27,Morning,2.5,29.1,34.8,92.6,33.0,16.67,93.3,90.5,2,1640.0,223.5,839,308,70.6,102,None,None,0,High
IT-RTR-003,Router,Network Room,Cisco IOS,2023-10-28,Afternoon,7.0,45.7,39.3,39.8,37.1,1.66,85.0,100.0,0,2612.0,219.2,6971,270,82.0,104,None,None,0,Medium
IT-UPS-001,UPS,Power Room,N/A,2021-04-12,Afternoon,5.4,16.4,26.0,17.7,36.3,1.2,510.6,78.0,1,1965.0,221.0,6192,193,88.2,132,None,None,0,Medium
IT-STR-001,Storage Device,Data Center,N/A,2021-05-21,Afternoon,1.0,5.8,38.5,63.4,37.4,12.11,117.1,88.7,2,1852.0,218.0,5574,70,97.0,43,None,None,0,Low
IT-UPS-003,UPS,Power Room,N/A,2022-01-18,Afternoon,2.8,10.5,10.3,11.1,23.2,2.02,454.1,81.2,0,2084.0,216.2,1363,328,76.2,87,None,None,0,Medium
IT-WRK-001,Workstation,Office,Windows 10,2023-05-28,Afternoon,1.0,40.4,47.1,72.8,40.1,4.96,168.7,83.9,3,2171.0,214.9,4124,246,79.9,164,None,None,0,Medium
IT-SWT-003,Switch,Network Room,HP ProCurve,2022-03-07,Morning,3.7,39.7,46.5,54.3,47.9,0.17,75.0,100.0,23,2665.0,218.2,286,202,54.3,0,Hard Disk,Disk Failure,1,Critical
IT-STR-002,Storage Device,Data Center,N/A,2023-01-02,Morning,4.0,23.8,25.6,73.9,25.3,13.31,89.4,93.4,4,1834.0,221.8,8054,118,91.2,38,None,None,0,Low
IT-PRT-001,Printer,Office,N/A,2022-10-14,Afternoon,5.0,23.2,25.2,61.9,38.4,12.33,130.5,100.0,6,1834.0,217.3,7095,213,78.7,83,None,None,0,Medium
IT-SRV-001,Server,Data Center,Windows Server 2019,2022-02-19,Morning,2.7,52.7,83.2,67.4,44.2,6.67,404.5,93.5,0,3092.0,216.3,7304,114,96.3,64,None,None,0,Low
IT-UPS-002,UPS,Power Room,N/A,2022-04-21,Afternoon,6.2,18.2,26.0,10.8,29.6,1.0,548.8,92.4,0,2171.0,224.4,7527,186,90.4,38,None,None,0,Medium
IT-SRV-001,Server,Data Center,Windows Server 2022,2022-07-17,Night,7.5,29.2,50.8,54.6,38.3,6.04,311.6,96.1,2,2850.0,215.9,8539,49,97.0,103,None,None,0,Low
IT-SWT-003,Switch,Network Room,N/A,2021-05-06,Night,5.6,21.4,32.6,20.5,27.3,1.95,89.0,97.3,0,2695.0,217.4,207,146,94.4,126,None,None,0,Low
IT-STR-002,Storage Device,Data Center,N/A,2023-03-18,Morning,4.5,19.9,26.0,100.0,32.7,4.61,73.1,100.0,3,2231.0,221.7,2239,244,68.5,72,None,None,0,High
IT-FRW-001,Firewall,Network Room,Cisco ASA,2023-10-14,Night,3.4,30.1,25.1,39.6,35.6,3.35,91.5,96.2,2,2440.0,222.9,5177,262,79.8,146,None,None,0,Medium
IT-UPS-001,UPS,Power Room,N/A,2021-10-05,Afternoon,5.7,12.2,24.0,20.5,30.5,1.48,529.7,93.5,4,1993.0,216.8,5792,89,94.0,33,None,None,0,Low
IT-WRK-004,Workstation,Office,Ubuntu 20.04,2021-02-11,Morning,1.1,72.5,67.8,78.0,71.3,7.84,189.7,70.9,14,2159.0,225.3,4462,196,54.1,2,CPU/RAM,Server Crash,1,Critical
IT-WRK-003,Workstation,Office,Windows 10,2023-05-13,Night,6.4,43.2,23.3,46.4,41.7,9.19,190.5,86.9,1,2124.0,220.3,8628,258,81.7,112,None,None,0,Medium
IT-STR-002,Storage Device,Data Center,N/A,2023-12-16,Afternoon,4.8,15.9,40.7,86.2,36.7,12.57,100.5,89.7,2,1908.0,221.7,2041,88,96.3,75,None,None,0,Low
IT-SWT-003,Switch,Network Room,HP ProCurve,2022-10-25,Night,1.4,28.9,40.9,34.0,37.3,3.58,27.0,98.3,0,2593.0,224.8,1038,132,95.8,121,None,None,0,Low
IT-SWT-001,Switch,Network Room,Cisco IOS,2022-11-02,Night,2.2,28.1,51.8,10.6,36.2,3.47,54.8,99.2,0,2500.0,217.3,3087,284,80.6,92,None,None,0,Medium
IT-RTR-002,Router,Network Room,N/A,2023-12-18,Morning,7.0,17.4,40.9,28.5,42.8,2.74,93.2,100.0,1,2788.0,218.9,4390,57,98.5,76,None,None,0,Low
IT-STR-002,Storage Device,Data Center,N/A,2023-11-19,Morning,7.7,22.1,36.1,75.3,34.7,12.42,87.6,82.1,3,1708.0,214.6,6197,136,90.9,116,None,None,0,Low
IT-FRW-002,Firewall,Network Room,Cisco ASA,2022-08-29,Night,5.5,22.9,47.4,25.4,45.2,4.5,69.7,36.5,0,2458.0,200.2,4664,167,92.3,7,Battery,UPS Battery Failure,1,Critical
IT-FRW-001,Firewall,Network Room,pfSense,2022-08-18,Morning,2.7,46.1,40.5,20.0,38.2,1.29,74.2,100.0,1,2705.0,218.8,2015,210,86.5,38,None,None,0,Medium
IT-RTR-003,Router,Network Room,Cisco IOS,2023-06-25,Night,3.8,18.7,36.8,28.6,36.5,4.15,81.3,100.0,1,2600.0,219.8,7119,334,74.1,71,None,None,0,Medium
IT-WRK-002,Workstation,Office,Windows 10,2023-10-04,Afternoon,4.4,47.4,88.2,33.3,37.2,3.73,116.0,99.7,4,2392.0,222.7,4335,339,65.8,121,None,None,0,Medium
IT-SWT-003,Switch,Network Room,N/A,2023-12-13,Afternoon,4.4,56.4,44.6,28.0,32.6,2.55,111.1,97.2,0,2332.0,217.4,4946,243,84.7,86,None,None,0,Medium
IT-SWT-001,Switch,Network Room,Cisco IOS,2022-07-01,Morning,4.0,78.1,75.6,29.1,36.1,3.05,74.2,94.5,36,2531.0,228.8,7137,37,41.9,2,OS/Software,Software Crash,1,Critical
IT-RTR-002,Router,Network Room,Juniper JunOS,2021-03-03,Morning,3.2,25.6,46.3,38.7,39.1,3.29,63.8,96.7,1,2395.0,217.0,3511,232,84.3,89,None,None,0,Medium
IT-UPS-002,UPS,Power Room,N/A,2023-01-11,Night,2.5,15.7,25.1,21.0,32.0,1.5,624.0,92.0,1,1989.0,233.2,129,19,98.5,71,None,None,0,Low
IT-UPS-002,UPS,Power Room,N/A,2023-11-02,Night,3.7,16.6,24.7,12.5,36.9,0.75,505.0,100.0,0,1961.0,231.9,8744,234,85.6,138,None,None,0,Medium
IT-RTR-002,Router,Network Room,Cisco IOS,2023-10-27,Night,1.6,32.3,44.8,33.4,44.6,149.84,87.2,99.2,6,2536.0,221.6,6202,199,80.1,3,Network Interface,Network Outage,1,Critical
IT-RTR-002,Router,Network Room,N/A,2021-11-07,Night,2.7,57.3,44.1,40.1,40.6,1.58,71.4,98.7,1,2294.0,222.4,3682,318,75.7,87,None,None,0,Medium
IT-SWT-001,Switch,Network Room,HP ProCurve,2022-01-05,Night,8.0,31.0,37.1,27.1,37.0,2.19,79.3,96.3,0,2866.0,224.7,7989,340,75.0,149,None,None,0,Medium
IT-STR-001,Storage Device,Data Center,N/A,2023-08-20,Afternoon,6.9,36.4,34.3,54.6,31.8,9.43,98.0,90.5,2,1940.0,229.4,1772,237,82.3,38,None,None,0,Medium
IT-STR-001,Storage Device,Data Center,N/A,2022-09-27,Afternoon,7.1,13.2,18.1,72.6,30.6,15.75,98.8,100.0,0,1947.0,213.7,524,134,95.6,127,None,None,0,Low
IT-WRK-002,Workstation,Office,Ubuntu 20.04,2021-09-13,Afternoon,3.9,50.6,78.0,56.4,38.7,7.9,123.4,85.2,1,2369.0,216.8,3375,253,82.2,85,None,None,0,Medium
IT-STR-002,Storage Device,Data Center,N/A,2022-08-29,Night,4.0,18.0,45.9,88.2,36.6,13.34,100.2,95.2,1,1589.0,219.9,4668,253,80.3,131,None,None,0,Medium
IT-FRW-002,Firewall,Network Room,Fortinet FortiOS,2022-03-25,Morning,7.7,24.3,58.7,38.2,35.7,2.56,93.9,96.4,0,2710.0,219.0,2777,327,76.3,156,None,None,0,Medium
IT-SRV-003,Server,Data Center,Windows Server 2019,2021-05-07,Night,1.3,61.4,71.1,55.2,46.3,4.95,244.1,94.0,4,3160.0,225.2,4913,183,84.7,43,None,None,0,Medium
IT-STR-002,Storage Device,Data Center,N/A,2022-08-14,Afternoon,4.9,15.8,26.0,83.9,37.2,2.41,84.8,85.3,3,1674.0,218.0,642,127,91.8,90,None,None,0,Low
IT-PRT-002,Printer,Office,N/A,2023-02-18,Afternoon,2.2,18.2,24.4,67.4,44.5,16.62,120.9,79.6,2,1735.0,215.2,842,195,86.5,87,None,None,0,Medium
IT-FRW-001,Firewall,Network Room,Fortinet FortiOS,2023-07-28,Morning,7.7,33.6,50.9,27.7,27.8,4.53,70.9,100.0,1,2424.0,223.8,5119,160,91.5,64,None,None,0,Low
IT-SWT-003,Switch,Network Room,Cisco IOS,2021-11-10,Afternoon,3.2,44.2,34.5,26.0,43.0,4.6,96.7,100.0,1,2408.0,221.5,5939,144,93.1,78,None,None,0,Low
IT-FRW-001,Firewall,Network Room,Fortinet FortiOS,2021-10-29,Night,1.7,38.2,42.6,23.7,28.2,2.8,88.9,96.5,0,2440.0,223.1,8509,174,91.6,101,None,None,0,Low
IT-SRV-004,Server,Data Center,Ubuntu 22.04,2021-08-09,Morning,4.2,8.9,58.3,80.3,47.3,6.65,373.8,91.9,1,3334.0,225.3,6721,339,73.6,103,None,None,0,Medium
IT-FRW-002,Firewall,Network Room,pfSense,2021-11-28,Afternoon,2.5,18.8,40.8,45.3,37.9,3.07,66.8,99.5,0,2505.0,217.6,3763,103,98.7,170,None,None,0,Low
IT-SWT-003,Switch,Network Room,Cisco IOS,2022-10-21,Night,6.4,36.1,52.8,37.8,32.3,2.18,62.3,100.0,0,2837.0,220.6,7887,323,76.7,142,None,None,0,Medium
IT-SRV-004,Server,Data Center,Red Hat Linux,2021-02-19,Morning,4.4,46.1,57.9,61.8,25.8,9.36,388.6,100.0,2,3103.0,226.7,5849,338,72.2,154,None,None,0,Medium
IT-RTR-001,Router,Network Room,Juniper JunOS,2023-06-13,Morning,1.5,24.6,48.4,32.4,35.3,1.34,38.8,99.8,1,2564.0,214.8,3382,147,92.8,163,None,None,0,Low
IT-RTR-003,Router,Network Room,Cisco IOS,2021-09-11,Night,7.7,26.0,40.4,72.3,44.1,2.78,73.9,100.0,17,2585.0,217.9,793,311,52.4,3,Hard Disk,Disk Failure,1,Critical
IT-RTR-002,Router,Network Room,Juniper JunOS,2021-09-06,Night,7.6,22.6,32.7,32.5,34.9,4.06,83.6,96.9,1,2554.0,217.8,1435,252,82.3,41,None,None,0,Medium
IT-WRK-004,Workstation,Office,Ubuntu 20.04,2022-12-16,Afternoon,4.0,73.7,38.6,55.6,60.8,15.0,113.1,80.4,2,1359.0,224.9,4928,51,90.5,6,Cooling System,Overheating,1,Critical
IT-WRK-003,Workstation,Office,Windows 11,2021-10-11,Afternoon,1.2,37.5,72.6,70.0,31.6,7.82,189.0,85.7,2,2307.0,214.2,3329,213,84.7,133,None,None,0,Medium
IT-SRV-001,Server,Data Center,Red Hat Linux,2021-11-02,Night,3.9,49.0,61.1,39.2,37.2,5.27,327.1,97.3,1,2930.0,211.0,7343,247,82.8,59,None,None,0,Medium
IT-FRW-002,Firewall,Network Room,pfSense,2022-02-03,Afternoon,4.3,38.2,46.7,32.2,33.9,2.49,67.8,97.9,2,2359.0,222.9,770,19,97.0,180,None,None,0,Low
IT-WRK-001,Workstation,Office,Windows 10,2021-11-19,Night,7.1,0.0,59.6,75.8,30.5,10.05,143.3,89.6,7,1959.0,222.3,7748,101,88.4,49,None,None,0,Low
IT-SWT-003,Switch,Network Room,N/A,2022-11-14,Afternoon,1.5,44.6,36.5,31.5,38.2,4.8,92.2,98.7,1,2468.0,220.3,1821,147,92.8,134,None,None,0,Low
IT-WRK-003,Workstation,Office,Windows 11,2021-02-23,Afternoon,7.1,67.0,75.4,43.6,38.9,5.25,140.7,86.2,3,2084.0,213.4,5931,25,95.5,151,None,None,0,Low
IT-WRK-003,Workstation,Office,Ubuntu 20.04,2021-11-15,Afternoon,3.8,28.3,54.7,75.4,29.9,5.22,180.5,62.2,0,2011.0,222.7,4863,15,100.0,57,None,None,0,Low
IT-RTR-001,Router,Network Room,Cisco IOS,2023-11-28,Night,5.7,33.6,38.4,27.3,42.1,3.65,76.2,98.0,0,2633.0,222.1,455,335,75.5,95,None,None,0,Medium
IT-SRV-001,Server,Data Center,Ubuntu 22.04,2022-04-17,Night,5.5,41.6,60.1,43.1,39.4,3.02,367.2,88.8,1,3087.0,223.2,5055,102,97.3,157,None,None,0,Low
IT-SRV-005,Server,Data Center,Ubuntu 22.04,2021-01-08,Afternoon,4.1,33.2,59.4,48.5,38.7,4.99,321.6,98.0,2,2935.0,221.8,1536,17,97.0,168,None,None,0,Low
IT-WRK-002,Workstation,Office,Windows 11,2022-03-07,Morning,1.3,63.1,75.4,49.8,32.7,8.6,107.9,71.9,4,2032.0,214.4,7196,330,70.0,72,None,None,0,Medium
IT-RTR-001,Router,Network Room,Juniper JunOS,2021-12-05,Afternoon,2.4,44.6,38.5,23.8,37.1,3.26,64.1,100.0,1,2102.0,225.9,7594,287,78.8,113,None,None,0,Medium
IT-SWT-002,Switch,Network Room,Cisco IOS,2023-12-07,Morning,3.7,41.0,49.4,25.8,37.4,1.76,76.8,99.1,2,2847.0,220.8,7399,60,97.0,67,None,None,0,Low
IT-UPS-001,UPS,Power Room,N/A,2023-03-30,Night,0.8,8.4,19.7,18.8,32.0,104.66,424.7,91.7,16,1950.0,210.8,5713,134,71.6,7,Network Interface,Network Outage,1,Critical
IT-SRV-005,Server,Data Center,Windows Server 2019,2022-10-01,Night,3.3,69.3,46.8,73.3,28.2,4.01,371.9,96.3,4,3003.0,219.3,4932,353,67.7,134,None,None,0,Medium
IT-SRV-003,Server,Data Center,Red Hat Linux,2023-08-21,Afternoon,1.2,53.6,62.6,66.5,40.2,3.16,348.9,97.5,0,3017.0,215.0,8148,184,90.6,39,None,None,0,Medium
IT-SWT-003,Switch,Network Room,N/A,2023-10-09,Morning,4.9,31.0,32.5,34.2,42.8,3.4,100.3,99.3,2,2821.0,218.3,7423,273,78.7,160,None,None,0,Medium
IT-WRK-004,Workstation,Office,Windows 10,2021-08-30,Morning,2.9,25.6,75.7,49.8,29.7,172.04,161.3,82.9,9,1950.0,221.6,6892,155,80.0,0,Network Interface,Network Outage,1,Critical
IT-SRV-005,Server,Data Center,Red Hat Linux,2023-05-10,Afternoon,0.6,57.1,62.8,41.7,39.8,179.77,389.9,100.0,18,2732.0,221.3,3496,361,45.9,2,Network Interface,Network Outage,1,Critical
IT-WRK-001,Workstation,Office,Windows 11,2022-10-24,Afternoon,2.8,57.2,44.1,63.4,47.2,8.5,134.9,94.6,1,2273.0,217.2,2990,263,81.2,84,None,None,0,Medium
IT-RTR-002,Router,Network Room,N/A,2022-07-14,Afternoon,5.8,39.2,47.0,14.5,52.2,3.61,75.0,96.6,14,2456.0,221.1,6896,97,78.3,0,Motherboard,Hardware Failure,1,Critical
IT-SRV-003,Server,Data Center,Red Hat Linux,2023-03-24,Night,0.8,45.6,33.7,54.5,37.3,4.13,402.9,96.0,4,3233.0,219.4,6004,316,71.4,147,None,None,0,Medium
IT-FRW-001,Firewall,Network Room,Fortinet FortiOS,2021-05-04,Morning,3.1,26.4,32.8,40.5,31.9,4.66,100.5,97.2,2,2478.0,218.6,863,289,77.1,144,None,None,0,Medium
IT-SRV-001,Server,Data Center,Windows Server 2019,2021-01-13,Afternoon,3.6,50.9,38.9,36.8,56.5,7.66,354.5,92.8,2,2976.0,231.3,5436,329,71.9,38,None,None,0,Medium
IT-STR-001,Storage Device,Data Center,N/A,2022-05-31,Afternoon,6.0,24.6,47.6,75.2,40.4,10.7,86.5,94.9,8,1743.0,214.2,5320,133,83.7,41,None,None,0,Low
IT-RTR-002,Router,Network Room,N/A,2022-07-01,Morning,4.9,18.2,29.5,36.5,46.2,1.71,83.5,94.0,1,2600.0,220.1,513,93,98.2,151,None,None,0,Low
IT-UPS-001,UPS,Power Room,N/A,2022-06-05,Morning,3.8,6.8,15.1,19.9,29.0,0.1,496.0,85.2,5,2164.0,211.3,4669,30,92.5,161,None,None,0,Low
IT-FRW-002,Firewall,Network Room,Cisco ASA,2022-08-08,Night,2.3,43.8,43.5,30.7,43.9,2.96,79.8,97.9,0,2575.0,217.6,8073,100,99.0,88,None,None,0,Low
IT-FRW-001,Firewall,Network Room,Cisco ASA,2022-01-26,Night,7.4,32.9,44.8,35.5,48.2,1.7,63.0,100.0,2,2493.0,224.0,6549,103,95.7,172,None,None,0,Low
IT-PRT-002,Printer,Office,N/A,2023-06-14,Afternoon,7.2,29.3,14.1,72.2,36.6,14.16,88.4,98.3,3,1501.0,223.1,1760,159,88.6,68,None,None,0,Low
IT-WRK-002,Workstation,Office,Windows 10,2021-07-08,Afternoon,6.1,50.1,75.8,48.6,38.3,5.04,191.2,93.0,6,1872.0,225.5,4381,311,68.9,122,None,None,0,Medium
IT-SRV-005,Server,Data Center,Windows Server 2019,2022-12-15,Morning,3.0,28.7,67.7,39.1,42.8,7.96,389.5,92.8,2,3233.0,211.7,1140,131,92.9,92,None,None,0,Low
IT-UPS-001,UPS,Power Room,N/A,2023-09-27,Night,5.4,7.7,14.7,3.1,20.3,1.18,562.9,85.5,3,1984.0,238.3,1206,259,78.6,66,None,None,0,Medium
IT-UPS-002,UPS,Power Room,N/A,2023-03-19,Morning,2.6,8.1,13.3,17.1,30.6,1.25,449.5,84.5,1,2047.0,240.5,2079,88,98.5,48,None,None,0,Low
IT-SRV-004,Server,Data Center,Windows Server 2022,2022-07-07,Night,3.4,88.5,34.7,60.3,46.4,4.99,391.6,97.4,6,3125.0,213.7,4687,184,72.3,133,None,None,0,High
IT-SRV-005,Server,Data Center,Ubuntu 22.04,2022-05-23,Afternoon,3.0,38.4,46.6,62.9,40.4,2.58,326.6,95.5,2,3259.0,224.1,2775,328,73.2,155,None,None,0,Medium
IT-WRK-002,Workstation,Office,Windows 10,2023-03-06,Morning,1.5,9.7,38.7,69.8,26.7,5.44,180.2,92.8,4,2370.0,224.1,1686,365,66.5,111,None,None,0,Medium
IT-RTR-001,Router,Network Room,Juniper JunOS,2022-03-24,Night,5.0,40.0,33.0,19.1,35.9,4.25,86.7,97.0,1,2739.0,224.0,4420,100,97.5,40,None,None,0,Low
IT-UPS-002,UPS,Power Room,N/A,2023-12-20,Night,2.9,14.8,3.9,18.3,37.3,0.48,530.2,97.3,0,1941.0,212.6,2492,269,82.1,53,None,None,0,Medium
IT-SWT-002,Switch,Network Room,N/A,2021-09-06,Afternoon,7.9,37.9,52.5,16.8,38.8,2.26,99.0,96.9,1,2477.0,224.2,8747,274,80.1,163,None,None,0,Medium
IT-SWT-003,Switch,Network Room,Cisco IOS,2021-11-02,Night,5.2,31.4,52.6,13.0,41.7,3.15,45.6,99.2,0,2419.0,220.6,7524,16,100.0,41,None,None,0,Low
IT-UPS-001,UPS,Power Room,N/A,2022-07-31,Morning,0.9,3.3,23.7,11.6,31.5,0.69,388.9,89.0,4,2136.0,214.7,5919,163,86.7,109,None,None,0,Low
IT-SRV-002,Server,Data Center,Windows Server 2022,2022-07-05,Afternoon,0.6,38.4,52.1,51.0,32.0,3.86,394.2,94.2,2,2802.0,193.4,5887,325,73.5,6,Power Supply,Power Failure,1,Critical
IT-FRW-001,Firewall,Network Room,pfSense,2023-06-23,Morning,7.4,42.0,44.8,23.2,35.2,96.08,89.1,96.7,19,2530.0,216.7,8387,252,55.3,6,Network Interface,Network Outage,1,Critical
IT-WRK-004,Workstation,Office,Windows 11,2023-09-06,Afternoon,3.8,25.7,7.2,91.2,45.2,12.06,161.8,96.5,1,2566.0,219.2,1465,48,94.8,107,None,None,0,High
IT-SWT-002,Switch,Network Room,Cisco IOS,2023-07-30,Morning,4.2,28.7,31.5,32.4,38.3,2.8,77.5,94.6,1,2388.0,212.5,4644,176,89.9,42,None,None,0,Low
IT-STR-001,Storage Device,Data Center,N/A,2022-06-13,Morning,4.2,16.6,34.7,63.8,39.9,10.69,72.9,91.3,0,1829.0,212.7,3687,140,95.0,95,None,None,0,Low
IT-SRV-005,Server,Data Center,Ubuntu 22.04,2022-06-15,Afternoon,6.4,14.6,59.7,85.0,63.4,6.61,285.5,94.7,18,2819.0,216.9,8463,182,57.1,2,Hard Disk,Disk Failure,1,Critical
IT-SRV-002,Server,Data Center,Ubuntu 22.04,2023-01-06,Afternoon,7.8,21.9,58.9,65.4,48.6,9.13,318.1,100.0,1,3209.0,215.1,7919,139,93.6,31,None,None,0,Low
IT-RTR-003,Router,Network Room,Cisco IOS,2021-10-09,Morning,6.8,29.5,58.5,23.7,44.5,3.31,75.9,100.0,1,2449.0,218.7,2176,225,85.0,119,None,None,0,Medium
IT-UPS-003,UPS,Power Room,N/A,2021-11-22,Night,5.7,10.9,18.9,17.0,28.1,59.18,458.2,86.0,6,2102.0,230.1,6981,170,83.0,1,Network Interface,Network Outage,1,Critical
IT-UPS-002,UPS,Power Room,N/A,2021-02-13,Afternoon,1.8,13.4,24.3,14.3,33.5,0.86,469.7,99.2,1,2058.0,214.8,6166,69,98.5,99,None,None,0,Low
IT-FRW-002,Firewall,Network Room,Fortinet FortiOS,2021-05-08,Afternoon,7.8,44.2,41.8,43.4,37.2,1.76,93.5,96.9,2,2560.0,226.2,4475,179,88.1,102,None,None,0,Low
IT-STR-001,Storage Device,Data Center,N/A,2023-05-20,Night,1.5,22.5,23.6,78.2,34.9,13.59,86.4,96.4,5,2013.0,219.6,5355,321,69.4,57,None,None,0,Medium
IT-WRK-002,Workstation,Office,Windows 11,2023-12-07,Afternoon,2.1,58.2,55.0,61.8,30.9,5.34,177.1,7.5,4,1944.0,207.9,3784,105,92.5,3,Battery,UPS Battery Failure,1,Critical
IT-RTR-002,Router,Network Room,Cisco IOS,2023-03-19,Night,3.5,25.3,41.7,30.2,27.8,3.18,90.7,100.0,0,2600.0,223.1,1130,62,100.0,129,None,None,0,Low
IT-FRW-002,Firewall,Network Room,Fortinet FortiOS,2021-02-16,Morning,4.2,30.9,42.1,30.5,32.8,3.15,65.6,93.8,4,2546.0,222.6,1038,152,87.8,176,None,None,0,Low
IT-WRK-004,Workstation,Office,Ubuntu 20.04,2021-06-03,Afternoon,5.5,34.5,50.8,81.6,32.0,7.39,110.8,92.4,3,1865.0,224.8,2196,327,71.8,129,None,None,0,Medium
IT-FRW-002,Firewall,Network Room,Cisco ASA,2021-01-21,Morning,5.2,34.6,24.9,39.6,39.5,3.13,84.5,98.1,1,2553.0,221.1,7274,303,77.2,70,None,None,0,Medium
IT-SRV-001,Server,Data Center,Windows Server 2019,2023-05-01,Afternoon,3.8,44.4,78.6,47.5,39.4,0.94,232.0,100.0,0,3206.0,212.6,335,294,79.6,117,None,None,0,Medium
IT-RTR-003,Router,Network Room,Cisco IOS,2023-04-04,Afternoon,6.6,60.1,32.8,12.9,35.5,3.87,80.8,95.6,0,2559.0,218.8,6116,195,89.5,72,None,None,0,Medium
IT-WRK-002,Workstation,Office,Windows 10,2023-09-19,Morning,6.6,17.4,65.7,66.9,35.6,1.98,128.7,84.7,4,2319.0,218.3,5269,240,79.0,81,None,None,0,Medium
IT-SRV-001,Server,Data Center,Windows Server 2022,2023-12-21,Afternoon,3.8,19.1,61.4,68.7,46.6,2.66,389.4,99.4,1,3468.0,220.0,6328,126,94.9,177,None,None,0,Low
IT-SWT-002,Switch,Network Room,N/A,2022-12-08,Afternoon,0.9,45.2,87.5,30.0,35.0,1.65,86.0,98.1,19,2485.0,228.4,2880,88,68.5,4,RAM,Memory Failure,1,Critical
IT-SWT-001,Switch,Network Room,Cisco IOS,2022-05-23,Morning,7.5,19.8,46.1,22.3,36.7,1.61,81.6,96.8,2,2623.0,221.9,8557,225,83.5,44,None,None,0,Medium
IT-WRK-003,Workstation,Office,Windows 10,2022-09-11,Night,5.4,27.3,45.0,77.7,40.8,13.14,111.7,77.5,2,2610.0,209.6,5801,364,69.6,123,None,None,0,Medium
IT-SRV-001,Server,Data Center,Windows Server 2019,2023-08-24,Morning,6.2,46.3,44.6,75.3,46.9,3.92,259.8,43.9,1,3014.0,191.9,7194,127,94.8,0,Battery,UPS Battery Failure,1,Critical
IT-FRW-001,Firewall,Network Room,pfSense,2023-12-07,Afternoon,6.6,35.9,34.4,34.8,31.7,3.38,58.8,94.0,0,2219.0,219.0,6821,73,100.0,131,None,None,0,Low
IT-PRT-001,Printer,Office,N/A,2022-01-29,Night,4.9,18.9,29.9,89.2,32.8,4.02,72.7,87.4,3,1569.0,214.9,8197,36,93.0,157,None,None,0,Low
IT-RTR-001,Router,Network Room,Cisco IOS,2021-08-15,Morning,4.8,42.1,31.1,47.5,35.7,3.35,76.1,100.0,1,2538.0,220.0,5005,288,78.7,98,None,None,0,Medium
IT-STR-002,Storage Device,Data Center,N/A,2021-01-28,Night,5.8,21.4,17.5,90.9,40.5,13.17,107.3,86.1,3,1904.0,223.6,8072,9,92.0,158,None,None,0,High
IT-SRV-004,Server,Data Center,Red Hat Linux,2023-09-13,Afternoon,7.4,41.2,81.7,49.3,41.8,6.91,362.8,95.9,2,2977.0,218.9,4626,93,96.0,128,None,None,0,Low
IT-SRV-005,Server,Data Center,Red Hat Linux,2022-03-07,Night,5.5,29.5,60.8,60.5,50.5,3.35,339.2,89.1,0,2947.0,215.1,1479,112,97.8,169,None,None,0,Low
IT-WRK-001,Workstation,Office,Ubuntu 20.04,2022-01-06,Night,5.2,40.5,30.9,40.8,35.4,5.0,218.2,77.9,4,2161.0,218.2,8585,333,69.7,44,None,None,0,Medium
IT-WRK-003,Workstation,Office,Ubuntu 20.04,2022-06-07,Night,0.8,41.0,58.1,72.5,45.0,9.59,99.7,98.2,0,1874.0,222.6,3892,93,99.7,148,None,None,0,Low
IT-SRV-004,Server,Data Center,Windows Server 2019,2021-08-07,Morning,5.3,0.0,68.1,58.9,31.3,5.02,327.2,98.2,0,2801.0,226.7,2499,148,94.2,103,None,None,0,Low
IT-WRK-004,Workstation,Office,Windows 11,2023-11-23,Morning,3.3,72.5,26.9,87.5,41.2,6.74,134.0,100.0,5,2325.0,215.0,994,258,72.9,155,None,None,0,Medium
IT-STR-001,Storage Device,Data Center,N/A,2022-04-11,Morning,4.4,27.8,36.3,63.9,38.4,8.35,115.5,96.5,2,1952.0,221.8,1881,314,74.6,172,None,None,0,Medium
IT-SWT-002,Switch,Network Room,Cisco IOS,2022-03-13,Afternoon,1.0,36.4,40.6,15.9,29.1,1.02,81.8,99.1,0,2480.0,220.0,5393,92,99.8,178,None,None,0,Low
IT-SRV-002,Server,Data Center,Red Hat Linux,2023-06-27,Afternoon,4.6,56.2,60.8,41.2,46.0,5.75,440.1,91.5,1,2741.0,217.6,1747,25,98.5,167,None,None,0,Low
IT-FRW-002,Firewall,Network Room,Cisco ASA,2023-11-21,Morning,0.8,47.4,44.1,33.9,37.5,2.02,75.0,99.0,0,2735.0,223.1,3252,301,78.9,121,None,None,0,Medium
IT-RTR-002,Router,Network Room,Cisco IOS,2021-04-16,Afternoon,5.6,34.9,38.7,23.8,36.9,3.99,46.4,95.3,1,2300.0,222.4,2945,9,98.5,87,None,None,0,Low
IT-WRK-004,Workstation,Office,Windows 10,2023-07-30,Afternoon,7.8,47.5,72.5,56.9,44.0,5.15,178.1,96.4,0,2333.0,218.8,7219,229,86.1,71,None,None,0,Medium
IT-RTR-002,Router,Network Room,Juniper JunOS,2021-04-22,Night,7.4,21.0,48.8,39.3,34.4,3.48,90.4,99.4,0,2466.0,219.5,6874,209,88.1,61,None,None,0,Medium
IT-RTR-003,Router,Network Room,Juniper JunOS,2023-02-04,Afternoon,7.0,31.0,64.0,24.0,33.5,3.02,102.4,99.4,1,2492.0,226.7,5507,244,83.1,58,None,None,0,Medium
IT-PRT-001,Printer,Office,N/A,2022-06-21,Morning,7.2,21.1,34.7,80.4,37.4,10.95,99.3,89.3,3,1715.0,222.5,8268,253,79.2,87,None,None,0,Medium
IT-SRV-004,Server,Data Center,Windows Server 2022,2023-02-23,Afternoon,4.2,57.9,67.2,59.9,49.4,0.29,272.4,100.0,1,2957.0,223.8,7588,307,76.8,107,None,None,0,Medium
IT-SRV-005,Server,Data Center,Windows Server 2019,2023-07-23,Morning,0.9,47.4,43.6,48.6,36.9,3.88,324.2,91.0,5,2924.0,216.6,5802,24,92.5,74,None,None,0,Low
IT-SWT-001,Switch,Network Room,Cisco IOS,2023-02-03,Morning,6.3,37.7,40.2,36.4,41.6,3.64,80.5,100.0,0,2594.0,219.8,2203,103,98.7,155,None,None,0,Low
IT-STR-002,Storage Device,Data Center,N/A,2021-12-19,Morning,2.3,22.6,34.0,84.5,26.0,19.0,53.1,90.1,2,1823.0,226.0,6627,199,86.1,70,None,None,0,Medium
IT-WRK-001,Workstation,Office,Windows 11,2022-03-03,Night,6.5,45.7,28.3,71.5,43.5,13.2,147.3,100.0,3,2221.0,225.7,5526,170,87.5,32,None,None,0,Low
IT-WRK-003,Workstation,Office,Windows 11,2023-11-25,Night,6.1,37.0,100.0,56.6,38.2,7.79,168.5,85.7,5,2291.0,219.3,7995,300,63.4,38,None,None,0,Medium
IT-WRK-004,Workstation,Office,Windows 11,2023-08-28,Afternoon,3.5,54.3,42.5,31.3,41.8,7.74,191.6,88.8,4,2475.0,218.5,5271,317,71.3,128,None,None,0,Medium
IT-SWT-003,Switch,Network Room,Cisco IOS,2021-11-30,Morning,3.2,35.7,40.1,27.9,32.2,1.59,80.2,96.9,0,2509.0,222.5,891,320,77.0,160,None,None,0,Medium
IT-RTR-003,Router,Network Room,Juniper JunOS,2023-04-06,Morning,5.4,40.7,42.8,28.7,43.4,3.77,94.4,96.7,0,2451.0,220.6,1322,99,99.1,168,None,None,0,Low
IT-WRK-003,Workstation,Office,Windows 11,2022-05-21,Morning,0.5,44.6,34.0,81.3,44.8,5.59,174.3,74.6,3,2216.0,223.4,7346,291,75.4,153,None,None,0,Medium
IT-PRT-001,Printer,Office,N/A,2021-10-25,Night,6.5,27.3,39.3,58.8,35.1,6.37,127.3,90.2,0,1840.0,220.6,2345,124,96.6,166,None,None,0,Low
IT-SRV-003,Server,Data Center,Ubuntu 22.04,2023-09-19,Afternoon,7.3,20.2,41.2,84.4,41.5,6.91,384.2,87.9,0,3025.0,216.0,2339,94,99.6,165,None,None,0,Low
IT-SRV-003,Server,Data Center,Windows Server 2022,2022-09-14,Night,4.5,33.1,50.6,77.3,51.4,9.02,299.4,97.7,17,2980.0,207.4,1355,167,66.8,1,Hard Disk,Disk Failure,1,Critical
IT-SRV-004,Server,Data Center,Windows Server 2022,2023-01-18,Night,3.3,46.1,68.0,75.0,41.2,138.74,226.4,85.7,19,3347.0,224.4,8740,115,69.0,2,Network Interface,Network Outage,1,Critical
IT-STR-002,Storage Device,Data Center,N/A,2023-10-22,Morning,7.7,26.2,25.0,99.2,37.8,14.26,69.6,87.3,0,1830.0,227.1,5494,259,74.6,60,None,None,0,High
IT-SWT-001,Switch,Network Room,HP ProCurve,2021-05-09,Night,1.3,17.5,14.2,20.3,40.5,4.81,59.9,97.6,1,2594.0,216.9,1986,34,98.5,158,None,None,0,Low
IT-RTR-003,Router,Network Room,Cisco IOS,2023-11-01,Morning,2.0,44.3,40.1,24.7,35.6,0.69,98.5,99.7,1,2433.0,221.5,163,267,80.8,129,None,None,0,Medium
IT-WRK-002,Workstation,Office,Windows 10,2023-04-25,Afternoon,5.5,35.5,87.3,99.1,42.3,13.99,148.3,100.0,2,1881.0,217.2,7469,365,58.1,176,None,None,0,High
IT-SRV-005,Server,Data Center,Red Hat Linux,2022-05-07,Morning,7.4,41.4,49.4,14.6,41.1,5.2,360.3,96.6,1,3162.0,214.1,1376,3,98.5,146,None,None,0,Low
IT-RTR-003,Router,Network Room,Cisco IOS,2023-05-29,Afternoon,6.2,32.7,42.5,34.0,45.8,2.24,76.8,97.0,11,2578.0,220.8,710,90,83.5,6,Motherboard,Hardware Failure,1,Critical
IT-FRW-001,Firewall,Network Room,pfSense,2022-10-11,Morning,7.6,26.2,38.5,21.2,44.0,3.9,86.7,98.3,3,2532.0,221.1,1665,224,82.1,47,None,None,0,Medium
IT-SWT-002,Switch,Network Room,HP ProCurve,2023-09-25,Morning,7.9,42.7,47.5,41.5,35.3,3.45,79.0,98.2,1,2541.0,217.3,1013,155,92.0,30,None,None,0,Low
IT-WRK-004,Workstation,Office,Windows 11,2023-12-10,Afternoon,1.4,61.5,61.9,63.4,34.6,7.89,169.8,71.9,3,2039.0,226.2,7520,88,95.5,47,None,None,0,Low
IT-WRK-004,Workstation,Office,Ubuntu 20.04,2023-01-18,Night,8.0,13.5,58.0,55.1,41.0,205.32,155.8,100.0,21,2328.0,225.1,2117,315,46.0,6,Network Interface,Network Outage,1,Critical
IT-RTR-003,Router,Network Room,Cisco IOS,2021-05-07,Afternoon,2.9,31.4,43.1,45.0,35.3,2.52,58.9,100.0,0,2615.0,226.2,5338,62,100.0,134,None,None,0,Low
IT-SWT-001,Switch,Network Room,N/A,2021-07-29,Night,1.0,43.2,25.4,21.4,37.8,2.35,89.9,95.3,1,2518.0,214.4,4518,136,93.9,178,None,None,0,Low
IT-WRK-001,Workstation,Office,Ubuntu 20.04,2021-02-28,Night,2.6,53.6,72.0,48.9,29.8,5.2,127.7,91.0,3,2492.0,216.8,5108,319,72.6,92,None,None,0,Medium
IT-WRK-004,Workstation,Office,Ubuntu 20.04,2022-02-27,Morning,6.4,36.1,64.0,45.0,35.1,5.34,141.5,81.4,3,2169.0,216.6,4211,274,77.1,50,None,None,0,Medium
IT-RTR-003,Router,Network Room,Cisco IOS,2021-07-09,Morning,4.8,34.3,31.4,20.4,42.5,2.12,101.1,99.9,0,2427.0,217.1,1614,219,87.1,175,None,None,0,Medium
IT-WRK-001,Workstation,Office,Ubuntu 20.04,2022-08-16,Afternoon,2.8,6.3,28.5,66.4,35.9,2.09,148.6,88.5,3,2014.0,223.1,3640,224,82.1,119,None,None,0,Medium
IT-FRW-001,Firewall,Network Room,pfSense,2021-09-20,Night,7.4,37.1,36.6,48.1,37.0,2.9,96.2,98.8,0,2310.0,216.4,8398,110,98.0,55,None,None,0,Low
IT-STR-002,Storage Device,Data Center,N/A,2023-02-21,Morning,2.2,21.9,24.3,70.5,38.9,10.83,84.0,86.5,2,1797.0,224.8,4076,331,72.9,162,None,None,0,Medium
IT-PRT-001,Printer,Office,N/A,2021-03-30,Morning,3.2,22.8,40.5,67.8,41.1,4.56,121.4,92.1,6,1937.0,217.1,2897,13,91.0,73,None,None,0,Low
IT-UPS-001,UPS,Power Room,N/A,2021-07-19,Night,2.0,17.3,18.5,17.8,37.5,146.85,565.2,89.3,14,2078.0,234.0,1049,135,74.5,5,Network Interface,Network Outage,1,Critical
IT-SRV-002,Server,Data Center,Red Hat Linux,2023-01-13,Afternoon,5.5,71.1,80.8,42.1,27.9,8.31,339.6,99.0,2,2784.0,223.4,6775,134,91.7,126,None,None,0,Low
IT-SRV-005,Server,Data Center,Red Hat Linux,2021-05-17,Afternoon,4.8,36.6,71.2,49.2,47.3,3.63,348.1,99.3,1,3048.0,216.5,2558,81,98.5,180,None,None,0,Low
IT-FRW-002,Firewall,Network Room,Fortinet FortiOS,2022-07-22,Morning,7.1,33.6,53.4,33.1,33.9,1.73,95.5,100.0,2,2502.0,221.7,7213,349,71.1,145,None,None,0,Medium
IT-FRW-001,Firewall,Network Room,pfSense,2021-01-14,Afternoon,1.5,27.2,25.7,3.4,41.5,1.74,172.3,99.3,1,2401.0,179.6,2376,58,98.5,4,Power Supply,Power Failure,1,Critical
IT-PRT-002,Printer,Office,N/A,2023-05-05,Night,7.8,12.3,34.2,76.2,36.5,10.2,84.7,91.6,1,1830.0,212.4,8087,258,81.7,48,None,None,0,Medium
IT-SWT-002,Switch,Network Room,HP ProCurve,2022-01-27,Afternoon,7.7,44.7,49.6,17.8,43.5,3.36,93.0,100.0,1,2711.0,216.1,1742,265,81.0,175,None,None,0,Medium
IT-SRV-002,Server,Data Center,Windows Server 2022,2023-08-22,Morning,5.0,59.8,42.6,64.5,48.0,2.63,243.4,88.6,25,3169.0,224.2,6397,360,35.5,0,Hard Disk,Disk Failure,1,Critical
IT-FRW-002,Firewall,Network Room,pfSense,2021-04-26,Morning,5.9,40.2,35.7,35.5,37.4,2.02,113.0,100.0,1,2444.0,220.7,6262,133,94.2,129,None,None,0,Low
IT-UPS-002,UPS,Power Room,N/A,2021-02-23,Afternoon,0.8,14.3,26.5,16.7,27.9,0.29,447.0,80.6,0,1972.0,220.6,2052,314,77.6,174,None,None,0,Medium
IT-UPS-002,UPS,Power Room,N/A,2022-12-17,Night,1.6,9.8,24.8,15.3,34.2,0.98,534.1,86.6,1,2012.0,208.1,4555,323,75.2,81,None,None,0,Medium
IT-STR-002,Storage Device,Data Center,N/A,2022-03-30,Night,7.7,30.5,44.0,47.0,33.7,5.34,84.0,95.9,2,2106.0,213.6,2184,363,69.7,122,None,None,0,Medium
IT-STR-001,Storage Device,Data Center,N/A,2021-10-27,Afternoon,7.3,38.6,35.4,92.0,32.8,5.67,107.7,95.5,6,1745.0,218.7,8652,198,76.0,53,None,None,0,High
IT-SWT-003,Switch,Network Room,Cisco IOS,2023-04-07,Morning,6.2,40.8,25.0,13.9,37.8,3.5,64.8,99.6,2,2508.0,217.9,1818,148,91.2,56,None,None,0,Low
IT-FRW-002,Firewall,Network Room,Fortinet FortiOS,2023-12-09,Morning,7.2,38.1,39.9,35.8,38.9,4.39,52.7,98.8,1,2850.0,215.5,2749,357,71.8,106,None,None,0,Medium
IT-STR-001,Storage Device,Data Center,N/A,2022-12-17,Night,1.6,11.6,23.5,72.6,32.4,13.72,98.5,92.3,0,1942.0,230.0,4562,256,83.4,138,None,None,0,Medium
IT-SWT-002,Switch,Network Room,N/A,2022-02-23,Night,6.4,46.6,42.1,38.8,34.1,3.52,89.6,97.9,1,2611.0,219.0,1273,303,77.2,63,None,None,0,Medium
IT-FRW-002,Firewall,Network Room,pfSense,2023-09-13,Night,3.8,32.0,32.1,25.5,39.9,3.43,78.4,97.4,1,2472.0,215.8,2324,148,92.7,91,None,None,0,Low
IT-SRV-001,Server,Data Center,Windows Server 2022,2021-09-28,Morning,1.9,20.8,55.7,74.1,39.2,7.82,409.9,90.1,2,2972.0,219.8,8687,31,97.0,97,None,None,0,Low
IT-UPS-001,UPS,Power Room,N/A,2022-08-29,Night,3.4,11.1,18.9,23.3,35.7,1.07,423.3,82.1,1,1991.0,203.3,5437,149,92.6,120,None,None,0,Low
IT-SWT-002,Switch,Network Room,Cisco IOS,2021-01-19,Afternoon,2.8,53.6,38.4,34.4,68.7,4.51,86.9,98.3,3,1758.0,222.0,1663,166,76.9,4,Cooling System,Overheating,1,Critical
IT-RTR-002,Router,Network Room,Juniper JunOS,2022-08-22,Night,3.3,24.1,65.8,26.5,28.0,2.06,67.1,97.5,15,2542.0,220.6,8041,326,53.9,2,RAM,Memory Failure,1,Critical
IT-SRV-003,Server,Data Center,Red Hat Linux,2022-09-18,Afternoon,7.5,34.8,68.3,45.4,41.5,3.47,349.4,89.0,0,2972.0,221.5,6054,206,88.4,113,None,None,0,Medium
IT-WRK-004,Workstation,Office,Windows 11,2022-02-08,Morning,3.7,62.4,36.7,88.5,35.0,69.87,73.9,79.9,16,2516.0,216.8,4682,261,56.8,5,Network Interface,Network Outage,1,Critical
IT-UPS-003,UPS,Power Room,N/A,2022-04-13,Morning,7.7,6.7,18.2,9.3,33.7,0.47,539.2,100.0,1,1882.0,215.0,7175,176,89.9,91,None,None,0,Low
IT-SWT-002,Switch,Network Room,N/A,2021-12-21,Morning,1.2,44.1,38.6,30.0,42.5,2.31,59.2,98.0,0,2468.0,218.8,8422,133,95.7,166,None,None,0,Low
IT-PRT-001,Printer,Office,N/A,2023-09-26,Afternoon,3.0,15.3,23.1,55.1,31.6,8.04,110.0,93.1,2,1941.0,225.2,7039,134,92.6,103,None,None,0,Low
IT-FRW-002,Firewall,Network Room,Cisco ASA,2022-07-04,Afternoon,2.5,27.9,51.4,16.9,41.3,3.04,73.5,94.3,0,2490.0,222.6,2001,98,99.2,48,None,None,0,Low
IT-FRW-001,Firewall,Network Room,pfSense,2022-08-30,Morning,5.4,17.5,38.8,27.2,40.8,3.73,100.6,95.7,1,2419.0,220.8,479,1,98.5,53,None,None,0,Low
IT-SRV-003,Server,Data Center,Ubuntu 22.04,2021-01-14,Morning,2.8,34.0,58.9,70.9,33.7,4.75,411.6,96.4,1,3095.0,219.4,3987,173,90.2,95,None,None,0,Low
IT-RTR-002,Router,Network Room,N/A,2022-08-31,Morning,2.1,41.6,32.2,42.1,44.3,3.41,85.0,97.4,1,2395.0,217.9,5671,152,92.3,30,None,None,0,Low
IT-SRV-005,Server,Data Center,Windows Server 2022,2022-09-16,Afternoon,7.7,67.6,14.4,47.5,44.3,6.52,359.5,93.3,2,2561.0,203.7,3931,20,97.0,134,None,None,0,Low
IT-RTR-003,Router,Network Room,Juniper JunOS,2022-09-11,Morning,5.0,18.8,41.9,23.1,37.2,2.08,97.3,99.9,1,2664.0,219.8,4266,109,96.6,70,None,None,0,Low
IT-FRW-001,Firewall,Network Room,Fortinet FortiOS,2021-08-22,Night,3.4,74.2,79.3,43.5,60.6,4.07,63.7,95.2,23,2583.0,217.8,1026,267,41.3,3,CPU/RAM,Server Crash,1,Critical
IT-PRT-002,Printer,Office,N/A,2023-03-02,Morning,1.9,29.6,33.9,92.2,35.1,10.31,88.5,100.0,1,2040.0,224.3,124,26,94.2,149,None,None,0,High
IT-SRV-001,Server,Data Center,Windows Server 2019,2023-04-29,Night,3.3,31.9,78.0,81.1,36.7,3.95,244.2,90.8,4,3009.0,210.1,8372,144,88.6,103,None,None,0,Low
IT-RTR-001,Router,Network Room,N/A,2022-02-10,Afternoon,3.8,14.2,34.2,32.5,44.0,2.57,80.8,36.8,0,2462.0,196.0,5611,112,97.8,1,Battery,UPS Battery Failure,1,Critical
IT-SRV-003,Server,Data Center,Windows Server 2019,2021-12-04,Morning,4.4,49.7,26.2,77.2,40.5,3.22,439.2,100.0,2,3178.0,220.4,2962,186,87.4,79,None,None,0,Medium
IT-SWT-001,Switch,Network Room,N/A,2023-10-16,Night,6.5,29.0,35.6,25.8,39.3,2.45,85.8,99.0,0,2272.0,217.1,2557,239,85.1,111,None,None,0,Medium
IT-UPS-003,UPS,Power Room,N/A,2023-08-05,Morning,6.5,6.9,20.7,8.5,25.5,1.65,599.4,94.6,2,1995.0,228.6,2701,72,97.0,75,None,None,0,Low
IT-PRT-002,Printer,Office,N/A,2023-07-04,Morning,4.6,17.6,15.6,43.3,33.3,9.92,124.9,83.7,2,1799.0,217.0,6341,235,82.5,57,None,None,0,Medium
IT-RTR-001,Router,Network Room,N/A,2021-10-25,Night,4.2,34.2,31.9,37.1,34.1,2.84,88.2,97.8,3,2490.0,219.1,5371,77,95.5,162,None,None,0,Low
IT-UPS-001,UPS,Power Room,N/A,2021-07-27,Night,7.0,8.9,20.6,10.7,29.7,0.79,498.7,100.0,0,2059.0,221.8,1579,194,89.6,54,None,None,0,Medium
IT-FRW-002,Firewall,Network Room,Fortinet FortiOS,2023-06-11,Morning,7.5,42.0,44.3,32.4,34.6,3.98,92.6,99.7,3,2515.0,220.0,158,93,95.2,40,None,None,0,Low
IT-SRV-005,Server,Data Center,Windows Server 2019,2023-10-24,Morning,4.9,54.8,42.0,57.2,49.2,2.38,306.9,100.0,2,3076.0,220.8,7201,86,97.0,61,None,None,0,Low
IT-UPS-002,UPS,Power Room,N/A,2022-03-23,Morning,5.3,16.9,14.9,10.6,27.2,0.38,460.4,88.6,0,1907.0,211.5,1152,358,73.2,118,None,None,0,Medium
IT-WRK-004,Workstation,Office,Windows 10,2022-12-24,Night,4.7,42.5,69.0,44.7,44.2,4.27,186.0,97.8,3,2381.0,211.8,2764,3,95.5,169,None,None,0,Low
IT-RTR-003,Router,Network Room,N/A,2023-03-23,Night,0.7,37.2,59.8,14.2,36.1,2.98,73.1,99.0,24,2497.0,216.3,2046,346,38.4,3,OS/Software,Software Crash,1,Critical
IT-WRK-003,Workstation,Office,Windows 11,2022-10-31,Morning,5.3,85.1,92.7,71.5,56.8,8.23,107.5,85.9,14,1972.0,216.8,7102,96,64.3,1,CPU/RAM,Server Crash,1,Critical
IT-STR-001,Storage Device,Data Center,N/A,2023-10-15,Afternoon,2.7,13.7,36.3,89.7,48.9,138.53,104.4,90.2,14,1878.0,225.2,1731,340,51.2,5,Network Interface,Network Outage,1,Critical
IT-WRK-004,Workstation,Office,Windows 10,2022-06-09,Night,5.6,40.5,62.5,65.9,33.3,7.03,192.9,80.2,4,2558.0,217.4,1288,21,94.0,35,None,None,0,Low
IT-UPS-002,UPS,Power Room,N/A,2021-01-31,Morning,3.3,0.0,22.4,12.2,36.0,0.88,554.0,90.6,1,2150.0,222.2,5425,180,89.5,166,None,None,0,Low
IT-SRV-002,Server,Data Center,Windows Server 2019,2022-02-21,Morning,4.9,82.6,87.7,75.7,59.8,3.36,377.3,96.5,30,3021.0,234.3,6422,170,33.8,1,CPU/RAM,Server Crash,1,Critical
IT-SWT-001,Switch,Network Room,N/A,2022-08-03,Afternoon,5.8,27.8,52.6,21.8,35.7,2.16,66.7,95.8,17,2493.0,219.0,4984,172,66.3,2,RAM,Memory Failure,1,Critical
IT-PRT-002,Printer,Office,N/A,2021-09-24,Afternoon,3.3,12.9,38.0,79.1,37.3,8.76,89.0,100.0,2,1793.0,214.4,3799,340,72.0,100,None,None,0,Medium
IT-SWT-001,Switch,Network Room,Cisco IOS,2022-03-02,Morning,4.8,34.4,25.3,20.8,35.3,2.71,64.7,98.4,1,2500.0,220.5,7098,243,83.2,147,None,None,0,Medium
IT-PRT-002,Printer,Office,N/A,2022-09-06,Afternoon,1.4,20.8,34.0,94.0,28.0,10.49,107.4,92.6,2,1798.0,210.8,2266,83,91.6,133,None,None,0,High
IT-PRT-002,Printer,Office,N/A,2022-06-28,Morning,3.6,28.2,28.5,95.7,35.9,5.94,96.4,90.6,8,1969.0,224.1,6910,285,62.1,38,None,None,0,High
IT-UPS-001,UPS,Power Room,N/A,2022-08-30,Afternoon,4.4,38.5,14.6,25.7,52.8,0.96,480.1,86.7,1,1358.0,229.2,2010,21,98.5,0,Cooling System,Overheating,1,Critical
IT-UPS-003,UPS,Power Room,N/A,2023-06-16,Afternoon,4.4,15.1,18.8,15.7,22.7,0.82,423.0,86.2,1,2075.0,219.6,136,52,98.5,127,None,None,0,Low
IT-SRV-003,Server,Data Center,Windows Server 2022,2021-08-26,Night,5.0,46.8,35.2,63.7,38.7,4.0,367.6,94.0,2,2999.0,221.5,7967,49,97.0,169,None,None,0,Low
IT-RTR-002,Router,Network Room,Cisco IOS,2021-07-19,Morning,4.8,40.0,25.0,38.9,42.9,2.67,92.9,97.3,0,2438.0,222.7,7710,44,100.0,103,None,None,0,Low
IT-SRV-003,Server,Data Center,Windows Server 2022,2022-08-10,Morning,5.0,46.9,44.1,16.7,54.3,4.34,354.5,100.0,0,2777.0,216.8,3079,277,81.3,40,None,None,0,Medium
IT-WRK-003,Workstation,Office,Ubuntu 20.04,2023-12-04,Afternoon,4.4,14.2,79.3,81.5,40.8,10.36,99.4,87.4,2,2124.0,218.6,5764,311,74.9,142,None,None,0,Medium
IT-SRV-005,Server,Data Center,Windows Server 2022,2021-04-29,Afternoon,6.4,53.4,75.5,56.2,50.1,4.92,365.7,83.8,4,2807.0,216.0,1754,67,94.0,54,None,None,0,Low
IT-FRW-001,Firewall,Network Room,Fortinet FortiOS,2022-08-07,Night,5.3,28.7,32.6,19.5,37.6,3.17,83.7,95.9,0,2557.0,217.6,4947,236,85.4,90,None,None,0,Medium
IT-SRV-002,Server,Data Center,Windows Server 2022,2022-06-17,Morning,1.9,41.9,65.9,52.6,45.4,1.82,290.3,46.2,1,3129.0,205.6,5775,308,76.7,5,Battery,UPS Battery Failure,1,Critical
IT-UPS-001,UPS,Power Room,N/A,2022-04-30,Afternoon,2.4,15.3,14.7,13.2,30.2,0.39,552.0,85.7,1,2100.0,227.4,7806,215,86.0,56,None,None,0,Medium
IT-SRV-005,Server,Data Center,Red Hat Linux,2023-03-15,Afternoon,3.7,59.7,51.2,41.1,40.7,5.98,389.2,95.3,1,2906.0,226.5,7191,90,98.5,102,None,None,0,Low
IT-STR-002,Storage Device,Data Center,N/A,2022-09-26,Afternoon,4.3,19.5,25.3,92.3,30.4,0.1,100.4,96.0,1,1583.0,214.2,4768,280,75.1,160,None,None,0,High
IT-WRK-001,Workstation,Office,Windows 11,2021-09-25,Night,7.8,6.3,72.2,62.7,46.5,6.72,150.6,74.6,1,2133.0,221.9,339,362,71.3,53,None,None,0,Medium
IT-SRV-002,Server,Data Center,Windows Server 2019,2023-12-10,Night,3.1,59.6,61.8,67.4,39.7,7.2,368.9,91.0,4,3071.0,222.5,305,104,92.6,121,None,None,0,Low
IT-RTR-003,Router,Network Room,Cisco IOS,2021-08-28,Night,7.1,33.7,62.0,48.6,34.6,2.88,72.9,99.2,17,2411.0,219.3,6160,184,65.1,4,RAM,Memory Failure,1,Critical
IT-RTR-002,Router,Network Room,Juniper JunOS,2023-12-25,Morning,3.6,37.7,35.7,31.8,27.7,3.48,70.0,100.0,1,2354.0,217.2,5140,92,98.3,179,None,None,0,Low
IT-FRW-001,Firewall,Network Room,Cisco ASA,2021-09-24,Morning,7.0,34.1,44.5,31.1,33.0,3.81,77.1,97.3,0,2256.0,216.9,4626,190,90.0,98,None,None,0,Medium
IT-STR-001,Storage Device,Data Center,N/A,2021-09-03,Morning,7.6,10.9,26.2,64.7,38.2,8.38,136.9,86.8,4,1756.0,212.0,8459,60,94.0,159,None,None,0,Low
IT-WRK-004,Workstation,Office,Windows 10,2021-03-05,Night,1.9,18.3,72.5,71.4,37.0,5.53,116.9,91.4,4,2102.0,214.0,851,248,78.2,131,None,None,0,Medium
IT-UPS-001,UPS,Power Room,N/A,2022-06-22,Afternoon,1.1,16.1,34.0,22.1,27.0,0.1,438.4,74.9,1,2113.0,215.6,3649,319,75.6,167,None,None,0,Medium
IT-SWT-003,Switch,Network Room,HP ProCurve,2023-05-11,Night,0.6,43.5,30.9,35.5,36.2,3.17,86.9,93.3,1,2510.0,219.1,2461,362,71.3,50,None,None,0,Medium
IT-SWT-003,Switch,Network Room,Cisco IOS,2021-08-30,Morning,6.9,36.9,41.4,26.3,41.9,3.33,47.4,96.2,1,2415.0,219.2,1541,139,93.6,99,None,None,0,Low
IT-RTR-003,Router,Network Room,Juniper JunOS,2022-03-19,Afternoon,4.3,33.1,38.4,32.5,33.7,2.71,74.3,96.5,1,2660.0,216.1,4978,24,98.5,160,None,None,0,Low
IT-UPS-001,UPS,Power Room,N/A,2023-05-18,Morning,7.8,61.7,51.7,16.8,49.2,2.21,572.6,93.0,24,2037.0,225.9,6051,171,55.9,7,CPU/RAM,Server Crash,1,Critical
IT-WRK-002,Workstation,Office,Ubuntu 20.04,2021-03-26,Night,2.2,32.1,32.5,55.9,28.1,6.47,146.4,100.0,7,2070.0,221.3,908,10,89.5,65,None,None,0,Low
IT-RTR-003,Router,Network Room,N/A,2021-10-17,Night,2.3,21.8,30.9,20.1,31.8,1.73,32.0,100.0,3,2383.0,213.9,8485,335,71.0,136,None,None,0,Medium
IT-SRV-004,Server,Data Center,Windows Server 2022,2021-12-30,Night,4.1,30.0,61.2,68.2,46.6,9.7,281.0,89.7,1,2608.0,215.6,6803,332,74.3,45,None,None,0,Medium
IT-SRV-002,Server,Data Center,Ubuntu 22.04,2022-12-10,Morning,7.1,71.0,60.7,50.4,38.5,2.74,289.7,100.0,3,3191.0,222.6,3226,298,74.2,102,None,None,0,Medium
IT-WRK-001,Workstation,Office,Windows 10,2022-05-25,Afternoon,7.7,45.1,54.0,48.2,33.3,6.24,168.6,83.9,2,2223.0,226.0,5012,209,85.1,135,None,None,0,Medium
IT-FRW-001,Firewall,Network Room,Fortinet FortiOS,2023-03-15,Morning,6.4,40.5,59.6,21.8,33.2,3.22,93.7,99.7,1,2389.0,221.2,1293,14,98.5,127,None,None,0,Low
IT-SRV-002,Server,Data Center,Ubuntu 22.04,2022-03-10,Morning,6.3,32.3,63.9,69.4,52.2,0.1,463.3,100.0,0,3325.0,177.5,2784,178,91.2,1,Power Supply,Power Failure,1,Critical
IT-SRV-001,Server,Data Center,Red Hat Linux,2023-07-14,Night,1.9,60.8,69.1,59.9,41.4,6.91,419.6,94.3,1,2768.0,219.7,2797,256,81.9,172,None,None,0,Medium
IT-UPS-001,UPS,Power Room,N/A,2022-02-18,Night,2.2,14.3,24.8,18.1,32.3,0.88,538.9,100.0,1,1978.0,204.8,4188,332,74.3,154,None,None,0,Medium
IT-WRK-003,Workstation,Office,Ubuntu 20.04,2023-06-28,Night,3.6,53.2,53.2,87.4,32.6,7.89,103.2,86.1,6,2500.0,222.8,738,106,88.0,82,None,None,0,Low
IT-STR-001,Storage Device,Data Center,N/A,2021-11-27,Afternoon,2.0,29.0,38.7,36.9,33.1,5.99,86.7,94.1,1,1377.0,220.5,6395,182,89.3,125,None,None,0,Medium
IT-SRV-003,Server,Data Center,Windows Server 2019,2023-08-02,Night,4.7,54.7,62.0,51.8,38.8,2.94,363.2,100.0,1,2912.0,211.9,7544,222,85.3,124,None,None,0,Medium
IT-STR-002,Storage Device,Data Center,N/A,2023-05-23,Afternoon,2.7,17.9,30.0,80.6,35.1,157.39,60.6,100.0,17,1886.0,216.5,2734,98,73.7,1,Network Interface,Network Outage,1,Critical
IT-RTR-002,Router,Network Room,Juniper JunOS,2023-08-23,Afternoon,6.2,34.2,52.2,17.6,33.4,3.41,87.9,100.0,1,2522.0,221.8,3943,224,85.1,149,None,None,0,Medium
IT-WRK-003,Workstation,Office,Windows 11,2021-07-27,Afternoon,4.1,48.8,100.0,43.3,35.2,8.94,153.4,86.8,3,2151.0,218.4,7809,283,63.7,166,None,None,0,Medium
IT-PRT-002,Printer,Office,N/A,2021-10-05,Afternoon,3.3,60.3,26.1,56.8,69.6,12.58,140.3,86.7,6,893.0,222.1,669,337,54.6,6,Cooling System,Overheating,1,Critical
IT-WRK-004,Workstation,Office,Windows 10,2023-06-23,Morning,4.5,67.9,59.9,94.6,29.9,1.83,79.5,84.7,3,2187.0,222.1,549,245,74.2,166,None,None,0,High
IT-RTR-003,Router,Network Room,Cisco IOS,2023-06-28,Afternoon,6.8,46.1,48.9,24.2,42.8,1.7,58.3,99.1,0,2690.0,221.4,2761,239,85.1,142,None,None,0,Medium
IT-SRV-003,Server,Data Center,Red Hat Linux,2022-05-01,Afternoon,3.2,33.1,35.7,38.1,54.6,4.81,338.8,86.2,2,2814.0,212.3,308,101,95.9,177,None,None,0,Low
IT-STR-001,Storage Device,Data Center,N/A,2022-08-17,Morning,6.4,15.6,45.0,68.1,43.7,17.41,71.0,92.9,2,1907.0,219.0,7969,197,86.3,96,None,None,0,Medium
IT-PRT-002,Printer,Office,N/A,2023-03-11,Afternoon,4.0,22.2,20.3,53.7,41.3,9.63,105.1,79.7,1,1916.0,218.3,5299,1,98.5,178,None,None,0,Low
IT-SWT-002,Switch,Network Room,N/A,2022-07-09,Morning,5.2,51.2,49.7,11.8,36.5,1.53,86.8,100.0,0,2540.0,222.3,4427,57,100.0,172,None,None,0,Low
IT-RTR-002,Router,Network Room,Cisco IOS,2022-08-09,Night,7.9,16.5,32.1,38.2,37.9,2.31,91.5,100.0,2,2526.0,223.7,2851,67,97.0,107,None,None,0,Low
IT-FRW-002,Firewall,Network Room,Cisco ASA,2022-11-13,Morning,5.0,39.1,45.8,24.3,28.7,2.81,51.3,96.3,1,2623.0,224.7,1154,315,76.0,30,None,None,0,Medium
IT-UPS-003,UPS,Power Room,N/A,2022-07-18,Afternoon,6.4,27.8,22.0,14.0,35.8,1.6,539.6,78.1,0,2034.0,223.7,6642,333,75.7,134,None,None,0,Medium
IT-FRW-002,Firewall,Network Room,pfSense,2023-02-15,Night,2.5,36.5,38.9,22.8,36.5,1.97,97.6,92.5,0,2704.0,221.3,2801,47,100.0,175,None,None,0,Low
IT-UPS-001,UPS,Power Room,N/A,2021-04-30,Afternoon,6.2,11.1,18.5,10.4,32.7,1.56,534.4,95.2,0,1954.0,218.0,6847,100,99.0,168,None,None,0,Low
IT-WRK-003,Workstation,Office,Windows 10,2023-05-26,Morning,5.9,36.7,23.4,55.5,40.0,5.24,168.0,81.9,5,1884.0,216.6,5576,33,92.5,65,None,None,0,Low
IT-SRV-005,Server,Data Center,Windows Server 2019,2021-08-12,Night,1.3,21.7,56.7,51.3,41.3,5.49,379.2,98.1,1,2823.0,217.4,7519,201,87.4,167,None,None,0,Medium
IT-FRW-001,Firewall,Network Room,Fortinet FortiOS,2022-06-20,Afternoon,0.8,33.9,21.7,42.4,34.3,4.27,93.3,98.5,1,2403.0,219.4,1965,313,76.2,74,None,None,0,Medium
IT-FRW-001,Firewall,Network Room,Fortinet FortiOS,2022-08-26,Night,2.1,33.8,40.1,27.6,39.9,5.79,86.2,99.5,1,2851.0,221.6,2023,21,98.5,80,None,None,0,Low
IT-SWT-002,Switch,Network Room,HP ProCurve,2023-12-17,Morning,6.4,38.6,24.2,34.3,34.0,3.13,89.0,98.9,3,2449.0,220.8,2995,312,73.3,130,None,None,0,Medium
IT-SRV-001,Server,Data Center,Windows Server 2022,2022-02-15,Night,3.8,42.6,53.7,63.5,50.3,1.53,454.6,100.0,4,3067.0,216.4,8638,156,87.4,89,None,None,0,Low
IT-UPS-002,UPS,Power Room,N/A,2023-12-21,Morning,1.3,7.1,21.0,8.1,40.1,1.58,394.8,97.2,2,1896.0,215.3,6560,139,92.1,74,None,None,0,Low
IT-FRW-002,Firewall,Network Room,Fortinet FortiOS,2021-06-23,Afternoon,2.5,28.6,44.4,26.9,44.9,4.94,92.2,97.7,3,2370.0,216.0,3856,293,75.2,39,None,None,0,Medium
IT-FRW-002,Firewall,Network Room,Fortinet FortiOS,2022-12-19,Night,4.2,30.3,30.1,40.4,36.0,3.34,58.8,97.9,1,2371.0,224.2,5395,266,80.9,52,None,None,0,Medium
IT-FRW-002,Firewall,Network Room,Cisco ASA,2021-08-11,Afternoon,2.4,46.7,48.0,29.7,38.9,1.62,79.1,96.9,1,2568.0,217.4,3216,216,85.9,147,None,None,0,Medium
IT-SRV-001,Server,Data Center,Windows Server 2022,2021-08-10,Afternoon,7.1,80.6,98.9,48.0,70.4,4.49,291.5,86.4,31,3042.0,220.3,6785,233,14.0,6,CPU/RAM,Server Crash,1,Critical
IT-SRV-001,Server,Data Center,Windows Server 2019,2023-08-05,Afternoon,2.0,43.1,54.3,81.6,66.2,7.88,351.7,100.0,7,2813.0,221.6,7457,307,58.9,3,Motherboard,Hardware Failure,1,Critical
IT-STR-002,Storage Device,Data Center,N/A,2021-10-16,Morning,5.5,20.7,30.8,69.9,35.6,7.85,121.6,89.9,3,1942.0,219.8,3963,323,72.2,36,None,None,0,Medium
IT-WRK-004,Workstation,Office,Windows 11,2021-05-30,Night,4.2,53.4,63.3,69.5,34.0,10.19,144.6,86.1,3,2002.0,222.1,7870,279,76.6,138,None,None,0,Medium
IT-UPS-002,UPS,Power Room,N/A,2023-01-21,Morning,5.6,10.8,13.7,16.1,33.0,1.03,373.7,92.2,2,1874.0,217.0,7289,224,83.6,44,None,None,0,Medium
IT-STR-002,Storage Device,Data Center,N/A,2021-06-07,Afternoon,7.5,66.2,20.5,81.1,56.9,5.26,109.7,100.0,2,1216.0,219.4,7091,365,68.0,1,Cooling System,Overheating,1,Critical
IT-SRV-003,Server,Data Center,Windows Server 2019,2022-11-23,Afternoon,1.7,41.2,61.5,61.5,40.2,7.01,333.7,93.8,5,2913.0,218.0,2417,217,79.8,175,None,None,0,Medium
IT-SWT-001,Switch,Network Room,Cisco IOS,2021-07-18,Night,7.2,25.6,16.8,46.4,34.4,3.51,69.5,95.6,1,2387.0,220.9,3996,9,98.5,163,None,None,0,Low
IT-UPS-002,UPS,Power Room,N/A,2021-02-20,Morning,1.6,33.2,48.3,18.6,28.9,1.12,492.5,95.0,38,2139.0,212.2,1961,230,29.0,0,OS/Software,Software Crash,1,Critical
IT-FRW-001,Firewall,Network Room,pfSense,2023-04-28,Afternoon,2.3,28.8,34.0,23.6,32.5,2.51,81.9,99.5,1,2224.0,226.1,3140,343,73.2,145,None,None,0,Medium
IT-SRV-004,Server,Data Center,Windows Server 2022,2023-11-20,Night,6.7,29.6,66.2,28.9,43.0,5.09,443.4,91.8,3,3329.0,174.4,2680,226,81.9,0,Power Supply,Power Failure,1,Critical
IT-SRV-002,Server,Data Center,Windows Server 2019,2021-03-19,Night,6.2,32.8,79.6,39.4,38.4,6.7,339.0,98.1,0,2854.0,223.6,4453,199,89.1,48,None,None,0,Medium
IT-RTR-003,Router,Network Room,Juniper JunOS,2022-06-07,Night,5.9,41.3,55.4,28.1,30.5,4.4,72.4,98.9,0,2484.0,222.6,6995,17,100.0,109,None,None,0,Low
IT-WRK-001,Workstation,Office,Ubuntu 20.04,2023-06-25,Afternoon,2.9,9.0,46.1,100.0,44.3,8.49,112.9,68.0,3,2018.0,214.1,7063,346,57.9,83,None,None,0,High
IT-PRT-001,Printer,Office,N/A,2023-09-06,Night,7.5,17.5,19.5,94.5,36.2,4.24,84.8,89.3,3,1484.0,224.3,8624,126,86.2,145,None,None,0,High
IT-WRK-004,Workstation,Office,Ubuntu 20.04,2023-12-18,Morning,1.7,52.5,18.3,89.0,40.0,6.07,174.8,78.4,5,2257.0,217.1,554,23,90.1,100,None,None,0,Low
IT-RTR-002,Router,Network Room,Cisco IOS,2022-08-08,Night,5.4,19.4,35.4,30.1,43.9,4.48,68.6,96.8,2,2568.0,211.5,6263,161,89.9,48,None,None,0,Low
IT-SRV-005,Server,Data Center,Windows Server 2022,2022-10-08,Morning,6.3,43.0,45.7,72.9,37.1,3.35,392.7,96.0,2,2944.0,217.2,2069,281,77.9,97,None,None,0,Medium
IT-WRK-002,Workstation,Office,Windows 11,2023-02-09,Morning,1.9,51.4,73.7,80.5,35.7,9.1,124.1,88.0,1,2160.0,214.1,6021,268,80.7,105,None,None,0,Medium
IT-SRV-001,Server,Data Center,Red Hat Linux,2023-10-05,Morning,7.4,54.6,75.2,71.3,45.5,3.31,323.5,97.1,3,3001.0,209.7,2099,189,85.6,127,None,None,0,Medium
IT-STR-002,Storage Device,Data Center,N/A,2022-05-11,Morning,4.8,20.5,21.1,94.8,40.1,3.96,129.3,94.5,2,1642.0,214.4,3188,274,72.7,148,None,None,0,High
IT-FRW-001,Firewall,Network Room,Cisco ASA,2023-02-24,Night,7.7,34.3,43.2,28.6,37.7,2.71,167.8,98.7,2,2485.0,180.5,8140,364,69.6,3,Power Supply,Power Failure,1,Critical
IT-RTR-001,Router,Network Room,N/A,2021-12-04,Night,7.3,20.5,46.8,54.2,38.8,2.85,99.7,99.6,1,2604.0,219.9,2143,220,85.5,98,None,None,0,Medium
IT-SRV-001,Server,Data Center,Red Hat Linux,2023-05-07,Afternoon,3.8,34.8,40.9,58.8,34.3,5.22,241.6,88.9,2,2805.0,213.0,8463,157,90.3,92,None,None,0,Low
IT-SRV-004,Server,Data Center,Red Hat Linux,2021-02-13,Afternoon,3.3,56.5,83.1,52.3,43.9,6.11,339.7,92.2,2,3470.0,216.8,4962,175,87.3,87,None,None,0,Low
IT-SRV-002,Server,Data Center,Ubuntu 22.04,2021-11-18,Afternoon,5.3,27.9,56.8,59.1,58.4,8.38,312.7,87.5,0,3138.0,222.5,5176,257,80.6,147,None,None,0,Medium
IT-FRW-001,Firewall,Network Room,Fortinet FortiOS,2022-08-02,Morning,6.4,41.1,55.8,21.6,40.9,1.62,78.4,98.2,2,2533.0,221.0,7703,42,97.0,54,None,None,0,Low
IT-SWT-003,Switch,Network Room,HP ProCurve,2023-07-27,Night,4.3,41.9,36.2,18.4,34.8,2.9,86.4,100.0,0,2354.0,220.4,3849,218,87.2,92,None,None,0,Medium
IT-PRT-001,Printer,Office,N/A,2021-04-23,Morning,5.1,14.5,44.8,60.3,38.8,4.9,99.1,85.9,2,1884.0,222.7,3409,361,69.9,108,None,None,0,Medium
IT-RTR-001,Router,Network Room,N/A,2022-02-22,Night,1.3,21.4,33.5,21.2,40.2,1.73,85.1,96.9,0,2399.0,219.1,4843,154,93.6,171,None,None,0,Low
IT-SWT-002,Switch,Network Room,N/A,2021-09-19,Afternoon,1.2,40.4,41.8,25.8,49.5,119.85,83.0,96.7,8,2479.0,214.6,7529,61,88.0,0,Network Interface,Network Outage,1,Critical
IT-SRV-005,Server,Data Center,Windows Server 2022,2022-06-09,Night,6.6,51.8,28.5,22.9,44.7,4.21,285.6,92.3,4,3291.0,211.8,7375,280,75.0,85,None,None,0,Medium
IT-WRK-003,Workstation,Office,Windows 11,2021-06-28,Night,1.6,46.5,75.5,60.5,34.8,7.33,261.8,87.4,3,2054.0,198.4,6017,351,69.4,4,Power Supply,Power Failure,1,Critical
IT-WRK-004,Workstation,Office,Windows 11,2023-07-25,Night,7.0,37.6,70.2,71.2,42.2,7.17,117.9,85.5,3,2279.0,224.5,8232,213,83.2,59,None,None,0,Medium
IT-SRV-003,Server,Data Center,Windows Server 2019,2023-12-12,Morning,2.4,31.4,53.9,46.0,34.8,1.35,300.6,88.1,1,3275.0,220.6,6402,34,98.5,159,None,None,0,Low
IT-UPS-003,UPS,Power Room,N/A,2021-02-06,Morning,4.8,9.6,23.1,34.7,35.4,0.69,471.6,85.1,18,1956.0,229.7,5484,308,51.2,5,Hard Disk,Disk Failure,1,Critical
IT-WRK-002,Workstation,Office,Ubuntu 20.04,2023-12-11,Night,7.4,22.3,66.8,97.3,41.9,9.97,199.9,81.0,1,2574.0,224.4,998,161,84.0,34,None,None,0,High
IT-FRW-002,Firewall,Network Room,pfSense,2023-01-19,Night,3.0,34.8,46.9,28.6,25.9,0.59,67.1,95.7,1,2520.0,222.4,7287,18,98.5,61,None,None,0,Low
IT-UPS-001,UPS,Power Room,N/A,2021-07-06,Afternoon,5.0,11.7,10.5,16.0,28.1,1.31,451.2,83.9,1,1941.0,223.8,7855,279,79.6,48,None,None,0,Medium
IT-SRV-002,Server,Data Center,Windows Server 2019,2022-08-08,Afternoon,1.9,18.3,42.7,35.9,42.0,7.48,369.9,98.8,1,2913.0,216.8,6320,7,98.5,35,None,None,0,Low
IT-UPS-002,UPS,Power Room,N/A,2021-09-21,Afternoon,3.1,1.7,28.5,10.5,35.3,1.28,363.7,79.8,1,2075.0,217.5,3631,325,75.0,158,None,None,0,Medium
IT-RTR-002,Router,Network Room,Juniper JunOS,2023-12-08,Morning,1.0,25.1,65.2,31.5,34.3,3.11,80.3,96.9,1,2384.0,216.0,7621,158,91.7,156,None,None,0,Low
IT-FRW-001,Firewall,Network Room,pfSense,2021-12-20,Morning,6.5,46.2,53.2,22.8,41.6,2.71,77.5,94.8,0,2851.0,219.3,2232,148,94.2,97,None,None,0,Low
IT-SWT-001,Switch,Network Room,HP ProCurve,2023-08-29,Morning,4.1,42.6,45.2,17.5,37.9,3.07,71.6,95.0,1,2662.0,224.5,1330,313,76.2,106,None,None,0,Medium
IT-SWT-001,Switch,Network Room,Cisco IOS,2021-11-07,Night,4.9,53.9,31.0,23.6,30.0,1.96,82.4,98.9,0,2567.0,218.5,1057,39,100.0,157,None,None,0,Low
IT-SWT-003,Switch,Network Room,N/A,2021-06-19,Night,3.6,42.4,27.4,21.1,34.2,3.38,81.1,98.6,1,2489.0,217.5,4261,15,98.5,92,None,None,0,Low
IT-FRW-001,Firewall,Network Room,Fortinet FortiOS,2021-08-24,Night,7.6,14.6,50.7,23.9,46.7,3.0,108.9,100.0,2,2461.0,220.0,1576,83,97.0,78,None,None,0,Low
IT-RTR-003,Router,Network Room,Cisco IOS,2022-09-11,Afternoon,5.2,31.2,41.3,21.7,44.0,2.35,75.9,96.5,1,2617.0,222.4,5367,20,98.5,41,None,None,0,Low
IT-SWT-001,Switch,Network Room,N/A,2022-04-09,Afternoon,2.0,27.9,36.8,16.1,33.3,3.46,112.2,96.7,0,2445.0,220.9,6573,316,77.4,111,None,None,0,Medium
IT-SRV-005,Server,Data Center,Ubuntu 22.04,2021-11-10,Night,4.3,75.7,72.2,82.2,44.8,5.22,401.0,94.3,2,2675.0,217.1,2971,325,70.7,40,None,None,0,Medium
IT-SRV-001,Server,Data Center,Ubuntu 22.04,2023-11-03,Night,7.9,45.6,48.2,75.2,52.1,2.8,377.5,93.4,1,3041.0,215.2,2786,330,74.5,94,None,None,0,Medium
IT-SRV-002,Server,Data Center,Red Hat Linux,2023-03-28,Afternoon,4.9,58.7,48.7,57.9,36.7,6.53,350.0,93.3,3,3000.0,214.7,6888,172,87.3,162,None,None,0,Low
IT-STR-002,Storage Device,Data Center,N/A,2021-11-15,Morning,4.2,21.0,24.8,50.5,34.3,11.41,90.2,100.0,0,1613.0,224.5,1356,293,79.7,38,None,None,0,Medium
IT-SWT-003,Switch,Network Room,HP ProCurve,2022-04-03,Night,2.0,42.0,33.7,17.1,32.5,3.52,84.3,96.6,0,2325.0,217.0,3917,114,97.6,77,None,None,0,Low
IT-STR-001,Storage Device,Data Center,N/A,2021-04-22,Night,4.6,17.3,31.7,55.7,44.2,7.57,102.3,92.2,5,1891.0,210.8,735,219,79.6,164,None,None,0,Medium
IT-SWT-001,Switch,Network Room,Cisco IOS,2022-05-05,Morning,5.8,36.6,42.8,33.8,26.7,2.14,57.6,99.5,1,2391.0,216.6,6269,149,92.6,143,None,None,0,Low
IT-UPS-003,UPS,Power Room,N/A,2022-02-21,Morning,7.9,42.2,39.5,9.9,27.7,0.43,478.5,83.2,37,2090.0,218.3,2214,49,44.5,0,OS/Software,Software Crash,1,Critical
IT-SWT-002,Switch,Network Room,Cisco IOS,2022-05-27,Morning,3.8,41.3,49.8,56.2,32.2,4.34,91.5,100.0,0,2450.0,219.5,1108,246,84.4,35,None,None,0,Medium
IT-PRT-002,Printer,Office,N/A,2021-02-14,Morning,7.5,15.5,31.7,88.5,34.0,14.58,75.6,93.1,1,1928.0,216.7,4007,68,96.4,157,None,None,0,Low
IT-WRK-004,Workstation,Office,Ubuntu 20.04,2022-12-24,Afternoon,7.9,46.3,28.2,64.2,45.3,5.38,133.8,87.8,3,2252.0,219.4,3470,287,75.8,102,None,None,0,Medium
IT-SWT-003,Switch,Network Room,HP ProCurve,2021-01-17,Night,4.8,29.8,46.4,28.3,43.1,2.73,49.2,98.1,0,2503.0,217.7,6039,121,96.9,141,None,None,0,Low
IT-WRK-004,Workstation,Office,Windows 11,2022-01-31,Night,6.7,75.4,42.8,64.0,46.4,3.67,156.2,94.6,2,2070.0,224.9,7116,220,81.3,76,None,None,0,Medium
IT-SRV-002,Server,Data Center,Windows Server 2019,2022-03-15,Afternoon,3.0,52.6,48.4,75.4,32.5,5.56,407.8,90.2,0,3035.0,222.6,946,347,74.3,76,None,None,0,Medium
IT-STR-001,Storage Device,Data Center,N/A,2022-03-21,Night,7.5,17.6,18.3,100.0,39.7,85.79,126.0,95.6,16,1830.0,212.3,2320,177,56.8,1,Network Interface,Network Outage,1,Critical
IT-STR-002,Storage Device,Data Center,N/A,2023-05-13,Morning,3.5,20.5,22.7,66.8,33.2,9.36,66.0,94.5,3,1912.0,225.1,900,37,95.5,39,None,None,0,Low
IT-UPS-001,UPS,Power Room,N/A,2021-02-13,Morning,3.4,6.7,28.7,14.2,26.4,0.86,497.6,100.0,3,1977.0,214.5,5340,118,92.7,50,None,None,0,Low
IT-SRV-002,Server,Data Center,Windows Server 2022,2022-04-14,Morning,7.6,44.7,74.1,69.4,39.1,4.11,359.5,99.2,1,2992.0,216.4,1857,229,84.6,51,None,None,0,Medium
IT-SWT-003,Switch,Network Room,N/A,2023-01-02,Night,4.2,36.8,29.0,29.8,37.2,2.6,72.7,96.3,1,2147.0,220.6,4051,324,75.1,105,None,None,0,Medium
IT-STR-001,Storage Device,Data Center,N/A,2022-05-15,Morning,6.7,21.2,28.6,67.9,32.4,3.74,110.5,76.5,1,1776.0,219.8,4742,62,98.5,155,None,None,0,Low
IT-SRV-003,Server,Data Center,Ubuntu 22.04,2022-10-08,Night,1.4,41.9,37.9,74.4,43.7,2.68,375.4,99.7,1,3485.0,220.0,5247,350,72.5,43,None,None,0,Medium
IT-SRV-005,Server,Data Center,Red Hat Linux,2021-05-18,Afternoon,6.9,48.0,35.1,66.7,48.8,1.93,365.2,93.6,3,3338.0,216.2,4599,182,86.3,164,None,None,0,Medium
IT-SRV-002,Server,Data Center,Ubuntu 22.04,2023-02-12,Morning,5.1,67.7,75.1,52.6,42.4,6.81,340.0,98.7,1,3224.0,218.3,6561,120,95.5,78,None,None,0,Low
IT-FRW-002,Firewall,Network Room,Fortinet FortiOS,2022-02-25,Morning,2.1,11.4,40.2,11.1,48.0,3.22,77.7,57.3,0,2594.0,197.1,2353,282,80.8,7,Battery,UPS Battery Failure,1,Critical
IT-UPS-002,UPS,Power Room,N/A,2021-03-07,Night,5.4,11.9,18.3,16.0,29.8,1.05,522.6,95.3,0,2056.0,209.0,7699,111,97.9,152,None,None,0,Low
IT-UPS-002,UPS,Power Room,N/A,2021-12-12,Night,4.2,8.5,16.6,16.4,29.7,0.5,503.0,98.5,1,2148.0,227.3,1695,139,93.6,126,None,None,0,Low
IT-SRV-003,Server,Data Center,Windows Server 2019,2022-08-19,Night,4.8,73.0,62.9,29.7,35.8,3.95,378.2,98.6,1,3241.0,213.2,8436,232,82.8,170,None,None,0,Medium
IT-STR-002,Storage Device,Data Center,N/A,2022-10-12,Morning,5.2,22.7,30.2,83.7,48.2,10.26,83.8,100.0,1,1930.0,218.6,2044,322,75.3,66,None,None,0,Medium
IT-RTR-003,Router,Network Room,N/A,2021-05-04,Morning,1.2,41.9,47.8,32.2,36.4,4.27,51.2,95.3,1,2318.0,223.0,3764,37,98.5,173,None,None,0,Low
IT-WRK-004,Workstation,Office,Windows 11,2022-03-19,Afternoon,2.0,62.8,45.9,63.4,36.5,1.6,180.8,93.8,6,2435.0,228.9,2244,185,81.5,48,None,None,0,Medium
IT-RTR-001,Router,Network Room,Juniper JunOS,2022-06-11,Afternoon,1.1,46.6,27.6,3.6,42.4,3.53,85.9,97.9,2,2396.0,213.7,2498,62,97.0,148,None,None,0,Low
IT-PRT-002,Printer,Office,N/A,2022-08-22,Afternoon,5.8,20.0,25.3,92.6,37.1,6.01,68.5,83.3,1,1825.0,223.1,6286,136,89.4,88,None,None,0,High
IT-UPS-001,UPS,Power Room,N/A,2023-07-24,Morning,3.2,19.1,15.4,17.9,25.5,1.47,426.1,84.8,1,1931.0,217.9,2978,115,96.0,85,None,None,0,Low
IT-SRV-003,Server,Data Center,Windows Server 2022,2021-08-12,Afternoon,6.5,58.3,70.1,41.2,38.1,4.81,478.5,96.7,2,3009.0,212.6,2059,356,70.4,104,None,None,0,Medium
IT-RTR-001,Router,Network Room,N/A,2021-09-28,Morning,7.5,33.6,55.9,37.9,40.4,3.96,49.6,99.0,0,2249.0,223.7,7358,185,90.5,83,None,None,0,Medium
IT-STR-002,Storage Device,Data Center,N/A,2021-11-07,Afternoon,7.1,19.2,29.6,64.5,34.4,10.81,111.3,92.4,1,1738.0,210.1,1784,301,77.4,157,None,None,0,Medium
IT-UPS-002,UPS,Power Room,N/A,2021-04-27,Night,7.6,3.5,22.5,12.1,28.4,0.56,450.1,83.1,4,1955.0,218.6,6568,233,79.7,105,None,None,0,Medium
IT-SWT-003,Switch,Network Room,HP ProCurve,2022-12-23,Afternoon,7.4,6.6,39.9,24.0,39.8,2.73,63.5,99.9,1,2301.0,220.4,2909,112,96.3,116,None,None,0,Low
IT-UPS-003,UPS,Power Room,N/A,2021-08-22,Afternoon,5.1,42.4,35.3,18.0,26.7,1.78,440.0,81.4,39,2187.0,222.9,1334,5,41.5,4,OS/Software,Software Crash,1,Critical
IT-WRK-001,Workstation,Office,Ubuntu 20.04,2022-05-18,Night,2.9,12.1,48.5,71.8,30.9,10.99,180.6,72.4,2,2261.0,225.3,3939,69,97.0,167,None,None,0,Low
IT-WRK-004,Workstation,Office,Windows 11,2022-01-17,Morning,7.5,30.1,65.6,86.4,42.5,5.73,163.0,83.3,5,2575.0,217.6,7470,271,73.6,93,None,None,0,Medium
IT-STR-002,Storage Device,Data Center,N/A,2022-07-25,Morning,1.3,28.6,9.4,35.4,33.8,10.61,99.0,88.3,2,1677.0,226.9,4362,121,93.9,164,None,None,0,Low
IT-RTR-003,Router,Network Room,N/A,2021-09-22,Night,3.1,44.5,35.2,30.0,41.2,3.23,62.8,100.0,2,2542.0,225.6,7303,332,72.8,96,None,None,0,Medium
IT-SRV-005,Server,Data Center,Ubuntu 22.04,2021-10-30,Afternoon,6.2,44.4,49.4,44.1,38.1,3.87,322.4,90.0,1,2800.0,222.5,4108,12,98.5,92,None,None,0,Low
IT-WRK-001,Workstation,Office,Ubuntu 20.04,2023-10-21,Morning,2.7,16.8,58.7,57.1,43.6,7.53,131.4,77.2,3,2316.0,219.8,2671,148,89.7,81,None,None,0,Low
IT-SWT-001,Switch,Network Room,Cisco IOS,2022-02-16,Afternoon,6.2,34.2,47.2,22.3,38.2,1.02,99.5,100.0,0,2704.0,225.7,3952,199,89.1,73,None,None,0,Medium
IT-SWT-002,Switch,Network Room,Cisco IOS,2023-03-27,Afternoon,5.4,26.9,77.1,39.7,31.5,2.5,68.0,97.5,19,2599.0,221.9,7678,132,67.3,5,RAM,Memory Failure,1,Critical
IT-STR-001,Storage Device,Data Center,N/A,2023-07-20,Night,6.5,16.6,32.1,57.7,40.8,10.1,119.9,89.5,3,1713.0,219.0,2079,146,89.9,137,None,None,0,Low
IT-FRW-002,Firewall,Network Room,pfSense,2021-08-28,Night,3.6,29.7,59.3,30.9,34.3,4.55,108.3,98.3,2,2279.0,220.8,4684,74,97.0,175,None,None,0,Low
IT-SWT-001,Switch,Network Room,N/A,2021-05-25,Morning,5.7,35.9,28.5,18.9,34.9,3.52,57.9,100.0,2,2739.0,220.2,8331,316,74.4,54,None,None,0,Medium
IT-SWT-002,Switch,Network Room,Cisco IOS,2022-07-09,Morning,3.3,39.1,49.5,37.7,39.1,2.05,53.8,94.8,0,2294.0,222.1,7134,358,73.2,73,None,None,0,Medium
IT-UPS-003,UPS,Power Room,N/A,2023-02-26,Morning,7.2,13.8,37.3,19.7,34.8,0.78,451.5,92.6,0,1915.0,227.2,7125,223,86.7,73,None,None,0,Medium
IT-FRW-002,Firewall,Network Room,Cisco ASA,2022-06-06,Afternoon,4.3,31.4,35.9,18.0,31.3,4.47,77.7,97.8,1,2282.0,221.8,2979,294,78.1,47,None,None,0,Medium
IT-RTR-002,Router,Network Room,Cisco IOS,2021-06-05,Night,7.5,33.8,35.8,25.4,35.0,2.98,88.5,94.7,1,2484.0,226.6,4572,198,87.7,43,None,None,0,Medium
IT-STR-002,Storage Device,Data Center,N/A,2023-10-29,Afternoon,0.8,15.4,39.5,60.4,38.3,14.06,68.4,93.7,2,1762.0,217.0,6830,281,77.9,114,None,None,0,Medium
IT-PRT-002,Printer,Office,N/A,2022-06-30,Night,6.2,21.9,40.5,60.5,35.9,7.9,123.8,94.7,1,1729.0,221.0,4271,224,85.1,159,None,None,0,Medium
IT-FRW-001,Firewall,Network Room,Cisco ASA,2023-11-19,Night,4.2,17.7,49.6,38.8,48.0,3.12,66.8,98.5,0,2411.0,225.1,2631,257,83.3,79,None,None,0,Medium
IT-UPS-002,UPS,Power Room,N/A,2023-07-06,Afternoon,3.8,15.5,18.7,12.4,34.1,1.09,568.5,90.7,1,1914.0,229.9,5024,365,71.0,89,None,None,0,Medium
IT-WRK-002,Workstation,Office,Ubuntu 20.04,2023-09-09,Morning,3.8,97.8,31.9,26.5,47.9,8.04,127.7,100.0,1,1939.0,216.6,1009,296,64.0,65,None,None,0,High
IT-UPS-002,UPS,Power Room,N/A,2021-03-29,Afternoon,7.5,6.2,54.7,23.7,34.3,0.73,387.4,100.0,15,1891.0,211.0,6714,56,77.5,4,RAM,Memory Failure,1,Critical
IT-RTR-001,Router,Network Room,Juniper JunOS,2021-04-25,Afternoon,3.7,39.4,51.3,23.4,37.9,1.86,92.3,95.9,0,2600.0,225.5,2212,55,100.0,143,None,None,0,Low
IT-SWT-002,Switch,Network Room,N/A,2022-09-07,Night,6.2,51.4,44.9,33.7,72.0,3.44,59.5,100.0,2,2064.0,220.6,2804,260,66.4,5,Cooling System,Overheating,1,Critical
IT-WRK-003,Workstation,Office,Windows 10,2021-04-01,Night,7.9,84.5,73.7,86.1,42.9,8.66,160.1,70.1,1,2268.0,224.0,3864,200,79.6,97,None,None,0,Medium
IT-WRK-001,Workstation,Office,Windows 10,2023-05-25,Night,7.8,59.5,100.0,64.2,34.1,7.22,125.4,72.8,20,2041.0,223.1,4622,309,31.1,6,RAM,Memory Failure,1,Critical
IT-SRV-003,Server,Data Center,Red Hat Linux,2023-04-26,Night,2.1,76.3,84.3,29.0,34.0,6.39,348.6,100.0,2,2650.0,227.9,4742,145,86.6,113,None,None,0,Low
IT-WRK-002,Workstation,Office,Windows 10,2022-12-05,Morning,3.7,22.9,57.8,69.9,36.9,6.62,155.4,68.6,2,2098.0,220.9,2907,103,95.7,98,None,None,0,Low
IT-FRW-001,Firewall,Network Room,Cisco ASA,2021-09-30,Night,0.5,42.9,24.7,9.4,43.2,2.58,98.9,97.0,0,2804.0,220.3,7707,129,96.1,97,None,None,0,Low
IT-STR-001,Storage Device,Data Center,N/A,2021-09-26,Morning,5.5,15.6,26.6,88.1,31.4,10.08,115.6,94.0,2,1880.0,211.4,2351,240,80.1,80,None,None,0,Medium
IT-RTR-003,Router,Network Room,Cisco IOS,2022-03-30,Morning,2.6,35.8,32.2,10.9,31.9,3.14,97.8,95.6,0,2566.0,213.0,877,36,100.0,163,None,None,0,Low
IT-RTR-001,Router,Network Room,Cisco IOS,2022-11-04,Afternoon,5.7,43.4,36.5,77.1,47.6,2.45,84.2,98.1,16,2503.0,219.9,2513,203,64.7,1,Hard Disk,Disk Failure,1,Critical
IT-RTR-001,Router,Network Room,Juniper JunOS,2023-07-20,Afternoon,1.6,11.8,17.1,32.8,49.9,3.24,82.0,98.0,2,2715.0,223.0,5601,109,95.1,117,None,None,0,Low
IT-SRV-002,Server,Data Center,Ubuntu 22.04,2022-03-08,Afternoon,0.9,34.8,40.4,53.1,45.5,4.3,296.7,93.2,2,2566.0,223.9,4249,263,79.7,85,None,None,0,Medium
IT-UPS-003,UPS,Power Room,N/A,2022-12-18,Morning,1.6,14.8,24.2,17.2,34.8,0.82,634.4,79.2,1,2044.0,219.0,1433,132,94.3,93,None,None,0,Low
IT-RTR-002,Router,Network Room,Cisco IOS,2021-01-05,Night,7.5,38.8,38.0,40.4,37.5,4.53,86.1,97.3,2,2315.0,223.9,3814,7,97.0,129,None,None,0,Low
IT-SWT-002,Switch,Network Room,N/A,2022-04-16,Afternoon,5.9,29.4,34.3,42.2,40.6,3.58,89.4,95.6,3,2454.0,216.3,3816,252,79.3,38,None,None,0,Medium
IT-WRK-001,Workstation,Office,Windows 10,2021-04-30,Morning,3.7,31.5,38.5,68.2,30.0,10.65,134.9,86.7,1,2465.0,227.5,2308,282,79.3,37,None,None,0,Medium
IT-WRK-003,Workstation,Office,Windows 11,2021-01-25,Night,3.5,26.6,86.1,39.1,38.0,8.42,115.3,68.1,7,2468.0,206.8,7958,233,72.8,159,None,None,0,Medium
IT-RTR-003,Router,Network Room,Cisco IOS,2021-01-15,Afternoon,0.9,30.9,44.9,31.3,38.0,3.65,69.4,97.9,0,2692.0,221.4,2859,271,81.9,63,None,None,0,Medium
IT-SRV-002,Server,Data Center,Windows Server 2022,2021-08-23,Morning,7.3,28.6,64.9,59.2,37.0,3.2,382.3,100.0,2,2964.0,220.4,3485,309,75.1,42,None,None,0,Medium
IT-SRV-001,Server,Data Center,Ubuntu 22.04,2023-05-30,Afternoon,3.8,59.1,58.8,100.0,51.1,5.71,334.8,92.1,25,2934.0,220.6,2635,213,40.9,4,Hard Disk,Disk Failure,1,Critical
IT-SRV-003,Server,Data Center,Red Hat Linux,2022-07-30,Afternoon,7.4,35.1,73.1,57.6,48.2,3.06,397.6,90.1,1,2656.0,217.2,5738,78,98.5,109,None,None,0,Low
IT-SWT-002,Switch,Network Room,Cisco IOS,2023-08-02,Night,7.0,33.2,28.1,41.6,33.7,2.08,69.3,99.3,1,2480.0,223.6,6293,238,83.7,153,None,None,0,Medium
IT-STR-002,Storage Device,Data Center,N/A,2021-03-02,Night,1.6,26.3,33.5,88.3,35.8,11.79,75.6,89.7,4,1907.0,224.8,4357,126,88.4,165,None,None,0,Low
IT-WRK-002,Workstation,Office,Windows 10,2021-07-23,Night,2.4,42.0,56.1,55.7,43.5,9.87,162.7,95.0,5,2016.0,217.4,2868,207,80.8,176,None,None,0,Medium
IT-SWT-002,Switch,Network Room,Cisco IOS,2022-12-19,Night,6.4,32.1,38.1,25.9,35.2,4.17,73.5,98.2,0,2371.0,212.7,6775,238,85.2,48,None,None,0,Medium
IT-RTR-002,Router,Network Room,Cisco IOS,2022-05-25,Afternoon,2.5,38.5,54.7,23.3,46.3,3.09,97.5,99.2,0,2432.0,219.9,4288,64,100.0,153,None,None,0,Low
IT-SWT-002,Switch,Network Room,N/A,2023-12-16,Night,5.8,39.2,41.0,9.7,28.9,1.77,86.6,96.2,3,2600.0,215.7,6199,336,70.9,175,None,None,0,Medium
IT-SRV-005,Server,Data Center,Ubuntu 22.04,2022-02-13,Night,1.6,45.5,51.3,56.6,53.6,8.12,301.0,93.6,1,3126.0,215.9,8413,122,95.3,123,None,None,0,Low
IT-SWT-001,Switch,Network Room,HP ProCurve,2021-05-26,Night,2.2,45.0,36.2,36.9,42.7,2.29,66.4,95.0,2,2542.0,216.9,5014,195,86.5,135,None,None,0,Medium
IT-SRV-005,Server,Data Center,Red Hat Linux,2021-03-03,Morning,7.2,32.7,80.3,82.6,36.7,5.67,327.2,100.0,0,2930.0,224.5,3492,63,99.9,107,None,None,0,Low
IT-WRK-004,Workstation,Office,Windows 11,2021-10-30,Night,4.7,20.8,47.9,47.6,32.8,5.56,108.1,81.5,3,2392.0,211.8,7015,77,95.5,95,None,None,0,Low
IT-RTR-003,Router,Network Room,N/A,2022-09-17,Afternoon,6.5,25.5,61.2,22.6,34.0,4.39,69.4,96.2,3,2913.0,221.9,7587,178,86.7,58,None,None,0,Low
IT-WRK-002,Workstation,Office,Ubuntu 20.04,2022-11-23,Morning,2.5,46.3,43.0,90.1,40.8,14.58,135.4,84.3,6,2251.0,218.5,3563,145,82.5,41,None,None,0,High
IT-RTR-003,Router,Network Room,Juniper JunOS,2022-10-24,Afternoon,5.2,45.6,57.4,19.8,34.4,2.93,74.4,96.4,1,2625.0,219.1,7645,199,87.6,107,None,None,0,Medium
IT-RTR-003,Router,Network Room,N/A,2021-07-06,Afternoon,3.8,29.5,45.9,17.3,26.7,3.7,97.5,97.5,1,2397.0,216.9,8550,217,85.8,172,None,None,0,Medium
IT-PRT-002,Printer,Office,N/A,2022-01-03,Afternoon,5.2,23.3,22.8,84.1,38.2,11.39,90.9,93.6,4,2067.0,226.3,5232,184,84.6,103,None,None,0,Medium
IT-FRW-001,Firewall,Network Room,Fortinet FortiOS,2022-09-16,Afternoon,5.1,29.4,43.4,37.1,30.1,2.02,66.7,94.8,3,2364.0,218.2,5851,53,95.5,94,None,None,0,Low
IT-UPS-003,UPS,Power Room,N/A,2023-07-19,Night,5.3,12.7,17.4,11.0,35.7,1.67,524.5,83.1,0,2118.0,220.6,4611,109,98.1,87,None,None,0,Low
IT-SRV-005,Server,Data Center,Red Hat Linux,2022-01-31,Night,4.6,33.8,52.4,87.1,36.2,3.58,377.5,100.0,2,3142.0,217.2,3611,227,82.0,63,None,None,0,Medium
IT-RTR-002,Router,Network Room,N/A,2022-04-18,Night,0.6,31.2,16.0,27.3,42.9,1.87,54.5,100.0,1,2637.0,216.2,5328,197,87.8,171,None,None,0,Medium
IT-RTR-003,Router,Network Room,Cisco IOS,2023-04-27,Morning,7.1,48.6,28.9,15.5,42.2,1.61,49.2,95.3,1,2256.0,220.5,8242,123,95.2,167,None,None,0,Low
IT-UPS-003,UPS,Power Room,N/A,2021-11-15,Afternoon,4.1,11.2,17.6,10.6,32.7,1.34,601.8,94.5,1,1992.0,152.7,3401,4,98.5,0,Power Supply,Power Failure,1,Critical
IT-RTR-003,Router,Network Room,Cisco IOS,2021-09-29,Afternoon,1.6,71.3,37.6,29.8,72.6,3.28,87.9,93.7,0,1716.0,221.8,5334,231,71.2,5,Cooling System,Overheating,1,Critical
IT-PRT-002,Printer,Office,N/A,2022-07-20,Night,7.5,24.2,26.9,87.9,32.3,8.41,152.1,91.7,2,1912.0,180.4,3816,345,69.7,2,Power Supply,Power Failure,1,Critical
IT-WRK-002,Workstation,Office,Ubuntu 20.04,2022-09-30,Morning,2.0,16.4,42.6,90.9,40.3,9.76,158.1,66.2,4,2106.0,219.8,397,241,75.4,35,None,None,0,High
IT-STR-002,Storage Device,Data Center,N/A,2021-04-30,Night,5.4,28.9,36.3,60.8,34.1,7.38,80.4,100.0,2,1687.0,229.5,4501,152,90.8,62,None,None,0,Low
IT-SRV-002,Server,Data Center,Windows Server 2022,2023-08-27,Night,6.6,48.1,74.2,72.0,37.7,5.24,361.4,91.7,0,2965.0,217.9,8653,355,73.5,178,None,None,0,Medium
IT-RTR-003,Router,Network Room,Cisco IOS,2021-02-03,Afternoon,5.6,51.4,77.2,35.5,40.5,2.47,74.3,97.6,37,2450.0,220.4,7425,215,32.0,1,OS/Software,Software Crash,1,Critical
IT-SRV-004,Server,Data Center,Red Hat Linux,2021-06-03,Afternoon,5.1,35.2,52.0,31.0,43.1,6.66,454.1,95.8,4,2986.0,195.2,6280,233,79.7,5,Power Supply,Power Failure,1,Critical
IT-RTR-003,Router,Network Room,Cisco IOS,2023-01-03,Night,3.1,39.8,42.7,65.8,48.0,3.04,106.1,96.3,27,2492.0,218.2,8527,138,54.7,7,Hard Disk,Disk Failure,1,Critical
IT-SRV-005,Server,Data Center,Windows Server 2022,2022-04-19,Afternoon,0.8,48.9,47.4,70.3,34.6,6.78,351.2,97.6,3,3020.0,210.3,3397,67,95.5,42,None,None,0,Low
IT-FRW-002,Firewall,Network Room,Fortinet FortiOS,2022-07-30,Morning,1.3,29.3,42.6,23.0,46.7,3.04,81.4,94.5,0,2760.0,221.5,4549,271,81.9,162,None,None,0,Medium
IT-SRV-005,Server,Data Center,Red Hat Linux,2022-06-25,Night,5.8,18.1,96.0,41.7,42.5,3.02,338.7,84.2,0,2797.0,223.0,2476,28,93.6,142,None,None,0,Low
IT-FRW-001,Firewall,Network Room,pfSense,2023-11-18,Afternoon,5.5,42.1,44.0,20.6,36.1,4.83,89.2,96.7,5,2500.0,224.1,6888,132,88.3,71,None,None,0,Low
IT-FRW-001,Firewall,Network Room,Fortinet FortiOS,2022-06-19,Night,2.3,28.2,45.8,19.2,38.0,2.19,93.9,95.1,1,2407.0,224.9,4000,46,98.5,79,None,None,0,Low
IT-WRK-003,Workstation,Office,Ubuntu 20.04,2021-01-03,Afternoon,3.2,46.5,77.9,52.4,41.3,6.79,118.1,88.8,4,2124.0,216.5,2369,4,94.0,90,None,None,0,Low
IT-SWT-001,Switch,Network Room,Cisco IOS,2023-07-26,Night,3.7,38.5,28.6,32.8,51.4,2.34,85.7,100.0,0,2376.0,220.0,3466,26,100.0,67,None,None,0,Low
IT-SRV-003,Server,Data Center,Windows Server 2022,2023-01-11,Morning,4.1,44.8,48.9,100.0,50.3,0.1,364.6,94.3,17,2927.0,222.9,5154,155,58.5,1,Hard Disk,Disk Failure,1,Critical
IT-WRK-001,Workstation,Office,Windows 11,2022-01-09,Night,3.7,38.6,73.7,53.9,37.6,9.41,139.3,100.0,2,2172.0,212.0,5679,350,71.0,45,None,None,0,Medium
IT-RTR-002,Router,Network Room,Cisco IOS,2022-12-22,Morning,2.2,39.1,10.2,28.5,34.4,4.61,76.4,100.0,1,2640.0,226.1,8728,202,87.3,73,None,None,0,Medium
IT-STR-002,Storage Device,Data Center,N/A,2022-02-10,Afternoon,3.6,24.7,16.5,82.5,38.2,9.64,116.2,96.8,1,1995.0,222.3,410,232,84.3,150,None,None,0,Medium
IT-RTR-002,Router,Network Room,Cisco IOS,2021-09-05,Morning,4.3,27.6,41.3,24.7,43.1,3.96,80.9,100.0,1,2242.0,221.7,5263,195,88.0,66,None,None,0,Medium
IT-SRV-005,Server,Data Center,Ubuntu 22.04,2023-09-04,Morning,1.4,37.4,58.0,67.2,54.1,6.24,357.1,95.1,2,3027.0,223.2,7262,126,93.4,166,None,None,0,Low
IT-SRV-002,Server,Data Center,Ubuntu 22.04,2023-03-14,Morning,3.0,60.1,85.0,66.1,43.9,101.18,345.7,95.4,13,2888.0,218.1,1594,9,78.5,4,Network Interface,Network Outage,1,Critical
IT-SRV-002,Server,Data Center,Windows Server 2022,2022-12-14,Morning,2.2,98.4,59.8,45.9,67.4,6.59,424.8,93.6,3,2468.0,224.6,6764,73,71.4,6,Cooling System,Overheating,1,Critical
IT-SRV-004,Server,Data Center,Red Hat Linux,2022-06-30,Night,6.7,41.4,46.5,32.6,41.2,4.02,355.2,97.9,5,2920.0,222.1,551,80,92.5,56,None,None,0,Low
IT-WRK-001,Workstation,Office,Ubuntu 20.04,2022-09-05,Night,7.6,90.1,63.4,48.4,35.0,9.6,140.3,97.2,2,1860.0,220.9,6541,87,87.0,84,None,None,0,High
IT-FRW-001,Firewall,Network Room,pfSense,2022-01-20,Afternoon,5.9,37.2,31.0,7.5,38.0,2.76,87.6,100.0,1,2557.0,219.3,168,164,91.1,161,None,None,0,Low
IT-RTR-003,Router,Network Room,N/A,2023-07-30,Afternoon,6.5,43.6,43.3,44.2,34.9,3.56,76.7,99.2,1,2296.0,222.0,4228,149,92.6,86,None,None,0,Low
IT-PRT-001,Printer,Office,N/A,2022-05-23,Afternoon,6.1,19.2,25.7,65.7,35.8,4.08,113.3,97.3,2,1828.0,219.0,4805,124,93.6,163,None,None,0,Low
IT-UPS-002,UPS,Power Room,N/A,2021-02-26,Night,3.0,0.0,18.4,13.1,27.8,1.19,405.4,84.0,1,2014.0,217.4,5392,236,83.9,163,None,None,0,Medium
IT-UPS-002,UPS,Power Room,N/A,2022-01-13,Afternoon,6.7,9.2,21.6,10.4,34.4,0.1,539.7,92.6,1,2048.0,227.2,2488,176,89.9,52,None,None,0,Low
IT-UPS-003,UPS,Power Room,N/A,2023-09-01,Night,0.5,6.2,30.4,13.1,28.4,1.5,551.2,96.0,3,1993.0,224.5,6006,273,77.2,136,None,None,0,Medium
IT-SWT-002,Switch,Network Room,Cisco IOS,2021-07-17,Afternoon,2.1,31.5,39.1,37.3,41.3,4.84,89.1,100.0,0,2545.0,217.5,1565,15,100.0,115,None,None,0,Low
IT-WRK-001,Workstation,Office,Windows 11,2022-06-27,Night,1.6,43.8,100.0,87.7,43.3,3.37,157.3,73.6,2,1872.0,215.0,3279,142,81.6,88,None,None,0,Low
IT-SRV-001,Server,Data Center,Windows Server 2022,2021-03-13,Morning,1.3,48.5,54.8,45.5,51.9,5.62,246.2,92.2,0,2651.0,220.8,6158,99,99.1,38,None,None,0,Low
IT-RTR-001,Router,Network Room,N/A,2023-03-11,Morning,2.0,10.7,39.8,29.2,34.2,3.57,74.4,97.4,0,2523.0,220.3,118,111,97.9,92,None,None,0,Low
IT-SWT-001,Switch,Network Room,Cisco IOS,2021-09-03,Night,1.8,59.8,55.1,28.0,36.9,2.22,70.3,98.2,0,2331.0,216.9,826,140,95.0,174,None,None,0,Low
IT-WRK-003,Workstation,Office,Windows 11,2023-08-13,Morning,6.9,0.0,58.7,47.0,45.9,9.09,155.6,56.2,4,1921.0,220.4,1297,239,79.1,51,None,None,0,Medium
IT-SWT-002,Switch,Network Room,HP ProCurve,2022-09-17,Morning,2.9,32.5,41.7,34.2,30.0,3.67,66.0,100.0,0,2591.0,225.3,5976,36,100.0,67,None,None,0,Low
IT-SRV-003,Server,Data Center,Windows Server 2022,2023-09-07,Morning,6.9,66.0,66.5,44.4,43.2,4.4,382.6,96.8,3,3007.0,219.2,7142,81,95.5,72,None,None,0,Low
IT-WRK-003,Workstation,Office,Ubuntu 20.04,2021-07-19,Afternoon,4.6,63.8,49.6,78.8,31.3,10.43,175.0,82.9,2,2390.0,211.4,927,330,73.0,107,None,None,0,Medium
IT-SRV-004,Server,Data Center,Windows Server 2022,2023-01-18,Afternoon,4.6,53.9,63.5,67.0,38.2,3.2,291.3,91.4,4,2714.0,212.2,8493,129,90.1,166,None,None,0,Low
IT-RTR-002,Router,Network Room,Juniper JunOS,2022-09-11,Morning,2.6,27.3,31.4,39.5,34.6,3.35,90.9,97.9,0,2479.0,219.0,4657,363,72.7,77,None,None,0,Medium
IT-SRV-004,Server,Data Center,Red Hat Linux,2023-03-11,Afternoon,2.4,35.7,57.8,54.0,39.9,7.74,351.0,95.8,2,3238.0,214.2,1466,137,92.3,89,None,None,0,Low
IT-SRV-004,Server,Data Center,Ubuntu 22.04,2022-09-24,Night,1.1,43.2,27.2,52.7,49.9,4.44,328.5,96.5,4,3311.0,223.4,4221,144,88.6,78,None,None,0,Low
IT-SRV-004,Server,Data Center,Ubuntu 22.04,2022-01-06,Night,5.9,55.4,55.2,78.5,33.4,6.97,414.7,98.9,3,2689.0,225.9,5670,301,74.4,33,None,None,0,Medium
IT-RTR-001,Router,Network Room,Juniper JunOS,2021-09-14,Morning,7.4,36.8,31.4,31.0,40.1,3.77,91.5,97.1,2,2487.0,219.0,474,192,86.8,64,None,None,0,Medium
IT-WRK-004,Workstation,Office,Windows 10,2021-04-07,Morning,1.4,35.9,58.5,84.0,40.8,8.32,130.3,88.8,2,1973.0,222.1,4847,284,77.6,139,None,None,0,Medium
IT-UPS-002,UPS,Power Room,N/A,2021-03-14,Morning,5.6,0.2,14.9,20.6,32.9,1.23,557.6,80.9,2,1997.0,240.8,8609,180,88.0,73,None,None,0,Low
IT-WRK-003,Workstation,Office,Ubuntu 20.04,2023-07-12,Afternoon,7.7,77.4,86.9,75.9,33.3,6.27,157.2,60.2,2,1906.0,221.5,1655,266,73.0,145,None,None,0,Medium
IT-SRV-004,Server,Data Center,Ubuntu 22.04,2021-03-01,Night,4.5,52.5,50.3,72.9,48.1,4.33,238.1,92.0,2,2907.0,214.9,3074,326,73.4,109,None,None,0,Medium
IT-RTR-002,Router,Network Room,Juniper JunOS,2023-04-28,Night,1.7,29.9,24.2,33.5,35.8,2.12,61.4,96.6,1,2365.0,217.8,5745,235,84.0,112,None,None,0,Medium
IT-UPS-002,UPS,Power Room,N/A,2021-11-02,Afternoon,3.7,9.3,15.5,8.7,34.6,0.78,553.0,92.7,1,1983.0,217.0,1522,348,72.7,167,None,None,0,Medium
IT-UPS-001,UPS,Power Room,N/A,2023-02-22,Afternoon,6.8,13.8,17.4,12.9,32.9,0.85,388.4,79.5,1,2050.0,223.9,6182,11,98.5,42,None,None,0,Low
IT-UPS-001,UPS,Power Room,N/A,2022-08-04,Afternoon,5.4,7.2,20.9,18.2,27.9,1.25,487.7,85.3,0,2134.0,238.1,4236,40,100.0,103,None,None,0,Low
IT-SRV-005,Server,Data Center,Ubuntu 22.04,2023-10-12,Night,0.9,35.1,43.9,55.4,30.2,5.57,290.7,96.9,3,3156.0,228.3,4631,2,95.5,142,None,None,0,Low
IT-WRK-003,Workstation,Office,Windows 10,2022-02-10,Afternoon,6.8,31.8,27.0,38.6,37.2,9.2,194.8,93.0,5,1906.0,220.0,3725,334,68.1,175,None,None,0,Medium
IT-WRK-001,Workstation,Office,Ubuntu 20.04,2021-08-25,Afternoon,3.4,35.9,69.7,81.7,39.8,84.61,93.9,81.0,17,2001.0,213.6,778,246,58.9,6,Network Interface,Network Outage,1,Critical
IT-RTR-003,Router,Network Room,Juniper JunOS,2022-08-30,Morning,2.5,26.9,49.8,37.7,33.6,2.35,75.1,99.3,0,2284.0,223.4,8387,99,99.1,177,None,None,0,Low
IT-RTR-002,Router,Network Room,Juniper JunOS,2022-01-26,Night,5.2,36.5,19.0,23.9,27.9,3.7,68.1,100.0,4,2465.0,221.3,4759,279,75.1,153,None,None,0,Medium
IT-STR-002,Storage Device,Data Center,N/A,2021-08-18,Morning,6.9,18.8,42.2,100.0,41.0,14.54,79.3,100.0,10,1669.0,223.2,7917,241,56.0,0,Hard Disk,Disk Failure,1,Critical
IT-SWT-003,Switch,Network Room,Cisco IOS,2023-03-15,Morning,3.8,22.2,33.8,47.1,36.0,3.42,70.9,94.6,0,2655.0,218.3,8221,11,100.0,142,None,None,0,Low
IT-FRW-002,Firewall,Network Room,pfSense,2022-11-07,Afternoon,1.8,46.5,41.6,29.4,34.2,3.45,44.0,99.1,0,2730.0,222.6,8634,15,100.0,65,None,None,0,Low
IT-WRK-002,Workstation,Office,Windows 11,2022-01-05,Afternoon,2.6,37.0,28.0,77.2,41.2,5.0,207.0,90.7,6,1973.0,225.0,863,246,75.4,108,None,None,0,Medium
IT-UPS-001,UPS,Power Room,N/A,2021-10-29,Afternoon,8.0,8.6,16.6,7.9,32.2,0.89,611.7,86.8,0,1977.0,213.9,6726,174,91.6,41,None,None,0,Low
IT-SRV-002,Server,Data Center,Windows Server 2022,2021-05-03,Morning,1.6,70.2,100.0,73.2,53.2,6.5,426.5,99.5,24,3299.0,219.1,7804,185,45.5,7,OS/Software,Software Crash,1,Critical
IT-RTR-002,Router,Network Room,N/A,2022-10-15,Afternoon,0.6,33.5,32.6,39.1,38.8,6.2,52.7,99.6,1,2651.0,216.2,4742,175,90.0,144,None,None,0,Low
IT-FRW-002,Firewall,Network Room,Fortinet FortiOS,2022-09-15,Night,2.2,29.6,37.4,23.8,30.4,4.6,84.4,97.8,0,2500.0,214.5,7005,140,95.0,142,None,None,0,Low
IT-STR-002,Storage Device,Data Center,N/A,2021-08-31,Afternoon,4.8,14.2,55.1,64.1,40.4,10.96,92.2,90.7,11,1843.0,217.5,4430,26,83.5,7,RAM,Memory Failure,1,Critical
IT-FRW-001,Firewall,Network Room,Fortinet FortiOS,2023-12-18,Night,2.5,52.4,40.8,24.3,36.9,2.9,79.8,99.6,3,2219.0,225.7,2909,240,80.5,69,None,None,0,Medium
IT-SWT-001,Switch,Network Room,HP ProCurve,2022-05-07,Night,4.4,38.1,50.3,27.8,38.1,3.52,80.7,97.6,0,2330.0,218.5,8191,298,79.2,32,None,None,0,Medium
IT-UPS-002,UPS,Power Room,N/A,2022-02-14,Afternoon,3.7,11.2,20.7,17.3,56.7,0.49,554.4,96.8,13,1942.0,206.1,3176,80,79.1,0,Motherboard,Hardware Failure,1,Critical
IT-PRT-002,Printer,Office,N/A,2021-04-30,Afternoon,3.8,18.5,7.6,74.9,35.5,6.1,113.0,100.0,3,1789.0,224.9,6791,98,94.7,57,None,None,0,Low
IT-SRV-004,Server,Data Center,Ubuntu 22.04,2021-04-17,Night,1.4,0.0,72.5,100.0,40.3,5.36,386.0,100.0,21,3045.0,225.6,5720,339,25.4,0,Hard Disk,Disk Failure,1,Critical
IT-WRK-003,Workstation,Office,Windows 11,2023-09-08,Afternoon,2.6,22.5,37.0,50.8,33.9,1.92,123.4,98.1,2,2311.0,224.4,7167,110,95.0,151,None,None,0,Low
IT-PRT-001,Printer,Office,N/A,2021-09-18,Morning,1.4,38.8,17.1,69.0,39.8,13.75,117.3,95.4,0,1805.0,218.4,7709,316,77.4,122,None,None,0,Medium
IT-RTR-002,Router,Network Room,Cisco IOS,2021-10-12,Afternoon,5.6,34.0,50.8,52.9,35.2,3.36,57.0,100.0,1,2412.0,223.9,5239,361,71.4,85,None,None,0,Medium
IT-PRT-001,Printer,Office,N/A,2023-06-27,Afternoon,2.1,36.4,29.1,100.0,38.0,14.56,50.4,91.1,1,2096.0,213.6,6833,153,79.0,132,None,None,0,High
IT-SRV-001,Server,Data Center,Windows Server 2022,2021-01-11,Afternoon,7.3,57.5,70.3,63.8,38.6,5.98,356.4,92.4,1,3102.0,217.6,1022,111,96.4,45,None,None,0,Low
IT-WRK-002,Workstation,Office,Windows 10,2023-02-21,Night,3.1,24.9,74.6,71.1,36.3,5.98,206.1,82.2,2,1992.0,218.0,3284,187,87.3,36,None,None,0,Medium
IT-SWT-003,Switch,Network Room,Cisco IOS,2021-07-28,Morning,4.8,37.6,32.3,20.8,41.8,3.03,76.0,99.0,0,2543.0,219.6,8381,174,91.6,156,None,None,0,Low
IT-RTR-002,Router,Network Room,Cisco IOS,2023-03-29,Night,5.4,43.1,31.1,14.2,33.1,2.68,63.1,97.7,0,2346.0,219.1,7694,23,100.0,77,None,None,0,Low
IT-SRV-001,Server,Data Center,Red Hat Linux,2021-01-20,Morning,5.3,50.4,47.6,55.8,49.0,7.94,432.6,100.0,3,2626.0,218.2,2294,47,95.5,129,None,None,0,Low
IT-RTR-001,Router,Network Room,Juniper JunOS,2021-08-29,Night,3.4,40.3,36.2,35.8,29.4,3.06,79.7,95.8,0,2604.0,218.3,8622,169,92.1,59,None,None,0,Low
IT-RTR-001,Router,Network Room,Juniper JunOS,2022-07-04,Afternoon,7.6,39.9,14.8,36.7,43.7,3.17,84.5,98.9,2,2636.0,220.2,4012,291,76.9,99,None,None,0,Medium
IT-RTR-002,Router,Network Room,Juniper JunOS,2023-10-18,Night,6.1,21.3,32.6,46.1,34.9,3.82,90.8,97.2,16,2399.0,224.8,4085,223,62.7,7,Hard Disk,Disk Failure,1,Critical
IT-RTR-002,Router,Network Room,Cisco IOS,2021-05-27,Morning,4.5,53.7,29.7,28.1,34.2,2.21,81.9,98.5,0,2171.0,217.4,3110,364,72.6,117,None,None,0,Medium
IT-SRV-004,Server,Data Center,Windows Server 2022,2021-07-27,Afternoon,1.3,13.4,59.3,32.2,42.6,4.29,346.2,98.0,4,3042.0,227.1,321,12,94.0,94,None,None,0,Low
IT-SWT-001,Switch,Network Room,N/A,2023-02-20,Night,7.3,31.5,49.6,26.5,32.7,4.87,80.0,97.8,1,2484.0,220.4,1880,325,75.0,65,None,None,0,Medium
IT-SRV-001,Server,Data Center,Ubuntu 22.04,2023-03-01,Afternoon,4.4,40.2,64.0,32.7,36.6,6.78,280.9,89.6,0,3063.0,218.0,539,211,87.9,153,None,None,0,Medium
IT-SRV-005,Server,Data Center,Windows Server 2022,2021-03-30,Afternoon,4.2,36.6,38.0,52.0,35.6,6.78,395.5,95.3,1,2803.0,213.2,7878,305,77.0,179,None,None,0,Medium
IT-SRV-002,Server,Data Center,Windows Server 2022,2022-08-15,Night,1.4,50.9,75.1,44.9,40.4,2.1,439.0,94.0,3,3041.0,193.6,7926,348,69.7,5,Power Supply,Power Failure,1,Critical
IT-SWT-002,Switch,Network Room,HP ProCurve,2022-12-13,Afternoon,3.3,39.4,30.2,25.4,41.5,4.37,70.3,99.1,0,2297.0,219.3,8143,279,81.1,149,None,None,0,Medium
IT-UPS-001,UPS,Power Room,N/A,2023-07-06,Morning,1.6,8.0,17.6,12.6,27.9,0.99,364.1,95.8,1,1937.0,218.1,4120,304,77.1,175,None,None,0,Medium
IT-STR-002,Storage Device,Data Center,N/A,2022-04-20,Night,5.8,17.3,30.2,57.1,23.2,11.27,82.1,90.9,0,2073.0,225.6,4593,362,72.8,161,None,None,0,Medium
IT-WRK-003,Workstation,Office,Windows 11,2022-05-05,Morning,2.4,62.9,15.2,66.0,43.9,3.56,154.7,69.6,3,2160.0,221.7,6629,280,76.5,127,None,None,0,Medium
IT-PRT-002,Printer,Office,N/A,2021-02-22,Morning,6.8,40.8,59.5,58.2,22.7,16.23,100.5,93.0,25,1916.0,218.6,3424,102,61.3,3,OS/Software,Software Crash,1,Critical
IT-RTR-001,Router,Network Room,N/A,2023-11-21,Night,3.5,42.4,53.7,18.6,34.2,3.42,68.5,98.7,1,2302.0,219.0,1677,5,98.5,75,None,None,0,Low
IT-WRK-002,Workstation,Office,Ubuntu 20.04,2021-01-25,Morning,3.8,21.9,56.8,83.3,42.8,13.25,137.1,94.1,3,2280.0,219.8,8608,180,86.5,144,None,None,0,Low
IT-WRK-002,Workstation,Office,Ubuntu 20.04,2021-11-29,Morning,1.9,44.7,63.3,72.8,29.3,6.81,121.6,77.4,5,2376.0,228.4,5062,347,66.8,161,None,None,0,Medium
IT-FRW-002,Firewall,Network Room,pfSense,2021-08-06,Night,2.3,24.3,31.8,30.6,48.6,3.33,65.5,96.1,0,2876.0,221.1,7034,32,100.0,52,None,None,0,Low
IT-UPS-003,UPS,Power Room,N/A,2022-01-21,Afternoon,1.1,9.6,20.4,11.5,30.3,0.48,574.4,93.1,1,1984.0,225.6,2713,256,81.9,62,None,None,0,Medium
IT-FRW-002,Firewall,Network Room,pfSense,2021-07-27,Night,2.1,54.7,34.4,19.5,37.1,3.01,91.8,99.6,1,2498.0,223.7,5283,37,98.5,35,None,None,0,Low
IT-PRT-002,Printer,Office,N/A,2022-05-10,Morning,5.4,23.8,40.0,53.8,25.4,12.6,112.1,86.1,0,1586.0,211.4,5263,76,100.0,61,None,None,0,Low
IT-WRK-003,Workstation,Office,Windows 10,2023-12-27,Morning,7.5,59.2,77.0,100.0,40.3,9.67,143.3,83.6,2,2496.0,220.2,474,158,80.2,30,None,None,0,High
IT-RTR-002,Router,Network Room,Cisco IOS,2023-07-23,Afternoon,2.0,43.4,56.3,22.9,36.5,2.12,98.1,97.4,0,2647.0,217.1,2267,357,73.3,38,None,None,0,Medium
IT-WRK-001,Workstation,Office,Windows 11,2021-01-09,Night,5.6,58.7,53.0,75.4,34.5,7.65,145.5,96.2,5,2290.0,222.5,8375,275,74.0,126,None,None,0,Medium
IT-PRT-002,Printer,Office,N/A,2022-03-22,Night,3.9,43.7,18.8,50.0,73.6,15.54,79.6,91.7,4,985.0,219.6,6410,247,63.4,4,Cooling System,Overheating,1,Critical
IT-SWT-002,Switch,Network Room,N/A,2021-06-19,Afternoon,2.5,37.7,45.2,30.2,44.5,4.3,73.9,96.3,1,2308.0,213.5,2204,26,98.5,126,None,None,0,Low
IT-WRK-002,Workstation,Office,Windows 11,2021-11-13,Morning,5.8,48.9,72.3,45.6,37.9,7.27,155.6,84.5,4,2305.0,219.8,1758,175,85.5,104,None,None,0,Low
IT-SWT-001,Switch,Network Room,Cisco IOS,2022-02-28,Morning,0.8,31.4,48.1,33.7,35.2,3.85,77.2,100.0,1,2355.0,220.0,1219,52,98.5,59,None,None,0,Low
IT-FRW-001,Firewall,Network Room,pfSense,2022-12-17,Afternoon,7.2,25.0,26.6,29.0,44.5,1.99,118.1,94.4,2,2510.0,216.0,8575,271,78.9,66,None,None,0,Medium
IT-WRK-004,Workstation,Office,Ubuntu 20.04,2022-07-02,Afternoon,7.3,39.6,54.6,85.6,36.9,8.36,109.4,86.9,2,1979.0,229.0,7412,294,76.2,53,None,None,0,Medium
IT-FRW-001,Firewall,Network Room,Cisco ASA,2021-10-21,Afternoon,3.6,24.1,36.1,28.8,24.8,2.8,81.7,96.6,1,2628.0,218.9,4601,177,89.8,160,None,None,0,Low
IT-SWT-003,Switch,Network Room,HP ProCurve,2022-01-03,Morning,6.5,28.5,43.9,40.2,33.4,3.38,67.7,97.0,0,2664.0,219.9,7312,212,87.8,148,None,None,0,Medium
IT-STR-002,Storage Device,Data Center,N/A,2021-11-23,Afternoon,6.6,30.8,16.1,61.0,34.5,6.57,79.5,90.0,3,1785.0,219.0,4079,130,91.5,161,None,None,0,Low
IT-RTR-002,Router,Network Room,N/A,2022-04-08,Afternoon,3.1,38.0,44.8,38.9,32.6,5.69,89.9,98.6,1,2806.0,217.0,4437,121,95.4,90,None,None,0,Low
IT-PRT-002,Printer,Office,N/A,2021-11-22,Afternoon,3.2,55.2,58.2,54.0,67.1,9.04,77.8,97.6,27,1771.0,225.6,5623,49,49.8,0,CPU/RAM,Server Crash,1,Critical
IT-SRV-001,Server,Data Center,Ubuntu 22.04,2023-05-24,Afternoon,4.1,73.5,33.3,39.5,39.9,6.62,342.1,83.6,4,2769.0,224.1,1659,331,68.2,96,None,None,0,Medium
IT-WRK-002,Workstation,Office,Windows 10,2021-09-15,Night,1.4,45.3,52.1,84.3,31.0,7.18,143.4,81.5,2,2219.0,234.7,1028,329,73.1,173,None,None,0,Medium
IT-SRV-003,Server,Data Center,Ubuntu 22.04,2022-07-12,Afternoon,0.8,63.7,43.5,53.2,41.1,5.08,278.9,94.0,2,2934.0,222.4,3885,244,81.6,162,None,None,0,Medium
IT-SRV-005,Server,Data Center,Ubuntu 22.04,2023-07-30,Morning,6.8,44.9,38.5,39.9,48.3,8.9,315.6,100.0,1,3208.0,212.2,751,247,82.8,37,None,None,0,Medium
IT-SRV-003,Server,Data Center,Red Hat Linux,2022-07-14,Morning,3.9,44.2,46.7,43.2,44.3,8.0,414.7,91.8,0,3212.0,215.6,1215,273,81.7,89,None,None,0,Medium
IT-UPS-003,UPS,Power Room,N/A,2022-06-03,Night,4.5,7.9,18.2,16.4,35.5,0.1,378.7,100.0,2,1997.0,223.7,5219,17,97.0,123,None,None,0,Low
IT-SRV-002,Server,Data Center,Windows Server 2019,2021-02-23,Afternoon,6.6,42.4,56.4,63.2,40.1,5.61,353.0,86.2,4,3174.0,218.0,7064,275,75.5,118,None,None,0,Medium
IT-UPS-001,UPS,Power Room,N/A,2021-03-15,Morning,1.8,0.0,21.9,9.9,36.0,1.01,584.1,86.9,0,2011.0,208.1,735,362,72.8,113,None,None,0,Medium
IT-PRT-001,Printer,Office,N/A,2023-09-19,Night,3.8,20.3,29.0,81.6,34.6,10.0,96.1,85.8,4,1584.0,219.5,8544,296,73.4,64,None,None,0,Medium
IT-FRW-001,Firewall,Network Room,pfSense,2022-08-14,Night,5.9,22.6,39.7,55.0,39.9,2.48,89.0,100.0,1,2367.0,220.0,3400,148,92.7,30,None,None,0,Low
IT-SRV-003,Server,Data Center,Red Hat Linux,2023-08-25,Night,2.1,32.1,65.5,68.9,36.3,2.16,346.1,98.3,0,3280.0,217.4,1024,93,99.7,63,None,None,0,Low
IT-STR-001,Storage Device,Data Center,N/A,2022-08-26,Morning,3.7,19.4,21.1,100.0,42.3,6.46,98.7,92.1,21,1567.0,221.2,3041,6,47.4,1,Hard Disk,Disk Failure,1,Critical
IT-UPS-002,UPS,Power Room,N/A,2022-02-01,Morning,6.6,22.0,21.0,12.8,25.2,1.02,505.3,91.9,0,1964.0,203.2,7288,264,82.6,140,None,None,0,Medium
IT-RTR-002,Router,Network Room,N/A,2023-12-08,Night,1.7,26.4,30.1,22.1,36.2,2.95,98.5,98.9,2,2483.0,219.2,5263,103,95.7,44,None,None,0,Low
IT-SRV-003,Server,Data Center,Ubuntu 22.04,2022-10-17,Morning,2.6,69.1,48.6,46.8,40.8,7.42,473.8,93.6,1,2989.0,189.7,7927,15,98.5,7,Power Supply,Power Failure,1,Critical
IT-SRV-003,Server,Data Center,Red Hat Linux,2021-07-01,Afternoon,6.2,60.9,75.0,78.8,51.4,6.39,355.4,87.4,4,2940.0,216.7,789,112,91.8,136,None,None,0,Low
IT-PRT-002,Printer,Office,N/A,2022-01-29,Morning,6.5,8.6,68.6,76.9,38.2,5.9,99.0,90.8,21,1961.0,216.9,3758,226,54.9,2,RAM,Memory Failure,1,Critical
IT-WRK-004,Workstation,Office,Windows 10,2022-06-03,Afternoon,0.5,36.8,67.9,83.1,38.1,8.28,145.1,88.9,3,2215.0,219.5,2386,58,95.5,88,None,None,0,Low
IT-WRK-004,Workstation,Office,Windows 11,2023-05-26,Night,5.8,29.5,44.1,69.9,33.3,7.21,106.1,82.1,0,2087.0,221.5,5969,90,100.0,46,None,None,0,Low
IT-PRT-002,Printer,Office,N/A,2022-04-01,Night,0.8,7.0,30.5,63.3,31.8,5.02,93.0,92.5,0,1835.0,212.3,6965,274,81.6,60,None,None,0,Medium
IT-UPS-001,UPS,Power Room,N/A,2022-01-26,Afternoon,6.2,7.2,18.4,22.3,25.5,1.33,533.9,84.5,1,2121.0,215.7,4571,34,98.5,147,None,None,0,Low
IT-FRW-001,Firewall,Network Room,pfSense,2021-09-17,Morning,1.6,80.9,51.7,33.4,79.5,2.27,77.8,97.6,1,1798.0,215.6,2557,148,67.7,0,Cooling System,Overheating,1,Critical
IT-SRV-003,Server,Data Center,Windows Server 2019,2023-04-20,Night,2.8,58.9,100.0,55.6,39.7,1.28,426.2,88.7,16,3288.0,220.9,5721,212,51.0,0,RAM,Memory Failure,1,Critical
IT-WRK-004,Workstation,Office,Windows 11,2023-10-26,Night,6.2,24.1,45.7,57.3,64.0,12.52,165.3,79.4,1,1381.0,210.6,819,23,91.3,2,Cooling System,Overheating,1,Critical
IT-PRT-001,Printer,Office,N/A,2021-02-01,Morning,0.9,14.8,22.5,50.0,32.8,9.33,136.4,88.5,2,1749.0,213.0,4479,90,97.0,40,None,None,0,Low
IT-WRK-001,Workstation,Office,Windows 11,2022-06-27,Night,2.0,73.2,73.7,90.6,76.4,9.15,104.4,72.7,16,1971.0,219.4,8287,159,47.1,0,CPU/RAM,Server Crash,1,Critical
IT-FRW-001,Firewall,Network Room,Fortinet FortiOS,2023-02-14,Night,7.5,32.7,40.6,27.4,31.8,3.39,82.7,98.0,1,2565.0,215.8,8606,19,98.5,156,None,None,0,Low
IT-SRV-003,Server,Data Center,Red Hat Linux,2021-08-08,Afternoon,1.6,34.1,43.3,51.3,41.8,4.06,367.0,98.5,2,3130.0,210.4,2803,235,82.5,39,None,None,0,Medium
IT-UPS-003,UPS,Power Room,N/A,2022-01-01,Morning,2.6,12.5,16.2,18.1,31.6,0.92,400.0,76.2,2,2039.0,219.9,2101,167,89.3,72,None,None,0,Low
IT-RTR-001,Router,Network Room,Juniper JunOS,2023-02-03,Morning,5.9,33.0,27.6,37.0,35.4,3.22,79.7,99.0,0,2320.0,223.6,1728,167,92.3,66,None,None,0,Low
IT-SWT-002,Switch,Network Room,HP ProCurve,2021-09-12,Afternoon,6.0,44.7,48.9,30.6,33.6,1.56,76.8,98.6,4,2478.0,223.5,6724,364,66.6,45,None,None,0,Medium
IT-WRK-001,Workstation,Office,Windows 11,2022-06-27,Afternoon,5.5,39.9,26.9,69.8,35.2,5.95,149.2,62.4,1,2459.0,223.2,8175,79,98.5,30,None,None,0,Low
IT-SWT-001,Switch,Network Room,HP ProCurve,2022-04-17,Afternoon,0.6,21.0,44.2,35.7,37.5,2.92,69.4,97.6,1,2469.0,230.3,7029,162,91.3,137,None,None,0,Low
IT-FRW-001,Firewall,Network Room,pfSense,2022-10-09,Morning,0.9,38.0,27.8,15.4,42.0,1.77,95.5,100.0,1,2647.0,218.7,1563,310,76.5,154,None,None,0,Medium
IT-WRK-002,Workstation,Office,Ubuntu 20.04,2021-02-16,Morning,6.1,24.2,21.0,31.0,36.0,2.91,168.5,79.1,1,2364.0,228.0,2917,189,88.6,43,None,None,0,Medium
IT-WRK-002,Workstation,Office,Windows 10,2023-04-24,Afternoon,0.6,55.8,63.3,73.4,35.4,6.76,109.6,100.0,3,2125.0,214.1,3933,244,80.1,143,None,None,0,Medium
IT-SWT-001,Switch,Network Room,Cisco IOS,2022-07-19,Afternoon,5.5,22.5,16.6,46.2,38.4,3.73,78.7,20.5,0,2659.0,191.4,4265,173,91.7,5,Battery,UPS Battery Failure,1,Critical
IT-SRV-003,Server,Data Center,Red Hat Linux,2022-08-22,Afternoon,6.3,52.1,89.7,28.1,34.8,3.34,295.5,99.6,0,2886.0,217.0,617,38,96.1,85,None,None,0,Low
IT-UPS-003,UPS,Power Room,N/A,2023-06-22,Night,7.7,17.2,19.0,11.7,21.6,1.14,581.2,100.0,3,2002.0,217.8,7767,262,78.3,158,None,None,0,Medium
IT-STR-002,Storage Device,Data Center,N/A,2021-12-19,Morning,0.8,13.8,26.5,51.3,25.7,7.46,118.5,89.0,2,1863.0,224.4,5059,122,93.8,54,None,None,0,Low
IT-SRV-002,Server,Data Center,Red Hat Linux,2022-09-27,Night,7.0,44.5,46.7,58.9,44.5,8.5,366.7,96.5,1,3033.0,228.7,1788,182,89.3,137,None,None,0,Medium
IT-WRK-004,Workstation,Office,Windows 11,2021-12-18,Afternoon,3.9,32.6,92.8,66.5,41.2,6.11,151.7,68.4,3,2296.0,218.8,3964,26,90.4,169,None,None,0,Low
IT-STR-001,Storage Device,Data Center,N/A,2021-09-22,Morning,7.0,37.6,37.2,76.2,42.4,7.15,201.3,92.8,1,1759.0,188.1,4944,176,89.9,2,Power Supply,Power Failure,1,Critical
IT-RTR-003,Router,Network Room,Juniper JunOS,2021-03-20,Night,0.6,31.6,25.1,28.3,37.8,2.35,91.0,95.8,2,2608.0,222.0,259,303,75.7,85,None,None,0,Medium
IT-SRV-004,Server,Data Center,Windows Server 2022,2023-03-12,Night,8.0,26.8,22.7,31.9,43.6,5.65,294.6,100.0,1,2971.0,213.2,1110,282,79.3,164,None,None,0,Medium
IT-WRK-001,Workstation,Office,Windows 10,2021-11-04,Afternoon,5.8,50.1,68.0,61.1,44.0,1.92,116.7,72.8,2,2407.0,215.9,451,239,82.1,167,None,None,0,Medium
IT-SRV-003,Server,Data Center,Ubuntu 22.04,2023-05-02,Afternoon,5.7,52.1,40.1,48.9,41.2,6.94,426.1,95.0,2,2876.0,220.7,3730,150,91.0,87,None,None,0,Low
IT-WRK-002,Workstation,Office,Ubuntu 20.04,2023-08-27,Night,2.2,46.0,10.2,65.9,42.6,9.28,151.0,73.5,5,2265.0,223.4,3729,213,80.2,139,None,None,0,Medium
IT-WRK-003,Workstation,Office,Ubuntu 20.04,2023-05-02,Night,0.7,60.3,25.1,41.7,58.7,5.19,131.5,79.6,1,1715.0,220.1,5340,305,74.0,0,Cooling System,Overheating,1,Critical
IT-SRV-002,Server,Data Center,Ubuntu 22.04,2022-01-24,Night,3.4,31.3,24.6,86.8,50.7,1.77,309.9,97.4,1,3110.0,217.5,1744,291,77.3,31,None,None,0,Medium
IT-SRV-002,Server,Data Center,Ubuntu 22.04,2022-07-24,Morning,1.1,56.0,58.6,42.6,48.0,5.7,383.7,100.0,1,3004.0,212.8,4877,205,87.0,129,None,None,0,Medium
IT-SWT-001,Switch,Network Room,N/A,2022-12-23,Afternoon,6.7,42.0,44.7,44.2,40.2,3.79,87.2,98.0,4,2545.0,222.2,334,349,68.1,180,None,None,0,Medium
IT-RTR-003,Router,Network Room,N/A,2022-09-21,Night,7.8,37.7,27.2,52.4,39.4,3.0,109.6,95.8,3,2417.0,220.6,270,103,94.2,116,None,None,0,Low
IT-WRK-004,Workstation,Office,Windows 10,2021-08-15,Night,5.8,50.7,39.7,49.1,43.3,8.24,135.1,85.2,3,2120.0,229.1,7151,31,95.5,177,None,None,0,Low
IT-RTR-001,Router,Network Room,N/A,2022-01-03,Afternoon,6.3,23.8,62.1,44.9,37.7,2.95,102.7,99.4,2,2390.0,221.7,650,158,90.2,109,None,None,0,Low
IT-UPS-001,UPS,Power Room,N/A,2023-09-06,Night,2.7,13.2,13.0,24.9,33.5,1.44,311.6,96.2,1,2017.0,215.9,8140,211,86.4,162,None,None,0,Medium
IT-WRK-002,Workstation,Office,Windows 10,2021-11-07,Morning,7.9,13.3,58.0,75.7,46.6,9.07,139.5,98.8,2,2362.0,220.6,2453,193,86.7,39,None,None,0,Medium
IT-SWT-001,Switch,Network Room,Cisco IOS,2022-05-12,Morning,7.2,17.9,44.6,30.3,46.3,1.89,60.5,100.0,3,2660.0,219.1,1267,44,95.5,75,None,None,0,Low
IT-UPS-001,UPS,Power Room,N/A,2022-04-29,Morning,6.3,8.7,23.8,22.6,31.2,0.8,611.7,86.6,2,1839.0,214.7,4935,235,82.5,173,None,None,0,Medium
IT-WRK-002,Workstation,Office,Ubuntu 20.04,2022-12-11,Night,7.2,73.8,45.0,58.9,39.9,7.4,127.7,100.0,1,2367.0,224.5,7470,246,81.0,61,None,None,0,Medium
IT-SRV-002,Server,Data Center,Red Hat Linux,2022-08-27,Morning,4.0,33.0,60.9,44.5,45.8,3.75,380.2,90.7,1,2893.0,212.5,4755,38,98.5,48,None,None,0,Low
IT-SWT-003,Switch,Network Room,HP ProCurve,2022-07-11,Afternoon,3.0,41.8,27.4,35.9,38.1,5.38,102.5,95.5,1,2483.0,218.1,3829,186,88.9,95,None,None,0,Medium
IT-WRK-002,Workstation,Office,Windows 10,2021-07-09,Night,6.4,59.6,57.1,70.6,36.7,8.39,221.3,86.6,4,2491.0,213.3,3816,62,94.0,39,None,None,0,Low
IT-PRT-002,Printer,Office,N/A,2022-03-08,Night,1.9,19.9,22.7,58.6,32.4,5.65,119.3,90.5,1,1755.0,219.2,5265,47,98.5,106,None,None,0,Low
IT-SWT-002,Switch,Network Room,N/A,2021-01-23,Afternoon,7.9,32.4,46.5,41.3,39.2,3.5,70.0,97.2,1,2498.0,224.7,8584,247,82.8,72,None,None,0,Medium
IT-WRK-004,Workstation,Office,Ubuntu 20.04,2023-04-24,Night,2.4,60.3,57.5,67.7,45.5,5.82,123.3,85.4,5,2180.0,219.1,5908,247,76.8,160,None,None,0,Medium
IT-UPS-001,UPS,Power Room,N/A,2022-03-10,Night,0.5,8.6,23.3,15.7,28.6,1.23,509.7,95.1,1,2105.0,213.5,6506,99,97.6,164,None,None,0,Low
IT-SRV-002,Server,Data Center,Ubuntu 22.04,2021-11-18,Afternoon,4.0,43.3,65.9,63.3,32.8,4.67,358.5,100.0,3,3272.0,229.0,4063,190,85.5,103,None,None,0,Medium
IT-WRK-002,Workstation,Office,Ubuntu 20.04,2021-12-08,Morning,2.6,11.4,91.0,94.7,39.9,6.85,128.5,75.5,6,1771.0,208.0,3331,263,63.5,31,None,None,0,High
IT-FRW-002,Firewall,Network Room,Cisco ASA,2023-09-25,Afternoon,0.8,27.1,52.6,38.8,37.4,4.33,76.5,100.0,2,2637.0,222.1,2591,55,97.0,73,None,None,0,Low
IT-WRK-001,Workstation,Office,Ubuntu 20.04,2021-04-01,Night,6.4,10.3,100.0,72.1,27.4,10.9,140.6,66.3,5,2155.0,218.2,7594,19,84.0,49,None,None,0,Low
IT-FRW-001,Firewall,Network Room,Fortinet FortiOS,2021-08-21,Morning,2.8,39.2,31.0,25.3,39.0,0.5,79.9,97.1,0,2494.0,217.2,2343,73,100.0,77,None,None,0,Low
IT-PRT-002,Printer,Office,N/A,2023-12-17,Night,3.6,53.0,27.6,70.4,63.6,10.85,134.8,91.5,2,757.0,216.7,1065,291,70.1,3,Cooling System,Overheating,1,Critical
IT-WRK-003,Workstation,Office,Windows 11,2022-08-09,Morning,7.8,81.2,100.0,42.3,38.5,7.81,121.8,87.4,40,2129.0,216.7,395,344,0.0,7,OS/Software,Software Crash,1,Critical
IT-WRK-004,Workstation,Office,Ubuntu 20.04,2023-03-05,Night,1.9,45.5,11.2,56.9,42.9,7.03,164.4,94.0,1,1741.0,221.2,2428,260,81.5,86,None,None,0,Medium
IT-UPS-001,UPS,Power Room,N/A,2022-04-29,Morning,5.5,8.0,19.5,10.4,34.7,0.79,350.2,84.3,1,2035.0,217.2,6869,182,89.3,145,None,None,0,Medium
IT-SRV-004,Server,Data Center,Ubuntu 22.04,2023-11-02,Night,4.7,57.6,60.5,60.9,36.5,2.72,334.5,95.7,2,2947.0,225.9,3661,299,76.1,163,None,None,0,Medium
IT-RTR-002,Router,Network Room,Juniper JunOS,2023-10-19,Night,1.6,26.6,44.5,27.3,34.3,3.19,95.8,95.7,1,2609.0,219.7,4927,55,98.5,82,None,None,0,Low
IT-UPS-001,UPS,Power Room,N/A,2023-07-08,Afternoon,6.6,13.0,18.5,15.1,31.3,1.35,505.0,100.0,2,2107.0,222.0,8487,191,86.9,66,None,None,0,Medium
IT-SRV-004,Server,Data Center,Windows Server 2022,2021-02-05,Morning,5.4,53.3,39.0,69.6,49.5,6.38,379.5,96.8,1,2819.0,223.5,1901,179,89.6,67,None,None,0,Low
IT-WRK-002,Workstation,Office,Ubuntu 20.04,2022-12-18,Afternoon,6.0,19.0,52.3,63.2,37.3,15.11,161.5,77.5,5,2584.0,218.3,4009,18,92.5,87,None,None,0,Low
IT-WRK-004,Workstation,Office,Windows 11,2023-03-19,Afternoon,2.1,69.3,78.5,78.1,33.9,6.11,80.4,100.0,1,2259.0,217.8,4625,169,90.6,168,None,None,0,Low
IT-RTR-002,Router,Network Room,N/A,2021-12-16,Night,2.5,37.3,33.2,34.5,39.0,1.94,95.2,97.5,1,2373.0,222.7,8300,103,97.2,139,None,None,0,Low
IT-STR-002,Storage Device,Data Center,N/A,2022-07-15,Afternoon,6.6,25.3,33.7,64.0,31.2,8.83,115.8,91.7,1,1930.0,214.6,7462,215,86.0,135,None,None,0,Medium
IT-WRK-003,Workstation,Office,Windows 11,2021-08-18,Night,2.4,26.1,45.4,93.0,47.2,5.58,132.9,81.9,1,2393.0,222.1,8689,83,93.7,128,None,None,0,High
IT-SRV-004,Server,Data Center,Ubuntu 22.04,2023-06-30,Afternoon,4.0,60.2,82.2,31.6,46.4,4.53,265.1,100.0,2,3128.0,214.2,3619,66,96.1,121,None,None,0,Low
IT-SRV-001,Server,Data Center,Red Hat Linux,2021-10-24,Night,4.6,32.2,52.2,80.8,38.6,3.73,321.0,99.1,0,3078.0,171.0,3148,270,82.0,6,Power Supply,Power Failure,1,Critical
IT-UPS-002,UPS,Power Room,N/A,2022-04-17,Night,4.2,10.2,15.0,18.7,22.5,2.05,538.0,75.3,1,1858.0,222.0,2927,66,98.5,71,None,None,0,Low
IT-WRK-004,Workstation,Office,Windows 10,2023-11-23,Morning,1.1,2.8,60.9,94.0,36.9,8.32,140.5,83.4,3,2547.0,208.2,7719,342,64.9,90,None,None,0,High
IT-STR-001,Storage Device,Data Center,N/A,2021-09-07,Morning,4.0,54.6,14.3,73.5,66.3,7.41,110.2,94.1,2,1162.0,224.8,6896,364,60.5,3,Cooling System,Overheating,1,Critical
IT-PRT-002,Printer,Office,N/A,2023-05-02,Morning,3.9,28.4,24.3,63.4,35.0,13.15,115.1,93.0,2,1915.0,219.4,8550,10,97.0,160,None,None,0,Low
IT-UPS-001,UPS,Power Room,N/A,2023-02-09,Night,5.4,19.3,24.8,16.7,31.3,0.64,514.1,86.0,1,1963.0,217.6,358,319,75.6,180,None,None,0,Medium
IT-PRT-002,Printer,Office,N/A,2021-01-22,Night,6.9,16.8,14.4,66.2,38.3,7.43,107.7,86.3,3,1660.0,220.2,4125,229,81.6,111,None,None,0,Medium
IT-RTR-002,Router,Network Room,Cisco IOS,2021-09-29,Morning,4.1,34.9,53.4,27.2,42.7,2.23,80.8,97.3,0,2582.0,217.4,7647,236,85.4,179,None,None,0,Medium
IT-UPS-001,UPS,Power Room,N/A,2023-04-24,Night,1.2,6.3,63.1,21.7,27.0,0.99,499.5,85.5,18,1991.0,192.0,1806,166,65.4,2,RAM,Memory Failure,1,Critical
IT-RTR-001,Router,Network Room,N/A,2021-12-19,Afternoon,0.6,21.3,42.0,28.0,44.5,4.93,64.7,96.4,1,2470.0,220.1,2922,174,90.1,97,None,None,0,Low
IT-WRK-004,Workstation,Office,Windows 10,2023-05-19,Morning,6.6,41.7,57.9,60.2,34.7,10.52,142.4,82.2,4,2188.0,217.6,6248,34,94.0,161,None,None,0,Low
IT-WRK-003,Workstation,Office,Windows 11,2021-08-12,Morning,2.8,71.8,50.0,59.7,38.2,7.39,319.2,90.4,1,1900.0,180.9,374,313,75.3,7,Power Supply,Power Failure,1,Critical
IT-WRK-002,Workstation,Office,Windows 10,2021-04-08,Afternoon,3.3,41.4,37.1,56.0,45.4,9.91,102.6,95.5,3,2187.0,223.2,752,239,80.6,130,None,None,0,Medium
IT-FRW-002,Firewall,Network Room,Fortinet FortiOS,2021-06-15,Morning,6.2,47.0,49.0,22.6,35.7,3.0,59.8,98.9,0,2361.0,220.3,7153,241,84.9,48,None,None,0,Medium
IT-FRW-002,Firewall,Network Room,Fortinet FortiOS,2023-07-30,Morning,2.7,59.2,41.2,28.5,43.4,3.4,89.3,98.1,1,2500.0,215.9,6362,28,98.5,49,None,None,0,Low
IT-SWT-002,Switch,Network Room,Cisco IOS,2023-03-17,Night,4.0,44.2,30.1,43.1,34.8,1.54,78.5,94.9,2,2513.0,215.1,4273,274,78.6,43,None,None,0,Medium
IT-RTR-003,Router,Network Room,Juniper JunOS,2021-05-17,Morning,3.1,34.6,32.4,36.4,37.0,1.31,87.3,100.0,1,2499.0,215.1,358,120,95.5,168,None,None,0,Low
IT-SRV-002,Server,Data Center,Red Hat Linux,2023-08-07,Night,5.3,41.3,45.8,63.7,34.5,3.11,228.3,82.5,1,2988.0,215.2,7303,346,72.9,136,None,None,0,Medium
IT-SRV-002,Server,Data Center,Red Hat Linux,2021-02-07,Afternoon,3.1,27.3,47.3,69.6,39.4,6.26,367.7,93.6,3,2767.0,211.3,5344,249,79.6,180,None,None,0,Medium
IT-RTR-002,Router,Network Room,Cisco IOS,2022-04-04,Night,4.7,36.2,50.7,47.5,29.8,4.01,72.1,99.4,2,2525.0,215.1,8476,81,97.0,134,None,None,0,Low
IT-STR-001,Storage Device,Data Center,N/A,2021-11-23,Night,4.6,20.9,23.6,72.0,37.7,11.43,110.4,95.5,1,1811.0,222.9,5318,161,91.4,128,None,None,0,Low
IT-SWT-002,Switch,Network Room,HP ProCurve,2022-04-07,Afternoon,6.6,32.6,38.0,47.0,33.1,4.5,68.5,98.4,0,2507.0,218.5,4036,350,74.0,178,None,None,0,Medium
IT-UPS-003,UPS,Power Room,N/A,2023-01-30,Afternoon,2.7,3.7,15.0,21.1,36.5,0.55,577.8,100.0,3,2008.0,224.9,1641,347,69.8,154,None,None,0,Medium
IT-PRT-001,Printer,Office,N/A,2023-06-06,Afternoon,4.9,10.1,41.9,73.4,43.2,17.14,89.8,87.3,3,1765.0,226.2,2163,286,75.9,113,None,None,0,Medium
IT-SWT-002,Switch,Network Room,HP ProCurve,2022-01-10,Afternoon,8.0,14.8,42.4,30.8,37.0,4.12,35.2,98.6,1,2520.0,219.0,401,173,90.2,38,None,None,0,Low
IT-FRW-001,Firewall,Network Room,Cisco ASA,2021-08-01,Morning,4.0,15.4,43.7,39.7,36.9,2.71,202.2,97.1,1,2750.0,186.2,454,132,94.3,4,Power Supply,Power Failure,1,Critical
IT-WRK-003,Workstation,Office,Windows 10,2021-02-21,Afternoon,3.1,28.0,76.3,65.8,35.0,9.73,150.4,85.4,3,2326.0,223.2,3012,112,93.3,167,None,None,0,Low
IT-SRV-004,Server,Data Center,Red Hat Linux,2022-09-19,Night,7.9,52.2,52.8,73.7,39.5,5.07,378.1,95.8,4,2446.0,222.3,6355,48,94.0,128,None,None,0,Low
IT-STR-001,Storage Device,Data Center,N/A,2022-07-10,Morning,0.7,10.8,27.5,39.0,34.3,13.12,200.9,89.7,2,1759.0,183.8,1615,73,97.0,1,Power Supply,Power Failure,1,Critical
IT-SWT-003,Switch,Network Room,HP ProCurve,2022-09-13,Morning,4.4,27.1,27.2,29.3,30.2,3.4,70.5,97.4,0,2604.0,219.7,1332,173,91.7,51,None,None,0,Low
IT-STR-001,Storage Device,Data Center,N/A,2023-03-11,Night,0.9,15.0,23.5,78.8,33.9,10.31,124.9,21.3,4,1819.0,205.5,6356,148,88.2,5,Battery,UPS Battery Failure,1,Critical
IT-STR-001,Storage Device,Data Center,N/A,2023-09-06,Morning,0.7,25.0,31.6,68.0,37.7,9.86,103.2,95.5,5,1707.0,218.0,2031,30,92.5,50,None,None,0,Low
IT-SWT-001,Switch,Network Room,HP ProCurve,2023-08-01,Afternoon,3.8,37.2,60.6,28.5,40.7,1.43,61.4,100.0,0,2383.0,219.4,4544,346,74.4,71,None,None,0,Medium
IT-RTR-003,Router,Network Room,Cisco IOS,2022-09-15,Night,1.8,21.2,34.7,26.0,33.8,1.67,65.5,96.2,2,2549.0,224.5,1915,294,76.6,134,None,None,0,Medium
IT-UPS-001,UPS,Power Room,N/A,2023-10-16,Morning,2.9,2.1,27.3,15.1,33.5,1.47,543.3,91.8,0,1973.0,205.8,6088,275,81.5,165,None,None,0,Medium
IT-WRK-004,Workstation,Office,Ubuntu 20.04,2022-04-10,Morning,4.1,59.4,83.3,42.1,39.9,5.56,173.0,78.3,1,2527.0,218.9,425,64,97.2,76,None,None,0,Low
IT-FRW-002,Firewall,Network Room,Fortinet FortiOS,2022-03-25,Night,5.1,28.9,48.6,4.0,41.2,2.49,73.5,95.4,1,2343.0,223.6,6931,234,84.1,141,None,None,0,Medium
IT-WRK-002,Workstation,Office,Windows 10,2021-04-05,Morning,7.2,24.1,27.3,56.2,33.5,4.91,169.0,89.0,4,2248.0,218.7,6049,85,94.0,174,None,None,0,Low
IT-STR-002,Storage Device,Data Center,N/A,2023-09-12,Night,4.7,29.0,30.1,76.0,33.3,7.27,86.9,86.7,3,1803.0,222.4,8734,326,71.9,99,None,None,0,Medium
IT-WRK-004,Workstation,Office,Ubuntu 20.04,2021-05-17,Morning,5.8,35.8,59.7,56.4,41.4,8.62,127.2,100.0,3,2323.0,218.9,3305,26,95.5,94,None,None,0,Low
IT-WRK-003,Workstation,Office,Ubuntu 20.04,2023-11-07,Night,4.9,16.7,88.5,49.9,33.6,5.82,181.7,91.5,2,2526.0,210.2,8426,304,72.2,145,None,None,0,Medium
IT-RTR-003,Router,Network Room,Juniper JunOS,2023-10-13,Morning,6.3,16.9,30.7,17.3,32.4,2.36,75.8,94.1,2,2420.0,217.4,5177,300,76.0,75,None,None,0,Medium
IT-RTR-001,Router,Network Room,N/A,2021-04-13,Afternoon,3.2,48.2,46.2,33.6,35.2,3.2,76.1,100.0,0,2504.0,213.6,5927,337,75.3,137,None,None,0,Medium
IT-WRK-001,Workstation,Office,Ubuntu 20.04,2021-09-21,Morning,5.9,15.0,98.0,54.0,54.1,3.06,104.5,68.5,12,1954.0,229.4,4002,177,66.1,0,Motherboard,Hardware Failure,1,Critical
IT-FRW-002,Firewall,Network Room,pfSense,2022-05-13,Night,6.7,32.9,41.5,25.1,31.0,3.35,85.8,96.8,0,2432.0,220.9,7224,12,100.0,54,None,None,0,Low
IT-RTR-001,Router,Network Room,N/A,2022-03-11,Afternoon,5.8,23.0,46.4,23.9,43.1,2.05,71.1,93.1,2,2335.0,215.1,121,170,89.0,180,None,None,0,Low
IT-SWT-002,Switch,Network Room,HP ProCurve,2023-08-05,Morning,0.9,41.6,39.2,35.9,29.5,1.53,90.0,97.7,1,2709.0,218.4,4808,147,92.8,124,None,None,0,Low
IT-STR-002,Storage Device,Data Center,N/A,2021-08-19,Afternoon,1.6,66.1,66.9,48.0,35.1,9.87,103.0,95.6,26,2118.0,217.8,6647,173,52.7,1,OS/Software,Software Crash,1,Critical
IT-PRT-001,Printer,Office,N/A,2021-05-05,Afternoon,7.2,17.4,45.2,76.0,30.4,10.21,116.4,94.6,2,1887.0,219.4,1785,8,97.0,133,None,None,0,Low
IT-SWT-001,Switch,Network Room,N/A,2021-09-25,Afternoon,6.4,27.6,45.6,35.4,50.8,2.85,65.7,98.9,8,2741.0,221.3,4901,228,74.2,0,Motherboard,Hardware Failure,1,Critical
IT-WRK-004,Workstation,Office,Windows 11,2023-08-20,Night,1.9,70.8,36.6,82.7,45.0,7.66,176.9,91.1,2,2159.0,224.3,7300,71,96.6,70,None,None,0,Low
IT-WRK-004,Workstation,Office,Windows 11,2021-08-08,Afternoon,5.2,39.9,45.7,67.1,34.6,11.38,172.3,86.1,2,1854.0,219.5,1856,89,97.0,132,None,None,0,Low
IT-UPS-002,UPS,Power Room,N/A,2021-01-13,Night,1.5,4.8,16.0,11.7,32.2,1.14,543.0,96.4,0,2076.0,216.2,2457,85,100.0,85,None,None,0,Low
IT-SWT-003,Switch,Network Room,HP ProCurve,2022-09-14,Morning,7.5,16.4,71.7,21.6,40.8,4.38,70.2,100.0,21,2556.0,221.1,8047,336,43.9,6,RAM,Memory Failure,1,Critical
IT-SWT-003,Switch,Network Room,HP ProCurve,2021-10-15,Night,2.1,40.4,27.4,32.6,41.6,5.64,84.4,100.0,1,2439.0,219.5,5187,242,83.3,80,None,None,0,Medium
IT-WRK-003,Workstation,Office,Ubuntu 20.04,2021-06-03,Morning,3.0,23.4,61.2,49.9,39.0,8.82,117.0,100.0,4,1914.0,220.4,1653,209,82.1,135,None,None,0,Medium
IT-SWT-002,Switch,Network Room,Cisco IOS,2023-02-28,Afternoon,5.8,27.1,36.3,19.6,35.3,2.76,68.3,100.0,0,2405.0,221.3,7302,195,89.5,52,None,None,0,Medium
IT-UPS-002,UPS,Power Room,N/A,2022-06-17,Afternoon,1.1,5.6,25.6,22.3,29.5,0.57,431.7,85.7,1,2118.0,220.2,2300,23,98.5,178,None,None,0,Low
IT-UPS-003,UPS,Power Room,N/A,2021-07-16,Afternoon,7.8,43.2,30.7,13.9,66.1,0.9,495.0,78.2,0,1447.0,215.8,2883,304,69.8,2,Cooling System,Overheating,1,Critical
IT-PRT-002,Printer,Office,N/A,2022-09-03,Afternoon,1.8,25.1,17.5,58.4,32.7,8.59,86.2,98.6,2,2028.0,220.5,2741,319,74.1,112,None,None,0,Medium
IT-PRT-001,Printer,Office,N/A,2023-06-13,Night,7.2,9.1,23.8,68.6,41.6,14.47,94.9,100.0,0,1754.0,223.3,3660,112,97.8,126,None,None,0,Low
IT-PRT-002,Printer,Office,N/A,2023-12-04,Night,5.0,23.0,22.6,69.6,38.0,16.65,84.1,86.1,4,1717.0,219.2,3460,263,76.7,68,None,None,0,Medium
IT-SWT-003,Switch,Network Room,Cisco IOS,2021-03-01,Morning,4.3,78.0,38.5,21.8,66.3,3.59,60.0,97.8,0,1771.0,219.1,795,232,72.8,5,Cooling System,Overheating,1,Critical
IT-FRW-002,Firewall,Network Room,Cisco ASA,2021-01-15,Afternoon,0.8,42.0,46.2,32.1,40.2,2.52,56.9,95.6,0,2531.0,220.6,6180,133,95.7,46,None,None,0,Low
IT-STR-001,Storage Device,Data Center,N/A,2023-06-28,Night,1.8,24.4,18.7,86.1,25.1,12.81,102.0,92.5,4,1983.0,217.3,6036,264,76.0,55,None,None,0,Medium
IT-SRV-004,Server,Data Center,Red Hat Linux,2023-08-07,Afternoon,3.2,48.9,100.0,37.6,39.5,3.58,262.6,100.0,20,2677.0,218.5,520,71,55.2,2,RAM,Memory Failure,1,Critical
IT-RTR-002,Router,Network Room,Cisco IOS,2021-05-29,Night,4.1,33.9,35.9,3.6,33.2,2.41,92.5,96.9,0,2449.0,215.0,7102,342,74.8,41,None,None,0,Medium
IT-SRV-003,Server,Data Center,Windows Server 2022,2022-09-10,Afternoon,1.4,43.8,64.9,52.4,41.8,0.1,321.6,99.2,0,2974.0,226.8,1939,270,82.0,51,None,None,0,Medium
IT-FRW-001,Firewall,Network Room,pfSense,2022-06-05,Afternoon,7.8,43.3,37.0,36.7,34.8,2.84,71.8,95.2,0,2437.0,220.4,1651,33,100.0,93,None,None,0,Low
IT-RTR-003,Router,Network Room,N/A,2022-06-06,Night,6.3,25.2,27.0,35.9,41.1,3.65,77.4,99.0,1,2750.0,221.4,3046,260,81.5,99,None,None,0,Medium
IT-SRV-001,Server,Data Center,Red Hat Linux,2021-02-06,Night,7.5,37.4,66.4,57.2,47.7,4.63,313.3,91.5,4,3104.0,215.9,2502,245,78.5,76,None,None,0,Medium
IT-WRK-003,Workstation,Office,Windows 10,2022-11-24,Afternoon,4.1,24.9,64.1,58.7,38.5,8.97,143.5,78.4,1,2676.0,218.1,3440,75,98.5,56,None,None,0,Low
IT-SWT-003,Switch,Network Room,HP ProCurve,2022-09-29,Night,3.0,40.1,48.4,24.9,38.8,3.7,76.5,100.0,2,2823.0,215.0,6400,176,88.4,175,None,None,0,Low
IT-SWT-001,Switch,Network Room,Cisco IOS,2022-08-28,Afternoon,0.6,81.9,43.9,30.1,82.1,2.58,93.7,98.1,1,1549.0,224.5,2100,305,49.3,0,Cooling System,Overheating,1,Critical
IT-SRV-005,Server,Data Center,Ubuntu 22.04,2021-04-16,Afternoon,2.0,63.0,65.2,63.7,34.6,4.38,306.2,95.1,1,2954.0,221.2,4444,190,88.5,31,None,None,0,Medium
IT-SRV-002,Server,Data Center,Red Hat Linux,2022-08-28,Afternoon,4.2,50.2,25.5,100.0,49.3,4.8,346.1,100.0,2,3061.0,216.7,2652,349,58.5,143,None,None,0,High
IT-WRK-001,Workstation,Office,Ubuntu 20.04,2023-09-28,Morning,6.0,57.8,66.4,63.2,39.9,2.65,146.9,90.3,4,2357.0,223.9,6832,82,94.0,146,None,None,0,Low
IT-SRV-002,Server,Data Center,Windows Server 2022,2022-05-03,Morning,4.8,36.3,74.1,80.7,48.1,6.21,427.8,93.4,1,3139.0,222.4,117,58,98.5,55,None,None,0,Low
IT-FRW-001,Firewall,Network Room,Fortinet FortiOS,2022-07-26,Afternoon,4.3,42.2,36.3,17.1,32.5,140.94,87.3,97.7,19,2508.0,219.1,205,259,54.6,7,Network Interface,Network Outage,1,Critical
IT-SWT-001,Switch,Network Room,HP ProCurve,2023-04-20,Afternoon,6.6,24.9,43.3,37.4,41.4,2.55,73.0,98.4,1,2430.0,221.5,6826,16,98.5,150,None,None,0,Low
IT-SRV-003,Server,Data Center,Red Hat Linux,2023-03-06,Night,1.3,65.7,70.8,51.2,40.6,5.17,439.0,99.9,3,2847.0,209.5,3635,309,73.6,162,None,None,0,Medium
IT-UPS-003,UPS,Power Room,N/A,2023-04-14,Morning,7.0,8.2,21.5,9.0,27.3,0.94,487.8,86.6,1,2045.0,218.3,4835,158,91.7,162,None,None,0,Low
IT-WRK-001,Workstation,Office,Windows 11,2022-04-18,Night,4.6,35.2,62.6,72.5,38.1,8.54,201.2,58.3,3,2107.0,214.5,5928,114,93.1,120,None,None,0,Low
IT-WRK-004,Workstation,Office,Windows 10,2021-01-25,Afternoon,1.6,53.4,82.2,51.1,25.7,9.87,184.2,86.7,2,2296.0,211.2,8089,90,96.1,155,None,None,0,Low
IT-STR-001,Storage Device,Data Center,N/A,2021-02-20,Morning,3.5,16.5,30.9,80.1,37.8,11.92,86.0,81.8,2,1584.0,216.2,2866,226,83.4,104,None,None,0,Medium
IT-RTR-003,Router,Network Room,Juniper JunOS,2023-04-25,Afternoon,6.7,30.4,39.9,66.5,54.9,1.1,74.4,99.1,19,2371.0,219.9,2847,44,71.5,0,Hard Disk,Disk Failure,1,Critical
IT-SRV-002,Server,Data Center,Windows Server 2019,2022-04-05,Night,4.2,55.7,73.1,38.2,28.2,8.82,424.2,99.3,0,2930.0,211.7,8475,213,87.7,103,None,None,0,Medium
IT-FRW-002,Firewall,Network Room,Cisco ASA,2021-07-27,Afternoon,0.8,66.7,62.3,32.2,56.6,1.74,94.9,96.2,27,2464.0,218.8,7534,62,58.2,1,CPU/RAM,Server Crash,1,Critical
IT-SWT-002,Switch,Network Room,Cisco IOS,2023-09-08,Morning,6.0,17.5,36.5,24.4,40.1,2.75,91.3,45.4,1,2416.0,190.8,5826,195,88.0,7,Battery,UPS Battery Failure,1,Critical
IT-FRW-002,Firewall,Network Room,Cisco ASA,2023-12-13,Afternoon,2.2,36.2,75.6,10.9,42.3,4.04,67.8,97.5,14,2524.0,219.7,143,190,69.0,3,RAM,Memory Failure,1,Critical
IT-SRV-005,Server,Data Center,Ubuntu 22.04,2021-03-05,Morning,5.7,30.9,64.2,56.4,43.0,6.6,378.5,95.9,1,3390.0,226.0,2075,208,86.7,163,None,None,0,Medium
IT-RTR-002,Router,Network Room,Cisco IOS,2021-09-16,Afternoon,7.8,30.7,34.7,17.1,42.4,3.7,81.7,96.2,0,2336.0,223.5,4735,295,79.5,38,None,None,0,Medium
IT-RTR-001,Router,Network Room,Cisco IOS,2023-08-29,Afternoon,2.7,29.7,38.9,28.3,37.4,3.52,66.2,98.0,2,2369.0,224.8,3265,301,75.9,113,None,None,0,Medium
IT-STR-001,Storage Device,Data Center,N/A,2021-06-26,Morning,5.9,14.1,36.6,71.8,25.7,9.53,97.5,93.9,0,1973.0,216.0,199,5,100.0,147,None,None,0,Low
IT-PRT-001,Printer,Office,N/A,2022-03-09,Afternoon,6.0,16.9,39.4,90.4,35.4,9.12,95.6,96.9,3,1896.0,218.2,3375,256,75.7,99,None,None,0,High
IT-SRV-005,Server,Data Center,Windows Server 2022,2023-05-01,Night,3.0,37.5,45.5,57.6,35.5,2.64,333.5,97.8,4,2937.0,223.1,2131,193,83.7,94,None,None,0,Medium
IT-WRK-001,Workstation,Office,Ubuntu 20.04,2022-09-10,Afternoon,5.5,41.7,72.0,55.5,39.0,6.91,92.7,90.3,5,2198.0,209.7,4311,248,76.7,98,None,None,0,Medium
IT-WRK-003,Workstation,Office,Windows 10,2021-10-31,Night,3.6,17.4,40.2,42.7,33.5,8.22,156.1,75.9,1,2213.0,219.7,1132,267,80.8,101,None,None,0,Medium
IT-SRV-003,Server,Data Center,Windows Server 2022,2023-12-10,Night,5.8,60.9,66.9,62.2,46.7,5.77,354.2,100.0,1,3090.0,218.3,7984,197,87.8,131,None,None,0,Medium
IT-PRT-001,Printer,Office,N/A,2022-11-30,Afternoon,5.6,24.3,44.6,77.4,37.0,5.77,91.5,92.2,1,1970.0,224.9,6356,281,79.4,159,None,None,0,Medium
IT-WRK-004,Workstation,Office,Windows 11,2021-07-29,Night,2.6,74.4,82.1,64.2,63.2,7.32,131.2,77.6,5,1879.0,216.6,5302,135,78.4,5,Cooling System,Overheating,1,Critical
IT-UPS-001,UPS,Power Room,N/A,2022-05-22,Morning,5.7,22.8,20.8,16.8,31.5,0.1,559.7,100.0,0,2043.0,234.0,340,219,87.1,164,None,None,0,Medium
IT-RTR-003,Router,Network Room,Juniper JunOS,2021-03-23,Afternoon,2.7,47.8,42.6,17.2,47.7,0.97,77.9,98.7,0,2570.0,219.0,547,31,100.0,100,None,None,0,Low
IT-UPS-003,UPS,Power Room,N/A,2021-03-07,Night,3.5,2.0,14.7,14.9,24.2,0.75,554.3,79.0,0,2060.0,214.4,4717,3,100.0,165,None,None,0,Low
IT-UPS-001,UPS,Power Room,N/A,2022-10-09,Afternoon,3.6,10.7,27.3,6.2,31.0,0.21,551.3,92.7,1,2057.0,205.8,5920,188,88.7,82,None,None,0,Medium
IT-STR-001,Storage Device,Data Center,N/A,2021-12-11,Afternoon,1.6,27.4,24.6,76.3,35.1,6.02,132.6,92.2,2,1858.0,225.1,5804,236,82.4,56,None,None,0,Medium
IT-FRW-002,Firewall,Network Room,Fortinet FortiOS,2021-12-17,Afternoon,5.3,33.0,27.4,26.3,47.7,4.17,87.4,97.3,0,2489.0,219.8,6122,219,87.1,106,None,None,0,Medium
IT-WRK-001,Workstation,Office,Windows 11,2021-11-02,Afternoon,5.2,35.3,37.6,60.1,39.9,9.24,126.9,79.3,5,1942.0,215.7,6229,357,65.8,70,None,None,0,Medium
IT-SWT-002,Switch,Network Room,Cisco IOS,2021-07-10,Night,1.9,21.2,40.0,20.9,46.8,3.76,97.8,96.6,0,2371.0,219.7,4089,297,79.3,67,None,None,0,Medium
IT-RTR-003,Router,Network Room,Cisco IOS,2022-01-06,Morning,7.3,45.4,36.1,35.9,26.5,2.32,69.0,98.3,1,2356.0,213.5,5279,252,82.3,58,None,None,0,Medium
IT-RTR-001,Router,Network Room,N/A,2023-10-16,Night,2.8,38.5,21.8,7.5,41.1,0.6,96.4,100.0,0,2355.0,223.3,6892,218,87.2,103,None,None,0,Medium
IT-UPS-003,UPS,Power Room,N/A,2023-09-30,Night,6.5,19.7,14.6,16.8,24.7,0.51,618.9,85.6,3,1940.0,213.0,4537,203,84.2,141,None,None,0,Medium
IT-FRW-002,Firewall,Network Room,pfSense,2022-05-18,Night,4.6,18.9,41.7,29.6,39.4,3.12,78.6,97.5,1,2755.0,219.2,6014,162,91.3,100,None,None,0,Low
IT-SRV-001,Server,Data Center,Windows Server 2022,2021-02-17,Morning,3.6,30.6,41.9,42.2,44.7,70.17,382.0,96.9,9,2964.0,218.1,7093,193,76.2,4,Network Interface,Network Outage,1,Critical
IT-SWT-001,Switch,Network Room,HP ProCurve,2023-06-27,Night,6.6,40.2,42.6,17.6,35.8,3.73,56.6,97.8,2,2673.0,220.1,4839,100,96.0,169,None,None,0,Low
IT-PRT-002,Printer,Office,N/A,2022-02-07,Morning,3.1,36.1,31.3,83.0,41.8,1.46,85.9,96.8,3,1804.0,217.3,6324,209,83.6,69,None,None,0,Medium
IT-RTR-003,Router,Network Room,N/A,2022-02-06,Night,7.1,44.3,39.0,18.4,37.4,4.69,76.6,99.0,1,2548.0,219.0,2880,299,77.6,75,None,None,0,Medium
IT-FRW-002,Firewall,Network Room,Fortinet FortiOS,2023-12-28,Morning,4.2,65.0,33.2,34.0,34.9,2.44,216.1,96.5,2,2722.0,183.6,3102,101,95.9,2,Power Supply,Power Failure,1,Critical
IT-SRV-001,Server,Data Center,Red Hat Linux,2021-05-18,Morning,8.0,67.4,51.3,61.4,46.1,1.72,445.4,92.7,1,3010.0,213.2,1982,98,97.7,172,None,None,0,Low
IT-SRV-004,Server,Data Center,Windows Server 2022,2023-01-06,Afternoon,2.4,9.9,50.8,60.0,35.2,4.14,467.5,92.0,4,2876.0,216.7,4424,160,87.0,174,None,None,0,Low
IT-SWT-003,Switch,Network Room,Cisco IOS,2023-01-02,Night,3.5,42.8,51.3,34.7,38.7,2.33,79.2,99.3,1,2637.0,223.3,249,147,92.8,54,None,None,0,Low
IT-SRV-005,Server,Data Center,Windows Server 2019,2021-03-22,Afternoon,1.8,24.6,64.1,69.8,47.1,4.2,413.2,90.0,3,2928.0,217.6,6274,95,95.0,156,None,None,0,Low
IT-SWT-003,Switch,Network Room,Cisco IOS,2023-06-18,Afternoon,6.0,31.3,25.0,51.4,40.8,4.16,62.9,100.0,1,2707.0,219.8,1903,174,90.1,67,None,None,0,Low
IT-FRW-002,Firewall,Network Room,Fortinet FortiOS,2022-07-23,Morning,5.3,40.1,21.1,37.2,36.9,3.4,86.5,99.3,0,2479.0,221.3,4817,80,100.0,118,None,None,0,Low
IT-STR-001,Storage Device,Data Center,N/A,2021-05-18,Night,2.9,27.8,32.0,48.8,39.9,0.1,90.5,84.4,4,1620.0,220.4,8368,335,69.5,45,None,None,0,Medium
IT-SRV-001,Server,Data Center,Windows Server 2019,2023-12-09,Night,3.3,72.2,82.2,59.2,55.6,4.19,303.2,96.6,3,3024.0,226.1,5552,63,93.1,106,None,None,0,Low
IT-SWT-003,Switch,Network Room,Cisco IOS,2022-07-12,Night,5.3,53.3,45.1,35.9,38.4,3.09,78.6,99.2,3,2584.0,220.9,8652,235,81.0,157,None,None,0,Medium
IT-PRT-001,Printer,Office,N/A,2021-01-11,Night,4.6,21.9,11.1,76.8,35.0,4.58,104.4,94.1,0,1886.0,213.3,1223,132,95.8,96,None,None,0,Low
IT-WRK-004,Workstation,Office,Windows 10,2023-07-30,Night,0.6,84.8,66.1,39.6,35.2,4.3,179.2,87.7,0,2173.0,218.5,1202,239,77.7,72,None,None,0,Medium
IT-RTR-001,Router,Network Room,Cisco IOS,2021-12-05,Night,2.0,57.6,36.4,32.2,44.5,5.18,89.8,100.0,0,2494.0,221.0,4024,272,81.8,180,None,None,0,Medium
IT-FRW-001,Firewall,Network Room,pfSense,2021-03-26,Morning,1.4,21.5,43.4,23.6,37.3,2.38,68.2,98.6,1,2552.0,219.4,466,107,96.8,114,None,None,0,Low
IT-UPS-001,UPS,Power Room,N/A,2023-11-19,Afternoon,7.7,8.7,18.2,23.4,32.8,0.93,542.7,90.3,0,2107.0,214.9,1426,142,94.8,117,None,None,0,Low
IT-STR-001,Storage Device,Data Center,N/A,2022-01-08,Night,6.7,19.4,34.7,98.0,44.9,10.3,122.9,86.8,25,1817.0,222.6,5960,308,32.9,2,Hard Disk,Disk Failure,1,Critical
IT-SWT-003,Switch,Network Room,HP ProCurve,2021-11-16,Night,2.0,37.5,33.9,16.5,35.4,2.74,74.4,100.0,1,2805.0,216.3,8320,326,74.9,79,None,None,0,Medium
IT-WRK-003,Workstation,Office,Windows 10,2022-08-02,Night,7.7,38.8,57.0,77.9,41.1,3.2,182.8,82.2,3,2773.0,218.0,1569,184,86.1,48,None,None,0,Medium
IT-SRV-002,Server,Data Center,Windows Server 2022,2023-05-20,Night,2.0,42.7,63.7,56.5,36.1,6.51,294.1,98.5,2,3057.0,214.9,4882,121,93.9,61,None,None,0,Low
IT-FRW-001,Firewall,Network Room,Fortinet FortiOS,2023-07-11,Afternoon,5.6,23.1,34.4,18.0,32.4,1.92,82.8,99.2,0,2805.0,218.6,2140,35,100.0,69,None,None,0,Low
IT-STR-002,Storage Device,Data Center,N/A,2021-02-11,Morning,0.5,15.8,26.3,88.1,38.7,15.85,107.9,97.0,1,1909.0,223.5,1627,275,78.1,59,None,None,0,Medium
IT-FRW-001,Firewall,Network Room,Fortinet FortiOS,2023-06-22,Night,7.7,46.1,39.6,24.0,43.0,1.45,94.8,97.1,3,2346.0,214.4,1274,104,94.1,34,None,None,0,Low
IT-RTR-003,Router,Network Room,N/A,2021-09-12,Night,4.4,37.2,47.5,33.4,36.7,124.28,52.8,97.1,8,2602.0,222.2,1747,297,67.3,5,Network Interface,Network Outage,1,Critical
IT-WRK-003,Workstation,Office,Windows 10,2023-07-21,Afternoon,2.2,40.8,56.5,63.1,39.3,8.22,162.6,88.7,2,2185.0,230.5,205,108,95.2,128,None,None,0,Low
IT-SRV-005,Server,Data Center,Windows Server 2019,2021-07-16,Afternoon,5.3,47.8,37.8,50.5,42.1,7.79,446.9,92.5,1,3396.0,223.7,8233,180,89.5,171,None,None,0,Low
IT-SWT-001,Switch,Network Room,HP ProCurve,2023-12-07,Night,2.9,40.2,32.6,28.4,36.8,2.69,69.2,98.4,0,2547.0,223.7,4942,168,92.2,46,None,None,0,Low
IT-SRV-003,Server,Data Center,Windows Server 2022,2023-08-31,Morning,8.0,32.2,48.5,48.1,52.4,6.29,407.5,97.1,17,2981.0,224.7,8104,324,51.1,1,Motherboard,Hardware Failure,1,Critical
IT-WRK-003,Workstation,Office,Windows 11,2022-05-06,Afternoon,5.3,62.6,69.7,53.3,34.9,5.74,164.7,83.1,4,2253.0,225.2,1006,61,94.0,38,None,None,0,Low
IT-UPS-002,UPS,Power Room,N/A,2021-07-05,Night,6.9,9.8,23.1,19.2,23.8,0.72,568.4,72.5,0,2089.0,218.1,1801,162,92.8,35,None,None,0,Low
IT-STR-002,Storage Device,Data Center,N/A,2021-11-08,Night,0.7,63.2,53.5,100.0,41.7,10.41,117.3,95.6,37,1636.0,221.2,2373,355,8.3,7,OS/Software,Software Crash,1,Critical
IT-STR-002,Storage Device,Data Center,N/A,2021-05-04,Morning,1.1,21.8,29.5,58.3,33.7,11.84,108.6,91.9,2,1669.0,217.8,5927,282,77.8,74,None,None,0,Medium
IT-PRT-001,Printer,Office,N/A,2023-07-24,Afternoon,5.9,18.9,38.1,75.5,40.5,13.76,99.3,90.3,0,1791.0,221.0,1124,5,100.0,116,None,None,0,Low
IT-STR-001,Storage Device,Data Center,N/A,2023-12-03,Morning,0.7,46.1,25.5,48.2,72.0,6.98,82.2,86.6,2,991.0,214.8,4626,284,64.0,2,Cooling System,Overheating,1,Critical
IT-SRV-003,Server,Data Center,Windows Server 2022,2021-06-20,Night,2.6,49.1,69.1,58.4,31.5,1.69,328.1,97.5,1,2907.0,218.8,5237,230,84.5,133,None,None,0,Medium
IT-WRK-001,Workstation,Office,Windows 10,2023-01-12,Night,4.4,55.4,42.8,43.1,49.0,11.56,117.8,89.1,1,2080.0,225.1,3700,7,98.5,148,None,None,0,Low
IT-SRV-001,Server,Data Center,Ubuntu 22.04,2022-11-27,Afternoon,5.7,56.7,48.0,52.0,38.1,5.25,284.6,89.6,1,3313.0,217.7,6841,292,78.3,113,None,None,0,Medium
IT-UPS-001,UPS,Power Room,N/A,2022-08-28,Afternoon,6.5,19.0,15.3,13.4,30.9,1.77,365.6,84.5,0,2097.0,219.7,6639,203,88.7,47,None,None,0,Medium
IT-UPS-003,UPS,Power Room,N/A,2023-06-12,Night,2.5,8.9,25.5,8.8,28.8,1.0,394.6,100.0,2,2143.0,193.1,8700,137,92.3,124,None,None,0,Low
IT-WRK-002,Workstation,Office,Ubuntu 20.04,2023-10-14,Night,1.5,55.3,82.5,68.0,52.1,5.17,168.2,68.3,15,2061.0,229.7,821,96,75.9,7,Motherboard,Hardware Failure,1,Critical
IT-WRK-002,Workstation,Office,Ubuntu 20.04,2023-04-21,Night,5.6,32.3,51.9,94.0,43.0,10.96,183.1,90.4,26,2059.0,222.3,2845,353,29.3,6,Hard Disk,Disk Failure,1,Critical
IT-WRK-004,Workstation,Office,Ubuntu 20.04,2023-04-27,Morning,3.5,70.6,70.4,61.1,39.6,8.13,103.6,89.8,2,2472.0,209.8,1666,3,96.7,31,None,None,0,Low
IT-PRT-001,Printer,Office,N/A,2023-09-28,Night,6.2,20.9,27.1,74.2,39.2,4.93,98.4,93.8,2,1832.0,223.1,5415,47,97.0,70,None,None,0,Low
IT-SRV-004,Server,Data Center,Windows Server 2022,2021-10-06,Night,4.4,46.3,58.0,54.8,39.6,5.13,298.5,94.7,3,3114.0,220.0,2188,88,95.5,87,None,None,0,Low
IT-FRW-002,Firewall,Network Room,pfSense,2021-05-16,Night,5.5,51.2,41.4,33.2,43.7,2.63,90.6,94.4,0,2761.0,221.5,7751,352,73.8,126,None,None,0,Medium
IT-SRV-005,Server,Data Center,Ubuntu 22.04,2021-01-25,Afternoon,1.7,28.9,72.6,53.6,47.1,5.44,304.5,90.0,1,2946.0,228.5,3414,238,83.7,175,None,None,0,Medium
IT-UPS-001,UPS,Power Room,N/A,2022-02-14,Morning,1.7,12.9,11.0,16.5,37.0,1.81,405.9,88.3,0,1851.0,224.6,1912,256,83.4,100,None,None,0,Medium
IT-RTR-002,Router,Network Room,Juniper JunOS,2023-08-04,Morning,4.0,28.9,39.4,33.4,47.3,2.19,101.5,94.7,0,2625.0,216.5,6561,93,99.7,143,None,None,0,Low
IT-RTR-001,Router,Network Room,N/A,2023-06-26,Night,7.9,17.1,45.8,30.5,37.9,3.18,170.2,95.7,0,2425.0,172.0,8550,266,82.4,6,Power Supply,Power Failure,1,Critical
IT-WRK-002,Workstation,Office,Windows 10,2023-10-19,Afternoon,7.4,1.2,36.1,69.3,35.2,8.94,118.6,88.8,4,2174.0,219.2,6946,333,69.7,84,None,None,0,Medium
IT-WRK-002,Workstation,Office,Windows 10,2021-05-08,Afternoon,3.4,57.2,15.6,70.4,37.9,12.06,94.4,93.7,5,2203.0,223.3,879,333,68.2,133,None,None,0,Medium
IT-PRT-002,Printer,Office,N/A,2023-04-03,Night,3.3,19.8,25.4,67.9,26.9,6.42,69.6,89.4,0,1772.0,217.0,3260,193,89.7,99,None,None,0,Medium
IT-UPS-003,UPS,Power Room,N/A,2021-06-10,Afternoon,2.1,15.4,22.5,11.7,28.5,1.17,399.2,73.0,1,1945.0,204.1,8233,40,98.5,130,None,None,0,Low
IT-SRV-004,Server,Data Center,Ubuntu 22.04,2022-09-26,Night,1.0,55.1,72.0,49.7,23.6,4.45,291.0,94.2,1,2665.0,212.2,7251,89,98.5,76,None,None,0,Low
IT-UPS-003,UPS,Power Room,N/A,2021-02-15,Morning,1.6,11.6,16.7,25.8,30.2,1.34,553.7,100.0,0,2059.0,241.3,6718,34,100.0,49,None,None,0,Low
IT-SRV-003,Server,Data Center,Ubuntu 22.04,2022-11-16,Night,5.9,30.9,84.7,40.2,32.6,5.19,320.5,99.0,6,3091.0,218.5,5304,41,89.1,110,None,None,0,Low
IT-WRK-003,Workstation,Office,Ubuntu 20.04,2022-07-25,Morning,6.8,30.2,71.8,52.0,44.3,7.52,187.0,87.5,4,1889.0,219.6,8737,35,94.0,142,None,None,0,Low
IT-RTR-001,Router,Network Room,Juniper JunOS,2023-05-30,Night,1.2,22.0,50.7,63.8,46.0,3.87,78.6,96.2,25,2632.0,218.6,4043,165,55.0,6,Hard Disk,Disk Failure,1,Critical
IT-STR-002,Storage Device,Data Center,N/A,2021-03-05,Night,6.2,32.8,39.4,79.5,39.3,14.78,89.7,88.3,2,1727.0,223.2,6886,318,74.2,70,None,None,0,Medium
IT-SRV-003,Server,Data Center,Red Hat Linux,2021-12-22,Afternoon,3.7,51.6,68.7,81.2,43.8,3.44,342.9,95.9,5,3081.0,219.2,1900,58,92.5,109,None,None,0,Low
IT-FRW-001,Firewall,Network Room,Cisco ASA,2023-03-24,Morning,4.9,50.9,51.4,40.0,50.8,3.13,108.8,100.0,1,2512.0,222.1,7975,261,81.4,118,None,None,0,Medium
IT-WRK-003,Workstation,Office,Windows 10,2021-06-28,Night,2.1,67.4,60.1,37.9,42.4,9.03,181.2,90.4,4,2217.0,222.9,654,86,94.0,65,None,None,0,Low
IT-SRV-002,Server,Data Center,Ubuntu 22.04,2023-01-23,Afternoon,7.9,91.1,100.0,54.3,60.5,4.94,397.1,100.0,23,3275.0,224.2,1930,356,13.9,6,CPU/RAM,Server Crash,1,Critical
IT-UPS-001,UPS,Power Room,N/A,2023-12-01,Morning,7.2,5.9,14.4,13.4,27.8,0.87,453.2,92.2,0,1881.0,224.4,4733,52,100.0,68,None,None,0,Low
IT-PRT-001,Printer,Office,N/A,2021-08-03,Morning,1.6,11.2,27.2,62.4,35.8,1.63,112.2,97.0,1,1825.0,216.8,7951,220,85.5,174,None,None,0,Medium
IT-SRV-003,Server,Data Center,Ubuntu 22.04,2021-01-22,Afternoon,1.6,65.7,77.8,59.4,36.4,2.26,393.9,95.8,2,3104.0,221.6,6660,231,82.9,175,None,None,0,Medium
IT-PRT-001,Printer,Office,N/A,2021-11-11,Night,7.7,18.6,26.3,97.9,27.7,5.88,112.1,92.0,3,1747.0,220.9,1541,341,62.7,50,None,None,0,High
IT-SRV-005,Server,Data Center,Windows Server 2022,2023-05-15,Night,5.5,47.3,55.5,61.9,46.4,6.16,329.4,97.4,4,3054.0,229.4,7760,237,79.3,128,None,None,0,Medium
IT-RTR-002,Router,Network Room,Cisco IOS,2023-07-30,Afternoon,3.0,28.6,37.4,33.0,47.7,1.98,63.8,99.1,1,2878.0,214.7,788,361,71.4,36,None,None,0,Medium
IT-RTR-001,Router,Network Room,N/A,2022-04-25,Afternoon,7.1,29.6,54.7,31.9,42.3,2.11,70.2,96.4,1,2824.0,223.9,718,230,84.5,36,None,None,0,Medium
IT-STR-001,Storage Device,Data Center,N/A,2023-05-02,Morning,1.9,18.3,29.0,72.6,35.3,7.92,138.7,96.4,4,1689.0,216.8,978,114,91.6,83,None,None,0,Low
IT-STR-001,Storage Device,Data Center,N/A,2022-02-22,Afternoon,2.2,19.9,31.6,69.8,30.9,13.08,69.7,91.2,2,1788.0,223.7,7409,109,95.1,151,None,None,0,Low
IT-WRK-004,Workstation,Office,Windows 10,2023-08-26,Morning,6.0,44.9,57.8,75.8,42.4,9.1,162.7,78.6,4,2121.0,219.0,5827,30,94.0,143,None,None,0,Low
IT-PRT-001,Printer,Office,N/A,2023-11-19,Night,6.7,23.2,76.5,50.8,35.9,19.56,101.0,92.5,16,1814.0,222.6,5447,155,69.5,5,RAM,Memory Failure,1,Critical
IT-SWT-003,Switch,Network Room,Cisco IOS,2023-07-05,Night,4.9,29.4,41.2,42.9,43.1,3.68,107.6,97.6,2,2304.0,221.7,1480,99,96.1,134,None,None,0,Low
IT-SRV-001,Server,Data Center,Ubuntu 22.04,2021-05-09,Morning,1.5,37.4,50.4,62.9,49.5,4.0,350.5,94.7,4,3134.0,214.2,7604,53,94.0,92,None,None,0,Low
IT-SRV-001,Server,Data Center,Red Hat Linux,2021-08-11,Morning,4.7,29.9,42.8,32.4,48.2,5.82,343.9,93.0,2,2721.0,215.9,2033,203,85.7,64,None,None,0,Medium
IT-UPS-002,UPS,Power Room,N/A,2021-10-11,Morning,1.7,11.0,22.3,21.4,26.8,65.2,605.7,98.2,17,1936.0,207.1,264,280,55.5,1,Network Interface,Network Outage,1,Critical
IT-FRW-001,Firewall,Network Room,Fortinet FortiOS,2021-03-12,Afternoon,4.2,33.9,30.7,31.2,35.0,2.53,93.6,100.0,1,2434.0,213.5,6756,48,98.5,133,None,None,0,Low
IT-PRT-001,Printer,Office,N/A,2023-05-29,Night,4.2,21.7,32.4,94.5,34.8,12.33,110.6,90.5,2,1965.0,219.2,1110,3,91.3,75,None,None,0,High
IT-SRV-001,Server,Data Center,Windows Server 2019,2023-03-26,Afternoon,0.6,40.2,66.9,64.3,44.5,3.8,504.8,89.8,1,2992.0,215.7,5577,117,95.8,36,None,None,0,Low
IT-SWT-003,Switch,Network Room,Cisco IOS,2021-12-15,Morning,4.7,42.9,37.9,28.9,43.0,2.25,78.8,95.8,1,2398.0,222.2,3685,267,80.8,110,None,None,0,Medium
IT-RTR-003,Router,Network Room,N/A,2021-09-20,Morning,7.2,40.1,44.8,35.9,36.0,3.71,79.0,98.5,3,2696.0,218.3,4948,131,91.4,174,None,None,0,Low
IT-UPS-003,UPS,Power Room,N/A,2023-01-14,Afternoon,3.4,11.1,15.5,19.2,27.7,1.53,444.6,93.3,0,1902.0,217.8,4212,204,88.6,120,None,None,0,Medium
IT-SRV-004,Server,Data Center,Red Hat Linux,2021-01-16,Morning,2.0,68.6,50.4,68.9,39.3,5.51,360.1,100.0,5,3296.0,221.5,896,52,92.5,169,None,None,0,Low
IT-SRV-001,Server,Data Center,Ubuntu 22.04,2022-04-04,Afternoon,2.6,56.0,80.5,74.5,45.1,4.17,300.9,100.0,3,3306.0,220.5,6893,78,95.3,136,None,None,0,Low
IT-SRV-001,Server,Data Center,Windows Server 2019,2021-01-18,Afternoon,7.5,39.8,62.1,49.9,49.1,8.45,293.2,94.0,0,2833.0,223.4,2069,289,80.1,43,None,None,0,Medium
IT-SWT-001,Switch,Network Room,HP ProCurve,2023-03-30,Morning,6.7,35.5,33.6,37.0,43.0,3.55,62.5,95.3,0,2330.0,216.8,7169,349,74.1,153,None,None,0,Medium
IT-RTR-003,Router,Network Room,N/A,2022-02-14,Afternoon,7.3,17.9,37.2,42.7,40.0,3.12,78.6,99.7,1,2453.0,223.5,2490,208,86.7,100,None,None,0,Medium
IT-RTR-001,Router,Network Room,Juniper JunOS,2021-10-07,Morning,5.9,40.0,42.8,21.9,42.2,1.86,101.8,96.9,0,2410.0,221.7,3343,77,100.0,98,None,None,0,Low
IT-FRW-002,Firewall,Network Room,Fortinet FortiOS,2023-04-22,Afternoon,5.7,21.4,47.7,36.6,39.1,2.22,72.8,98.8,0,2128.0,219.8,3599,123,96.7,179,None,None,0,Low
IT-WRK-003,Workstation,Office,Ubuntu 20.04,2022-06-10,Afternoon,2.7,35.6,80.6,48.6,38.3,8.91,136.9,79.9,3,2231.0,220.6,760,102,94.1,163,None,None,0,Low
IT-WRK-002,Workstation,Office,Windows 10,2021-12-26,Afternoon,1.9,36.9,48.9,63.8,41.2,6.99,128.2,91.3,3,2341.0,221.9,522,54,95.5,71,None,None,0,Low
IT-WRK-004,Workstation,Office,Windows 10,2021-05-17,Afternoon,6.9,47.8,63.7,83.5,25.5,10.42,196.8,93.5,1,2210.0,217.4,6385,19,98.5,165,None,None,0,Low
IT-RTR-001,Router,Network Room,Cisco IOS,2022-09-30,Morning,6.8,19.5,51.1,34.2,38.8,2.97,66.7,96.8,0,2295.0,218.6,2995,11,100.0,71,None,None,0,Low
IT-SRV-003,Server,Data Center,Windows Server 2019,2022-12-28,Afternoon,1.5,39.3,41.8,26.7,45.6,2.2,291.8,86.3,3,3407.0,223.7,7882,18,95.5,94,None,None,0,Low
IT-UPS-001,UPS,Power Room,N/A,2023-12-12,Morning,7.3,4.0,18.3,16.4,27.5,1.2,666.5,100.0,0,1853.0,218.2,4769,14,100.0,128,None,None,0,Low
IT-UPS-002,UPS,Power Room,N/A,2021-02-27,Night,5.4,12.0,16.2,22.8,35.5,1.26,511.3,95.8,3,2057.0,224.9,7355,306,73.9,138,None,None,0,Medium
IT-UPS-002,UPS,Power Room,N/A,2021-10-10,Afternoon,5.4,6.3,52.6,14.8,27.7,1.32,538.6,82.6,12,1867.0,226.2,7381,107,80.3,4,RAM,Memory Failure,1,Critical
IT-SRV-003,Server,Data Center,Ubuntu 22.04,2023-02-04,Night,3.0,38.8,53.3,35.9,42.8,3.99,436.1,97.0,4,3188.0,218.7,7746,287,74.3,133,None,None,0,Medium
IT-WRK-004,Workstation,Office,Windows 11,2022-11-25,Night,2.1,74.9,30.1,82.0,39.9,9.58,177.9,75.9,2,1952.0,219.7,6594,263,77.3,30,None,None,0,Medium
IT-FRW-001,Firewall,Network Room,Cisco ASA,2023-01-27,Afternoon,7.6,30.2,42.8,22.8,41.0,4.08,88.5,95.9,1,2313.0,219.9,4274,188,88.7,177,None,None,0,Medium
IT-RTR-003,Router,Network Room,Cisco IOS,2022-09-06,Afternoon,5.7,39.5,34.9,25.2,39.4,2.75,76.4,99.2,2,2509.0,220.1,4430,227,83.3,49,None,None,0,Medium
IT-SWT-001,Switch,Network Room,Cisco IOS,2023-01-14,Night,5.4,33.2,15.7,41.6,44.2,3.17,77.2,96.9,2,2357.0,217.6,7195,68,97.0,31,None,None,0,Low
IT-RTR-002,Router,Network Room,Juniper JunOS,2021-02-05,Night,1.6,24.5,29.1,18.8,41.2,3.52,52.7,98.3,0,2225.0,213.3,714,342,74.8,107,None,None,0,Medium
IT-WRK-002,Workstation,Office,Windows 10,2021-04-22,Night,6.8,56.2,23.3,52.6,39.0,9.18,114.9,93.6,2,2149.0,215.9,2333,126,93.4,54,None,None,0,Low
IT-WRK-001,Workstation,Office,Ubuntu 20.04,2022-09-22,Morning,3.5,42.2,64.3,53.2,45.5,6.14,181.6,73.4,3,2209.0,184.7,8365,349,69.6,5,Power Supply,Power Failure,1,Critical
IT-PRT-001,Printer,Office,N/A,2021-05-07,Morning,7.8,19.9,13.8,50.1,25.7,8.19,101.3,99.4,0,2053.0,220.5,1585,317,77.3,122,None,None,0,Medium
IT-SRV-002,Server,Data Center,Windows Server 2022,2021-03-27,Night,6.3,29.0,80.8,47.8,36.1,8.17,304.6,97.8,12,3068.0,216.6,2296,117,79.0,6,RAM,Memory Failure,1,Critical
IT-SWT-002,Switch,Network Room,HP ProCurve,2023-03-05,Afternoon,4.0,46.0,54.5,32.6,36.7,3.16,82.2,57.4,0,2949.0,205.6,1157,130,96.0,2,Battery,UPS Battery Failure,1,Critical
IT-WRK-003,Workstation,Office,Ubuntu 20.04,2021-02-01,Morning,4.0,42.9,47.4,73.8,29.1,9.21,156.7,93.7,3,2247.0,221.1,4980,190,85.5,69,None,None,0,Medium
IT-SRV-005,Server,Data Center,Windows Server 2022,2023-03-19,Night,4.1,43.8,98.4,62.1,34.5,4.69,389.3,91.0,0,3379.0,222.5,3322,5,92.6,46,None,None,0,Low
IT-UPS-003,UPS,Power Room,N/A,2023-05-08,Morning,1.6,2.1,17.5,15.9,35.3,1.24,533.5,99.6,1,1908.0,231.5,6499,168,90.7,144,None,None,0,Low
IT-SRV-002,Server,Data Center,Windows Server 2022,2022-02-16,Night,1.5,59.4,63.8,74.3,37.0,5.13,323.8,90.4,1,2712.0,216.9,4322,327,74.8,76,None,None,0,Medium
IT-SWT-002,Switch,Network Room,N/A,2021-03-18,Morning,1.5,26.7,49.6,21.7,40.4,3.39,77.8,98.7,1,2304.0,221.3,178,298,77.7,138,None,None,0,Medium
IT-FRW-002,Firewall,Network Room,Cisco ASA,2023-06-23,Night,2.8,18.6,27.1,23.9,36.2,4.55,99.4,98.4,0,2491.0,216.7,1447,83,100.0,108,None,None,0,Low
IT-PRT-001,Printer,Office,N/A,2022-08-21,Afternoon,1.1,25.4,36.0,44.2,35.2,17.23,104.6,93.5,0,1785.0,222.2,1377,358,73.2,171,None,None,0,Medium
IT-SRV-004,Server,Data Center,Windows Server 2022,2023-03-03,Night,1.3,29.1,70.4,49.0,41.5,2.54,399.4,99.3,2,2819.0,216.0,2407,87,97.0,153,None,None,0,Low
IT-FRW-001,Firewall,Network Room,Cisco ASA,2021-04-30,Night,1.0,37.7,58.9,17.3,39.3,1.69,54.0,97.9,2,2351.0,219.0,1750,80,97.0,159,None,None,0,Low
IT-PRT-001,Printer,Office,N/A,2023-03-31,Afternoon,6.8,36.0,37.3,75.3,30.5,9.17,100.4,88.3,3,2001.0,221.5,2287,239,80.6,105,None,None,0,Medium
IT-RTR-003,Router,Network Room,Juniper JunOS,2022-02-06,Night,2.5,31.3,33.3,17.5,36.0,1.57,82.1,100.0,1,2418.0,217.9,7480,235,84.0,155,None,None,0,Medium
IT-UPS-001,UPS,Power Room,N/A,2022-02-08,Night,3.6,9.5,20.4,12.9,26.2,160.21,479.5,86.0,7,2152.0,216.5,1744,211,77.4,3,Network Interface,Network Outage,1,Critical
IT-SRV-001,Server,Data Center,Windows Server 2019,2023-11-23,Afternoon,2.3,50.8,57.9,47.2,42.0,7.61,364.6,95.3,3,3123.0,215.5,4551,240,80.5,157,None,None,0,Medium
IT-UPS-003,UPS,Power Room,N/A,2021-12-22,Night,3.7,10.5,16.9,16.5,30.6,1.12,486.4,97.8,2,1927.0,220.2,2407,164,89.6,66,None,None,0,Low
IT-SRV-001,Server,Data Center,Windows Server 2022,2023-11-03,Morning,7.2,73.5,50.3,43.5,30.6,2.36,283.5,95.6,0,3028.0,220.4,2885,161,91.2,172,None,None,0,Low
IT-PRT-001,Printer,Office,N/A,2022-12-15,Afternoon,4.4,13.2,24.8,82.4,30.4,12.94,94.7,95.8,3,1814.0,208.6,249,40,95.5,152,None,None,0,Low
IT-SWT-001,Switch,Network Room,Cisco IOS,2021-04-30,Night,7.0,16.2,55.1,38.7,37.0,3.52,101.2,95.3,3,2488.0,221.8,6266,195,85.0,138,None,None,0,Medium
IT-UPS-001,UPS,Power Room,N/A,2021-09-07,Night,6.7,29.6,41.1,18.1,33.9,0.98,415.3,91.7,42,1993.0,209.8,4262,107,35.3,4,OS/Software,Software Crash,1,Critical
IT-STR-001,Storage Device,Data Center,N/A,2023-01-06,Afternoon,5.3,27.9,33.1,64.5,29.8,16.62,79.3,79.7,2,1823.0,223.3,4357,19,97.0,104,None,None,0,Low
IT-RTR-002,Router,Network Room,Cisco IOS,2021-10-20,Afternoon,1.8,55.1,22.8,27.1,31.2,3.25,93.0,97.8,1,2329.0,218.0,188,216,85.9,35,None,None,0,Medium
IT-UPS-001,UPS,Power Room,N/A,2022-09-05,Afternoon,1.8,11.7,21.7,17.5,32.0,1.11,417.5,89.6,0,1988.0,213.8,7937,245,84.5,107,None,None,0,Medium
IT-RTR-002,Router,Network Room,Juniper JunOS,2023-12-10,Night,2.2,38.1,22.7,39.0,33.0,2.52,89.6,97.7,1,2610.0,216.8,6045,15,98.5,96,None,None,0,Low
IT-UPS-001,UPS,Power Room,N/A,2022-05-17,Afternoon,1.1,17.4,26.0,21.5,30.7,1.56,602.6,100.0,2,2003.0,217.2,7043,284,77.6,129,None,None,0,Medium
IT-WRK-002,Workstation,Office,Windows 11,2023-06-19,Morning,6.8,81.2,73.1,67.3,45.0,7.91,123.2,92.8,2,1952.0,220.3,3926,114,89.0,135,None,None,0,Low
IT-FRW-001,Firewall,Network Room,Fortinet FortiOS,2023-07-05,Morning,4.7,45.4,38.8,26.3,37.4,4.42,100.0,98.5,2,2434.0,219.7,2725,71,97.0,119,None,None,0,Low
IT-FRW-001,Firewall,Network Room,pfSense,2023-06-13,Morning,6.8,37.7,34.8,48.5,38.7,4.86,94.2,95.4,2,2613.0,216.3,8621,234,82.6,97,None,None,0,Medium
IT-WRK-001,Workstation,Office,Windows 11,2021-12-17,Afternoon,1.3,48.8,48.8,60.1,44.9,7.5,129.1,82.3,3,2148.0,218.3,3275,195,85.0,106,None,None,0,Medium
IT-STR-002,Storage Device,Data Center,N/A,2023-04-27,Night,7.0,21.2,38.4,91.0,32.6,7.84,60.3,88.5,1,1744.0,222.1,7200,268,77.1,78,None,None,0,High
IT-RTR-001,Router,Network Room,N/A,2021-11-11,Night,5.2,60.4,75.4,27.0,68.3,3.29,82.7,97.3,25,2607.0,224.7,1319,292,31.7,0,CPU/RAM,Server Crash,1,Critical
IT-PRT-001,Printer,Office,N/A,2022-03-01,Afternoon,1.6,20.3,30.6,35.6,22.6,9.52,122.6,92.4,2,1560.0,220.2,7460,229,83.1,174,None,None,0,Medium
IT-RTR-002,Router,Network Room,N/A,2021-10-29,Night,4.9,37.8,35.0,25.8,41.3,2.37,77.5,51.5,1,2138.0,212.5,4699,222,85.3,3,Battery,UPS Battery Failure,1,Critical
IT-STR-001,Storage Device,Data Center,N/A,2023-07-30,Night,1.0,19.8,36.8,71.1,34.7,3.22,91.7,90.1,3,1933.0,219.6,4292,45,95.5,84,None,None,0,Low
IT-FRW-001,Firewall,Network Room,Fortinet FortiOS,2023-09-10,Morning,6.5,51.8,31.3,17.7,44.2,3.76,81.4,99.0,1,2434.0,217.9,4063,37,98.5,91,None,None,0,Low
IT-UPS-001,UPS,Power Room,N/A,2023-02-10,Night,1.5,12.3,22.6,19.6,29.2,0.92,665.6,87.2,0,2048.0,226.8,4299,63,100.0,69,None,None,0,Low
IT-WRK-003,Workstation,Office,Windows 11,2021-02-27,Morning,0.8,69.1,39.6,39.7,43.2,6.74,138.5,82.2,3,2494.0,224.8,8541,48,95.5,145,None,None,0,Low
IT-SRV-004,Server,Data Center,Windows Server 2022,2023-10-07,Morning,1.6,18.0,77.8,57.9,46.5,7.32,343.9,88.8,2,2928.0,221.1,3223,48,97.0,45,None,None,0,Low
IT-SRV-002,Server,Data Center,Ubuntu 22.04,2021-04-12,Morning,3.1,46.6,58.1,54.5,43.4,1.96,249.5,79.5,1,2697.0,217.8,4940,175,90.0,156,None,None,0,Low
IT-SRV-001,Server,Data Center,Ubuntu 22.04,2023-12-19,Night,0.9,25.7,59.9,49.9,45.6,5.67,385.9,92.9,2,3035.0,209.8,1435,268,79.2,127,None,None,0,Medium
IT-PRT-002,Printer,Office,N/A,2022-03-03,Night,3.9,25.4,25.0,69.7,26.8,16.49,118.8,82.6,1,1735.0,220.6,5120,300,77.5,131,None,None,0,Medium
IT-SRV-002,Server,Data Center,Windows Server 2019,2022-01-05,Night,5.4,52.2,60.8,48.9,34.1,1.02,261.2,88.3,1,2977.0,226.9,7986,284,79.1,128,None,None,0,Medium
IT-SRV-004,Server,Data Center,Ubuntu 22.04,2022-10-15,Night,3.5,25.2,71.3,59.0,46.7,4.55,353.4,91.5,3,3512.0,224.5,1527,306,73.9,87,None,None,0,Medium
IT-WRK-002,Workstation,Office,Windows 10,2021-01-30,Night,7.5,66.1,30.6,54.3,40.9,11.25,189.5,80.6,5,2271.0,218.0,1841,81,92.5,114,None,None,0,Low
IT-UPS-002,UPS,Power Room,N/A,2023-07-29,Night,1.9,3.1,24.1,17.7,30.3,0.67,367.3,95.8,2,1990.0,227.3,6751,103,95.7,48,None,None,0,Low
IT-FRW-002,Firewall,Network Room,pfSense,2022-11-05,Night,5.9,34.4,31.6,18.0,38.2,3.39,66.0,99.0,1,2782.0,220.1,2838,6,98.5,36,None,None,0,Low
IT-SRV-005,Server,Data Center,Red Hat Linux,2021-01-26,Morning,3.7,40.5,55.7,57.4,42.3,5.8,261.4,99.1,1,3013.0,218.3,2949,149,92.6,142,None,None,0,Low
IT-SRV-005,Server,Data Center,Ubuntu 22.04,2021-04-22,Night,6.0,44.6,50.5,59.8,34.1,141.59,359.9,92.8,11,2713.0,217.9,8325,38,83.5,5,Network Interface,Network Outage,1,Critical
IT-SRV-004,Server,Data Center,Windows Server 2019,2021-08-27,Morning,2.7,48.6,68.7,59.6,31.3,5.41,370.8,93.3,2,2672.0,224.5,2611,74,97.0,70,None,None,0,Low
IT-FRW-002,Firewall,Network Room,Fortinet FortiOS,2021-11-03,Morning,7.9,36.1,45.1,27.0,34.6,2.78,79.7,100.0,2,2397.0,224.0,8478,38,97.0,152,None,None,0,Low
IT-WRK-001,Workstation,Office,Windows 11,2021-01-05,Night,6.7,32.7,28.9,44.4,41.5,8.06,136.6,84.3,2,2264.0,211.8,7081,145,91.5,141,None,None,0,Low
IT-PRT-001,Printer,Office,N/A,2022-01-12,Afternoon,1.3,35.3,43.2,73.6,31.9,6.84,114.6,91.4,13,1875.0,218.4,1275,62,80.5,0,RAM,Memory Failure,1,Critical
IT-FRW-001,Firewall,Network Room,pfSense,2021-12-03,Afternoon,5.0,39.1,29.6,30.5,33.6,3.88,88.4,97.4,0,2590.0,219.5,1793,171,91.9,54,None,None,0,Low
IT-FRW-002,Firewall,Network Room,Fortinet FortiOS,2021-07-28,Morning,7.8,68.8,70.1,29.4,69.3,4.35,80.5,99.1,24,2449.0,217.1,1326,202,41.4,2,CPU/RAM,Server Crash,1,Critical
IT-UPS-002,UPS,Power Room,N/A,2023-09-09,Afternoon,4.2,51.0,56.8,22.4,62.1,0.63,533.1,81.6,20,2031.0,227.5,3240,361,37.2,4,CPU/RAM,Server Crash,1,Critical
IT-SWT-003,Switch,Network Room,HP ProCurve,2022-07-01,Afternoon,3.9,46.2,66.3,20.1,38.5,1.78,77.6,95.2,1,2451.0,219.5,760,228,84.7,81,None,None,0,Medium
IT-SWT-001,Switch,Network Room,N/A,2023-10-24,Morning,6.6,24.8,40.5,35.0,56.5,3.18,65.3,99.9,15,2477.0,218.2,4315,194,65.9,3,Motherboard,Hardware Failure,1,Critical
IT-PRT-001,Printer,Office,N/A,2021-01-21,Morning,6.8,26.7,29.8,82.2,39.0,13.91,87.7,98.8,5,1723.0,219.8,7098,180,83.5,51,None,None,0,Low
IT-WRK-004,Workstation,Office,Windows 11,2021-05-19,Afternoon,7.8,0.0,39.3,43.2,35.3,9.34,133.8,75.0,3,2112.0,214.1,8023,285,76.0,40,None,None,0,Medium
IT-UPS-003,UPS,Power Room,N/A,2021-04-09,Morning,3.8,4.3,19.2,13.8,32.1,0.98,460.9,93.7,0,1969.0,220.9,3312,180,91.0,108,None,None,0,Low
IT-SRV-002,Server,Data Center,Windows Server 2019,2023-04-23,Afternoon,3.1,53.9,84.3,62.7,41.1,3.63,331.6,100.0,1,3085.0,214.1,1154,345,71.3,30,None,None,0,Medium
IT-WRK-002,Workstation,Office,Windows 10,2021-06-15,Afternoon,3.6,0.0,47.8,67.2,34.5,1.29,150.0,73.3,0,2170.0,211.6,7863,312,77.8,114,None,None,0,Medium
IT-SWT-001,Switch,Network Room,Cisco IOS,2023-08-12,Morning,3.0,29.5,43.5,32.2,35.2,2.14,54.5,94.7,1,2362.0,219.9,2668,98,97.7,66,None,None,0,Low
IT-WRK-001,Workstation,Office,Ubuntu 20.04,2021-09-05,Morning,1.3,59.6,72.0,69.5,36.5,6.34,177.2,5.1,3,2078.0,194.0,4848,133,91.2,5,Battery,UPS Battery Failure,1,Critical
IT-RTR-001,Router,Network Room,Cisco IOS,2022-06-02,Afternoon,3.9,47.3,48.6,17.7,42.2,2.92,61.5,98.1,2,2654.0,222.7,3016,304,75.6,148,None,None,0,Medium
IT-UPS-002,UPS,Power Room,N/A,2022-06-22,Morning,7.1,9.8,22.7,15.9,32.3,0.77,480.7,75.3,3,1970.0,211.2,5875,170,87.5,165,None,None,0,Low
IT-UPS-002,UPS,Power Room,N/A,2021-12-31,Afternoon,3.1,15.3,28.4,15.0,29.8,1.05,507.7,16.9,1,1999.0,192.0,1001,87,98.5,3,Battery,UPS Battery Failure,1,Critical
IT-SRV-005,Server,Data Center,Red Hat Linux,2022-07-04,Afternoon,4.7,32.2,47.9,35.2,46.7,6.88,370.0,14.0,1,2980.0,202.9,1278,23,98.5,1,Battery,UPS Battery Failure,1,Critical
IT-SWT-002,Switch,Network Room,HP ProCurve,2023-05-23,Night,2.6,33.5,29.7,31.0,38.2,2.67,101.2,97.7,1,2618.0,226.7,2147,92,98.3,124,None,None,0,Low
IT-SRV-003,Server,Data Center,Windows Server 2022,2021-11-02,Morning,7.4,37.3,61.7,99.0,64.5,6.13,292.2,95.4,21,2762.0,213.4,468,172,44.3,3,Hard Disk,Disk Failure,1,Critical
IT-WRK-004,Workstation,Office,Ubuntu 20.04,2021-12-10,Afternoon,7.5,68.2,65.2,44.1,34.4,4.95,152.4,84.8,2,2181.0,219.6,2065,250,81.0,59,None,None,0,Medium
IT-RTR-001,Router,Network Room,Cisco IOS,2022-05-12,Afternoon,1.5,24.1,43.5,33.1,30.3,3.42,112.4,95.5,0,2719.0,218.7,8398,66,100.0,92,None,None,0,Low
IT-SRV-003,Server,Data Center,Red Hat Linux,2021-10-31,Morning,0.5,62.0,80.0,54.3,44.1,3.6,370.5,93.0,2,2824.0,219.7,5184,253,80.7,103,None,None,0,Medium
IT-UPS-002,UPS,Power Room,N/A,2023-05-22,Night,1.2,42.5,57.7,13.1,52.0,0.73,525.8,92.3,26,2176.0,214.3,4658,308,39.2,7,CPU/RAM,Server Crash,1,Critical
IT-STR-002,Storage Device,Data Center,N/A,2022-01-16,Night,3.5,18.0,23.8,60.9,35.1,13.5,33.8,100.0,0,1552.0,219.3,8516,115,97.5,129,None,None,0,Low
IT-RTR-002,Router,Network Room,Juniper JunOS,2023-08-23,Night,4.1,39.7,60.2,30.7,47.6,4.61,84.8,94.0,1,2768.0,222.6,4733,21,98.5,170,None,None,0,Low
IT-UPS-002,UPS,Power Room,N/A,2023-06-25,Night,6.8,17.6,27.0,16.5,44.0,1.32,402.1,92.2,12,1951.0,215.1,5789,341,56.9,3,Motherboard,Hardware Failure,1,Critical
IT-SWT-001,Switch,Network Room,N/A,2021-03-10,Morning,1.1,47.7,39.7,40.0,39.7,1.79,77.2,100.0,0,2543.0,218.3,1678,314,77.6,138,None,None,0,Medium
IT-SRV-003,Server,Data Center,Windows Server 2022,2023-01-02,Night,7.3,53.5,52.0,35.6,43.7,7.31,435.3,96.9,0,2620.0,215.9,4630,364,72.6,180,None,None,0,Medium
IT-UPS-003,UPS,Power Room,N/A,2021-12-03,Night,5.7,6.6,19.8,22.2,24.0,0.89,498.6,96.0,2,2136.0,224.3,4678,26,97.0,141,None,None,0,Low
IT-SRV-002,Server,Data Center,Windows Server 2022,2023-10-13,Morning,2.7,20.7,66.6,37.7,35.0,2.93,287.7,96.3,1,3332.0,221.8,2621,266,80.9,41,None,None,0,Medium
IT-FRW-002,Firewall,Network Room,Fortinet FortiOS,2021-06-29,Night,4.9,28.8,60.2,20.4,38.6,3.0,64.2,96.2,2,2370.0,216.4,227,5,97.0,62,None,None,0,Low
IT-PRT-002,Printer,Office,N/A,2023-12-14,Night,1.4,20.6,44.5,85.9,37.7,14.67,80.3,100.0,1,1762.0,223.9,8443,128,94.2,145,None,None,0,Low
IT-UPS-003,UPS,Power Room,N/A,2021-08-14,Night,0.8,21.7,28.7,14.7,34.7,1.06,591.3,73.5,1,2069.0,222.7,4354,199,87.6,144,None,None,0,Medium
IT-SWT-001,Switch,Network Room,N/A,2022-09-30,Afternoon,2.4,35.2,38.7,25.7,38.6,4.29,92.4,100.0,0,2308.0,220.7,5032,37,100.0,170,None,None,0,Low
IT-SWT-001,Switch,Network Room,N/A,2022-04-13,Morning,5.5,46.5,43.6,27.5,30.8,5.37,87.1,95.5,0,2480.0,217.8,2840,340,75.0,88,None,None,0,Medium
IT-SRV-004,Server,Data Center,Ubuntu 22.04,2021-03-20,Night,1.8,20.2,38.8,39.5,49.9,1.39,347.0,43.6,1,2864.0,190.3,945,223,85.2,2,Battery,UPS Battery Failure,1,Critical
IT-SWT-001,Switch,Network Room,HP ProCurve,2022-03-19,Night,5.5,11.0,48.6,36.9,30.2,4.0,93.2,97.6,0,2572.0,218.3,162,44,100.0,148,None,None,0,Low
IT-UPS-002,UPS,Power Room,N/A,2023-07-31,Afternoon,7.4,11.6,25.2,10.1,33.5,1.03,403.1,82.8,9,2035.0,220.2,6502,274,68.1,5,Motherboard,Hardware Failure,1,Critical
IT-PRT-002,Printer,Office,N/A,2023-12-05,Afternoon,1.5,42.4,38.1,77.7,70.3,8.58,99.2,82.7,2,1208.0,222.4,6726,32,84.8,1,Cooling System,Overheating,1,Critical
IT-WRK-002,Workstation,Office,Ubuntu 20.04,2021-08-22,Afternoon,5.6,57.6,59.8,86.1,45.1,6.91,160.0,87.8,2,2727.0,221.0,8526,169,88.4,102,None,None,0,Low
IT-SRV-001,Server,Data Center,Red Hat Linux,2023-08-15,Afternoon,5.9,21.3,52.5,64.5,37.5,4.98,342.0,91.1,3,3244.0,222.6,3343,215,83.0,150,None,None,0,Medium
IT-UPS-003,UPS,Power Room,N/A,2023-01-07,Night,7.9,4.7,24.3,12.5,28.0,1.88,416.3,97.9,0,1919.0,222.7,541,266,82.4,178,None,None,0,Medium
IT-WRK-003,Workstation,Office,Windows 10,2021-02-11,Afternoon,6.9,42.9,100.0,61.7,49.0,9.58,115.5,70.3,2,2400.0,214.5,5915,108,84.5,155,None,None,0,Low
IT-WRK-004,Workstation,Office,Windows 10,2022-10-15,Morning,2.5,0.0,16.2,57.6,36.8,7.16,137.0,86.9,2,2016.0,213.4,8296,51,97.0,142,None,None,0,Low
IT-PRT-001,Printer,Office,N/A,2023-10-01,Afternoon,1.0,15.2,35.4,51.5,43.5,11.65,101.0,89.6,2,1930.0,222.0,3108,326,73.4,52,None,None,0,Medium
IT-SWT-003,Switch,Network Room,N/A,2022-06-23,Morning,7.5,46.6,49.9,24.0,25.9,4.52,93.2,100.0,1,2314.0,219.5,4326,177,89.8,176,None,None,0,Low
IT-WRK-004,Workstation,Office,Ubuntu 20.04,2022-09-27,Morning,5.4,26.4,37.7,68.2,46.3,8.37,186.3,75.8,1,2161.0,224.8,7340,262,81.3,92,None,None,0,Medium
IT-UPS-002,UPS,Power Room,N/A,2021-07-10,Afternoon,3.3,7.9,19.8,22.7,34.9,0.64,459.6,87.2,0,1893.0,211.5,7950,115,97.5,113,None,None,0,Low
IT-WRK-001,Workstation,Office,Windows 10,2021-11-19,Night,4.6,63.0,69.1,52.3,41.7,10.94,135.1,94.6,2,2192.0,215.9,2787,324,73.6,81,None,None,0,Medium
IT-SRV-001,Server,Data Center,Windows Server 2019,2022-10-12,Afternoon,4.8,34.0,61.8,54.3,49.2,1.61,409.5,90.5,1,2907.0,212.7,4618,29,98.5,80,None,None,0,Low
IT-RTR-001,Router,Network Room,N/A,2021-05-19,Afternoon,7.0,63.2,53.1,29.2,34.2,2.73,86.8,96.6,1,2580.0,222.5,5699,31,98.5,161,None,None,0,Low
IT-SRV-003,Server,Data Center,Ubuntu 22.04,2023-04-02,Morning,6.9,49.2,55.5,59.2,41.9,5.68,398.9,95.2,1,3103.0,221.2,766,274,80.1,79,None,None,0,Medium
IT-SRV-002,Server,Data Center,Ubuntu 22.04,2022-01-21,Morning,4.2,39.1,66.0,67.3,41.6,5.16,365.1,91.2,3,3184.0,225.6,2991,356,68.9,170,None,None,0,Medium
IT-SRV-003,Server,Data Center,Red Hat Linux,2021-05-29,Afternoon,3.7,36.7,48.8,66.1,42.9,6.87,281.8,93.8,2,3057.0,226.2,1047,233,82.7,149,None,None,0,Medium
IT-SRV-004,Server,Data Center,Ubuntu 22.04,2023-05-01,Afternoon,6.8,100.0,43.1,49.0,68.4,4.46,363.9,99.5,2,2254.0,219.2,4235,242,55.6,0,Cooling System,Overheating,1,Critical
IT-SRV-001,Server,Data Center,Windows Server 2022,2021-11-23,Night,1.5,42.6,63.7,50.3,38.5,5.08,312.4,95.2,1,2946.0,226.8,2069,6,98.5,122,None,None,0,Low
IT-SRV-005,Server,Data Center,Windows Server 2022,2021-10-08,Night,2.2,35.7,82.0,63.2,34.6,6.8,431.6,100.0,1,2937.0,215.2,6544,98,96.9,151,None,None,0,Low
IT-STR-002,Storage Device,Data Center,N/A,2021-07-25,Morning,7.3,22.5,39.0,60.2,34.0,12.66,245.9,86.3,1,2004.0,189.2,6166,14,98.5,1,Power Supply,Power Failure,1,Critical
IT-FRW-002,Firewall,Network Room,pfSense,2023-09-01,Afternoon,1.1,34.4,26.9,19.4,42.8,1.59,106.8,99.6,1,2532.0,220.5,1075,344,73.1,145,None,None,0,Medium
IT-SWT-002,Switch,Network Room,HP ProCurve,2021-08-07,Afternoon,4.6,44.7,37.7,48.8,43.3,3.54,80.8,98.8,15,2539.0,220.9,6057,318,54.7,6,Hard Disk,Disk Failure,1,Critical
IT-SWT-003,Switch,Network Room,HP ProCurve,2021-04-22,Night,4.5,14.4,51.2,22.0,43.8,2.73,115.6,96.0,2,2645.0,225.4,3756,18,97.0,163,None,None,0,Low
IT-RTR-002,Router,Network Room,Cisco IOS,2022-02-28,Afternoon,6.3,26.7,43.4,34.8,39.1,2.43,112.0,98.6,2,2441.0,228.7,6822,277,78.3,50,None,None,0,Medium
IT-FRW-001,Firewall,Network Room,pfSense,2022-08-02,Afternoon,5.6,40.2,40.8,22.1,57.7,1.56,78.0,96.0,10,2373.0,216.4,6001,358,56.0,1,Motherboard,Hardware Failure,1,Critical
IT-FRW-002,Firewall,Network Room,Fortinet FortiOS,2022-06-30,Morning,3.5,21.6,31.2,14.6,36.3,2.87,101.0,97.1,2,2485.0,221.3,8577,298,76.2,85,None,None,0,Medium
IT-SRV-003,Server,Data Center,Windows Server 2022,2022-02-21,Morning,4.1,46.9,82.6,72.0,45.3,5.3,400.0,92.5,21,2594.0,220.1,7416,19,67.5,4,Hard Disk,Disk Failure,1,Critical
IT-WRK-001,Workstation,Office,Ubuntu 20.04,2023-04-22,Afternoon,6.9,16.6,39.6,63.3,27.8,6.55,130.0,67.9,2,2124.0,223.0,1055,157,90.3,155,None,None,0,Low
IT-STR-001,Storage Device,Data Center,N/A,2021-01-05,Night,4.9,23.6,18.8,66.7,29.5,5.5,109.9,93.2,0,1715.0,218.7,5080,312,77.8,98,None,None,0,Medium
IT-STR-002,Storage Device,Data Center,N/A,2021-09-02,Afternoon,4.8,13.1,33.0,73.5,29.9,12.07,73.8,94.4,4,1688.0,211.3,2699,67,94.0,71,None,None,0,Low
IT-SWT-003,Switch,Network Room,Cisco IOS,2021-04-18,Night,4.8,35.6,40.4,15.7,38.8,2.29,97.7,98.8,2,2617.0,221.5,7831,227,83.3,157,None,None,0,Medium
IT-WRK-001,Workstation,Office,Ubuntu 20.04,2022-08-10,Morning,2.2,42.1,52.8,65.4,40.9,5.04,142.0,100.0,5,2187.0,218.4,5399,250,76.5,119,None,None,0,Medium
IT-SRV-003,Server,Data Center,Ubuntu 22.04,2022-10-06,Night,2.2,33.6,28.2,53.6,52.7,5.66,346.2,98.9,3,3500.0,222.5,3618,237,80.8,149,None,None,0,Medium
IT-FRW-001,Firewall,Network Room,Cisco ASA,2022-03-13,Night,2.4,39.8,47.7,32.1,36.0,3.76,84.3,95.6,1,2400.0,222.0,6986,325,75.0,124,None,None,0,Medium
IT-SRV-002,Server,Data Center,Windows Server 2022,2021-04-07,Night,6.9,44.7,71.8,60.6,37.2,2.95,292.4,97.4,0,2925.0,225.4,1368,133,95.7,156,None,None,0,Low
IT-PRT-002,Printer,Office,N/A,2021-08-29,Night,4.1,16.0,32.1,43.9,41.0,14.16,118.7,88.0,3,1771.0,221.9,2975,359,68.6,60,None,None,0,Medium
IT-UPS-002,UPS,Power Room,N/A,2022-02-05,Afternoon,5.1,10.1,18.6,17.3,24.8,0.65,610.0,97.8,0,2002.0,218.6,5711,266,82.4,84,None,None,0,Medium
IT-RTR-003,Router,Network Room,Juniper JunOS,2021-09-05,Afternoon,5.2,37.9,42.5,42.5,40.3,4.09,55.2,100.0,0,2406.0,225.7,1488,312,77.8,73,None,None,0,Medium
IT-SWT-001,Switch,Network Room,HP ProCurve,2023-08-13,Night,4.1,44.3,42.8,24.8,54.6,3.23,83.0,99.3,1,2431.0,220.1,2285,207,86.8,151,None,None,0,Medium
IT-SRV-001,Server,Data Center,Red Hat Linux,2023-07-20,Afternoon,6.0,34.3,62.2,57.6,34.6,7.84,406.7,90.0,3,3097.0,177.4,5452,73,95.5,0,Power Supply,Power Failure,1,Critical
IT-STR-002,Storage Device,Data Center,N/A,2021-07-13,Afternoon,4.2,22.7,36.9,99.5,35.6,16.52,102.5,78.3,2,1759.0,220.8,3155,254,71.9,38,None,None,0,High
IT-UPS-001,UPS,Power Room,N/A,2023-02-21,Afternoon,3.5,5.5,9.9,11.5,25.7,0.18,535.9,92.3,0,2107.0,210.0,8355,123,96.7,167,None,None,0,Low
IT-FRW-001,Firewall,Network Room,Cisco ASA,2021-01-06,Morning,5.7,36.0,33.8,34.3,32.0,1.42,69.3,97.8,0,2359.0,219.2,8170,356,73.4,137,None,None,0,Medium
IT-RTR-003,Router,Network Room,Cisco IOS,2022-06-26,Night,7.8,31.9,44.5,32.3,48.1,1.26,75.1,95.3,2,2385.0,216.4,4147,94,96.6,41,None,None,0,Low
IT-WRK-001,Workstation,Office,Windows 10,2022-11-20,Afternoon,7.7,37.9,50.5,56.3,35.2,11.39,134.6,85.2,4,1949.0,221.9,8011,188,84.2,97,None,None,0,Medium
IT-WRK-001,Workstation,Office,Windows 10,2023-12-09,Night,6.5,13.8,95.0,54.2,40.9,8.4,259.4,95.9,2,2512.0,173.5,7033,244,75.6,1,Power Supply,Power Failure,1,Critical
IT-RTR-002,Router,Network Room,Cisco IOS,2022-11-17,Afternoon,7.9,29.4,47.3,43.7,37.5,3.23,65.2,50.7,1,2843.0,197.0,8082,119,95.6,0,Battery,UPS Battery Failure,1,Critical
IT-WRK-004,Workstation,Office,Windows 11,2023-03-26,Morning,6.5,27.7,50.3,83.4,38.3,9.36,187.9,94.0,1,2042.0,225.4,2889,329,74.6,111,None,None,0,Medium
IT-SRV-002,Server,Data Center,Windows Server 2022,2023-06-16,Morning,1.2,37.2,43.5,36.2,35.8,5.63,334.1,98.0,2,2926.0,220.1,7121,114,94.6,61,None,None,0,Low
IT-RTR-003,Router,Network Room,N/A,2022-12-22,Night,4.1,51.9,23.4,40.0,37.5,3.9,166.6,97.6,0,2533.0,169.4,6306,201,88.9,7,Power Supply,Power Failure,1,Critical
IT-UPS-003,UPS,Power Room,N/A,2023-10-06,Night,1.2,10.9,25.9,10.2,34.9,1.28,543.8,81.1,1,2006.0,220.0,3826,145,93.0,125,None,None,0,Low
IT-PRT-002,Printer,Office,N/A,2022-03-21,Afternoon,4.5,26.0,36.6,74.5,38.5,10.78,87.2,83.5,4,1926.0,223.1,3551,186,84.4,144,None,None,0,Medium
IT-FRW-002,Firewall,Network Room,Cisco ASA,2023-10-21,Night,2.4,34.6,42.8,18.7,43.3,2.76,89.3,98.6,1,2573.0,215.6,7579,165,91.0,137,None,None,0,Low
IT-SRV-004,Server,Data Center,Windows Server 2022,2022-09-28,Afternoon,0.8,59.8,66.6,59.5,32.9,6.99,289.4,100.0,4,3180.0,229.5,6920,44,94.0,31,None,None,0,Low
IT-FRW-001,Firewall,Network Room,pfSense,2022-07-31,Morning,7.3,55.6,25.8,12.1,38.5,3.54,120.4,97.2,0,2273.0,221.7,5521,263,82.7,119,None,None,0,Medium
IT-UPS-002,UPS,Power Room,N/A,2021-04-17,Afternoon,6.4,14.2,20.9,15.7,29.3,0.43,494.1,91.5,2,2073.0,235.2,2629,136,92.4,144,None,None,0,Low
IT-SRV-004,Server,Data Center,Red Hat Linux,2022-06-17,Afternoon,7.9,34.7,48.2,72.7,50.1,8.49,368.3,94.8,1,2811.0,215.5,4781,22,98.5,128,None,None,0,Low
IT-SRV-001,Server,Data Center,Ubuntu 22.04,2021-03-12,Afternoon,5.9,42.3,51.7,39.9,49.2,7.03,349.9,100.0,3,3288.0,220.9,7527,132,91.3,175,None,None,0,Low
IT-STR-002,Storage Device,Data Center,N/A,2023-04-15,Night,5.6,27.8,12.1,92.5,40.4,6.91,46.0,93.6,2,1636.0,215.0,7642,177,83.8,169,None,None,0,High
IT-RTR-003,Router,Network Room,Cisco IOS,2022-02-24,Morning,1.3,43.7,39.8,33.3,41.6,2.9,84.3,96.2,0,2599.0,215.8,3339,355,73.5,151,None,None,0,Medium
IT-UPS-003,UPS,Power Room,N/A,2023-12-22,Afternoon,5.4,6.7,30.8,8.2,35.8,0.94,415.2,71.4,0,2059.0,231.4,7332,72,100.0,167,None,None,0,Low
IT-PRT-001,Printer,Office,N/A,2022-08-26,Night,1.6,20.1,37.2,63.1,28.8,6.37,93.3,95.7,0,1433.0,222.0,8466,219,87.1,59,None,None,0,Medium
IT-STR-001,Storage Device,Data Center,N/A,2021-07-02,Afternoon,1.3,16.3,26.9,76.7,40.6,5.69,45.4,86.1,3,1533.0,227.4,1171,77,95.5,52,None,None,0,Low
IT-WRK-002,Workstation,Office,Windows 10,2023-07-03,Afternoon,1.5,96.3,74.1,60.5,81.3,5.83,99.8,100.0,4,1426.0,221.9,4892,17,59.8,2,Cooling System,Overheating,1,Critical
IT-WRK-003,Workstation,Office,Windows 11,2021-03-29,Afternoon,1.1,39.3,78.0,67.8,33.7,8.29,140.2,85.6,6,2271.0,216.3,779,260,74.0,120,None,None,0,Medium
IT-STR-001,Storage Device,Data Center,N/A,2022-02-11,Night,4.0,7.2,16.6,85.1,37.5,13.87,133.6,85.8,0,2129.0,215.1,5241,194,89.6,40,None,None,0,Medium
IT-UPS-001,UPS,Power Room,N/A,2022-11-18,Afternoon,3.8,16.6,19.8,11.2,36.2,1.62,433.2,100.0,1,1930.0,210.4,8147,311,76.4,114,None,None,0,Medium
IT-WRK-004,Workstation,Office,Windows 10,2022-01-29,Night,7.3,10.0,77.6,64.0,42.2,9.43,186.8,97.8,6,2151.0,224.2,7073,295,70.5,87,None,None,0,Medium
IT-SRV-003,Server,Data Center,Ubuntu 22.04,2023-11-04,Afternoon,4.3,46.9,62.6,74.3,50.6,5.64,308.7,86.5,2,2977.0,213.3,948,201,85.9,173,None,None,0,Medium
IT-WRK-004,Workstation,Office,Windows 10,2023-07-26,Night,6.4,5.9,59.8,86.6,40.4,8.87,178.9,84.9,2,2134.0,225.1,1518,351,69.9,79,None,None,0,Medium
IT-UPS-003,UPS,Power Room,N/A,2023-02-02,Afternoon,2.3,10.8,24.1,17.6,31.2,1.19,616.0,91.4,1,2102.0,235.3,5171,148,92.7,107,None,None,0,Low
IT-WRK-004,Workstation,Office,Windows 11,2021-01-02,Afternoon,4.2,56.7,46.7,79.7,64.9,7.3,118.4,83.8,7,1568.0,230.9,196,317,58.9,6,Cooling System,Overheating,1,Critical
IT-SRV-005,Server,Data Center,Red Hat Linux,2023-01-07,Night,2.7,34.1,71.6,63.2,48.0,6.16,353.2,84.6,2,2807.0,221.2,7419,126,93.4,105,None,None,0,Low
IT-RTR-003,Router,Network Room,N/A,2023-08-12,Morning,7.6,22.9,47.9,34.3,37.6,3.7,107.0,92.8,1,2523.0,219.0,4724,47,98.5,44,None,None,0,Low
IT-SWT-001,Switch,Network Room,N/A,2021-04-09,Morning,0.5,29.9,26.0,36.7,43.0,4.57,67.8,98.5,0,2306.0,219.3,6334,353,73.7,127,None,None,0,Medium
IT-SRV-001,Server,Data Center,Red Hat Linux,2022-01-29,Morning,7.3,36.7,68.9,64.8,41.4,5.61,325.4,92.9,2,3083.0,225.7,1388,307,75.3,82,None,None,0,Medium
IT-STR-001,Storage Device,Data Center,N/A,2022-03-06,Night,7.7,12.2,26.4,69.1,34.7,8.93,101.1,90.0,2,1810.0,221.2,8666,363,69.7,138,None,None,0,Medium
IT-SRV-002,Server,Data Center,Windows Server 2019,2023-01-30,Night,0.5,46.0,48.3,41.8,40.9,4.71,392.3,90.6,6,3253.0,210.6,3424,292,70.8,88,None,None,0,Medium
IT-PRT-001,Printer,Office,N/A,2022-01-04,Afternoon,3.3,9.7,33.8,69.3,30.1,8.68,138.1,92.2,2,1708.0,219.0,7849,124,93.6,155,None,None,0,Low
IT-SRV-003,Server,Data Center,Red Hat Linux,2021-05-08,Morning,7.6,47.8,61.4,77.7,44.4,8.01,384.8,96.4,11,3019.0,223.1,7125,98,82.7,7,Motherboard,Hardware Failure,1,Critical
IT-UPS-002,UPS,Power Room,N/A,2023-11-13,Afternoon,1.2,10.9,19.3,17.4,22.9,1.46,750.6,97.7,1,1931.0,224.7,6671,256,81.9,68,None,None,0,Medium
IT-FRW-002,Firewall,Network Room,Cisco ASA,2022-03-13,Morning,1.8,26.9,35.5,26.4,38.8,3.87,71.6,97.0,1,2176.0,222.5,3369,285,79.0,39,None,None,0,Medium
IT-RTR-002,Router,Network Room,Cisco IOS,2021-06-22,Night,7.3,34.8,32.1,24.7,38.6,2.61,78.9,100.0,0,2424.0,219.9,4280,159,93.1,95,None,None,0,Low
IT-SWT-003,Switch,Network Room,Cisco IOS,2021-11-16,Night,4.6,35.9,33.8,14.7,39.9,1.93,92.7,96.3,0,1961.0,224.7,3213,36,100.0,118,None,None,0,Low
IT-PRT-002,Printer,Office,N/A,2022-06-12,Morning,1.6,18.7,28.5,96.2,29.5,7.96,99.3,92.2,2,1709.0,216.3,3550,117,87.6,51,None,None,0,High
IT-UPS-002,UPS,Power Room,N/A,2023-11-29,Morning,2.5,6.1,21.7,12.8,41.3,1.2,396.3,94.5,1,1830.0,224.1,361,212,86.3,171,None,None,0,Medium
IT-PRT-001,Printer,Office,N/A,2023-02-28,Afternoon,5.5,38.4,27.0,53.4,61.2,8.23,120.3,96.4,1,836.0,214.6,3127,342,68.3,0,Cooling System,Overheating,1,Critical
IT-RTR-001,Router,Network Room,Juniper JunOS,2021-01-05,Afternoon,4.6,23.3,30.3,41.0,34.3,131.13,57.0,96.4,11,2594.0,223.1,7654,10,83.5,1,Network Interface,Network Outage,1,Critical
IT-FRW-002,Firewall,Network Room,pfSense,2021-07-02,Morning,0.9,34.4,57.9,26.1,36.2,4.4,82.5,94.2,2,2179.0,222.7,1425,150,91.0,81,None,None,0,Low
IT-UPS-002,UPS,Power Room,N/A,2022-09-18,Afternoon,1.1,6.2,24.1,14.6,27.8,0.41,562.7,89.8,1,2071.0,237.8,5478,351,72.4,122,None,None,0,Medium
IT-SRV-004,Server,Data Center,Red Hat Linux,2023-12-03,Morning,3.3,52.3,95.4,81.4,44.1,2.19,428.1,92.8,21,2822.0,215.1,5642,29,62.4,7,RAM,Memory Failure,1,Critical
IT-WRK-001,Workstation,Office,Windows 10,2022-03-04,Night,1.6,52.6,67.5,76.9,37.6,11.68,129.6,79.3,1,2050.0,220.8,6949,257,81.8,104,None,None,0,Medium
IT-WRK-003,Workstation,Office,Windows 11,2023-02-02,Afternoon,2.2,52.0,44.7,33.0,48.3,7.53,152.8,76.0,6,2129.0,214.2,1410,280,72.0,68,None,None,0,Medium
IT-STR-001,Storage Device,Data Center,N/A,2023-05-19,Afternoon,8.0,13.1,28.6,70.9,39.6,7.84,111.8,91.7,3,1904.0,223.2,1252,44,95.5,36,None,None,0,Low
IT-SWT-001,Switch,Network Room,N/A,2021-11-07,Afternoon,7.4,41.5,48.7,23.9,35.9,2.21,78.3,96.9,5,2344.0,218.9,8410,122,89.3,39,None,None,0,Low
IT-SWT-003,Switch,Network Room,N/A,2021-08-28,Night,1.0,88.2,50.5,32.5,62.0,3.23,80.4,95.3,25,2510.0,215.1,3090,2,47.8,4,CPU/RAM,Server Crash,1,Critical
IT-UPS-001,UPS,Power Room,N/A,2022-09-16,Night,3.5,6.1,16.2,14.1,31.9,1.29,582.6,71.3,2,2035.0,211.3,283,194,86.6,138,None,None,0,Medium
IT-WRK-001,Workstation,Office,Windows 10,2022-07-30,Afternoon,5.1,32.8,38.2,68.9,37.4,9.2,163.1,74.5,2,2310.0,221.0,7314,343,71.7,118,None,None,0,Medium
IT-SWT-002,Switch,Network Room,N/A,2022-06-03,Night,1.2,20.6,25.8,34.1,40.3,2.37,78.1,98.4,2,2284.0,216.4,788,242,81.8,100,None,None,0,Medium
IT-STR-002,Storage Device,Data Center,N/A,2023-08-23,Night,1.5,14.1,36.6,70.7,27.5,14.52,83.0,97.8,5,1741.0,222.2,1407,268,74.7,128,None,None,0,Medium
IT-SWT-002,Switch,Network Room,HP ProCurve,2023-10-10,Morning,3.0,51.0,47.3,20.7,42.6,3.31,99.4,97.8,0,2520.0,219.2,1155,208,88.2,158,None,None,0,Medium
